id,text,label
1,4587 تومن برای بیمه دادم,other
2,بلیط تئاتر 3168 تومن شد,entertainment
3,قبض گاز 4003 تومن شد,housing
4,کیف 205 تومن شد,shopping
5,3732 تومن لباس خریدم,shopping
6,کیف 1400 تومن شد,shopping
7,دارو 196 تومن شد,health
8,کیف 787 تومن شد,shopping
9,خرج متفرقه 3547 تومن شد,other
10,3832 تومن برای خرید غذا دادم,food
11,3131 تومن اشتراک خریدم,other
12,2344 تومن برای کفش دادم,shopping
13,822 تومن خرید اینترنتی کردم,shopping
14,2573 تومن اسنپ گرفتم,transport
15,4474 تومن خرج غذا شد,food
16,3192 تومن شهربازی رفتیم,entertainment
17,ویزیت پزشک 52 تومن شد,health
18,خرج متفرقه 792 تومن شد,other
19,1748 تومن برای خرید سوپر دادم,shopping
20,قبض گاز 3123 تومن شد,housing
21,بلیط تئاتر 2048 تومن شد,entertainment
22,غذا 2326 تومن شد,food
23,3894 تومن خرید اینترنتی کردم,shopping
24,421 تومن برای غذا دادم,food
25,4654 تومن لباس خریدم,shopping
26,شارژ موبایل 4123 تومن شد,other
27,3911 تومن اینترنت دادم,housing
28,2778 تومن برای خرید غذا دادم,food
29,در رستوران غذا 2043 تومن شد,food
30,252 تومن برای کفش دادم,shopping
31,غذای رستوران 114 تومن شد,food
32,3301 تومن خرج کنسرت شد,entertainment
33,856 تومن برای غذا دادم,food
34,اجاره 51 تومن شد,housing
35,خرج غذا 3031 تومن شد,food
36,درمانگاه 444 تومن شد,health
37,بولینگ 1173 تومن شد,entertainment
38,2760 تومن از داروخانه خرید کردم,health
39,1477 تومن از داروخانه خرید کردم,health
40,2344 تومن اتوبوس شد,transport
41,خرج متفرقه 2273 تومن شد,other
42,خرج غذا 3348 تومن شد,food
43,1039 تومن کمک خیریه کردم,other
44,تعمیرات خانه 4135 تومن شد,housing
45,328 تومن هدیه خریدم,other
46,خرج تفریح 2953 تومن شد,entertainment
47,3891 تومن اشتراک خریدم,other
48,بنزین 3546 تومن شد,transport
49,2698 تومن خرج غذا شد,food
50,1129 تومن برای غذا دادم,food
51,1608 تومن اینترنت دادم,housing
52,3669 تومن برای قبض برق دادم,housing
53,خرج متفرقه 2517 تومن شد,other
54,لوازم خانگی 3819 تومن شد,shopping
55,2962 تومن مترو شارژ کردم,transport
56,ویزیت پزشک 3932 تومن شد,health
57,در رستوران غذا 216 تومن شد,food
58,در رستوران غذا 2313 تومن شد,food
59,2606 تومن اینترنت دادم,housing
60,297 تومن برای قبض برق دادم,housing
61,دارو 1336 تومن شد,health
62,خرج متفرقه 987 تومن شد,other
63,بنزین 2827 تومن شد,transport
64,ویزیت پزشک 1765 تومن شد,health
65,غذا 2507 تومن شد,food
66,غذای رستوران 2933 تومن شد,food
67,2299 تومن برای خرید غذا دادم,food
68,بلیط تئاتر 2841 تومن شد,entertainment
69,966 تومن خرج غذا شد,food
70,خرج خانه 2782 تومن شد,housing
71,4675 تومن از داروخانه خرید کردم,health
72,854 تومن آزمایش دادم,health
73,دارو 939 تومن شد,health
74,2430 تومن برای بیمه دادم,other
75,درمانگاه 1401 تومن شد,health
76,1947 تومن مترو شارژ کردم,transport
77,426 تومن خرج کنسرت شد,entertainment
78,279 تومن مترو شارژ کردم,transport
79,3780 تومن شهربازی رفتیم,entertainment
80,1666 تومن خرج پارک شد,entertainment
81,کرایه تاکسی 2615 تومن شد,transport
82,1689 تومن کمک خیریه کردم,other
83,درمانگاه 1718 تومن شد,health
84,خرج لوازم تحریر 1698 تومن شد,shopping
85,غذای رستوران 4309 تومن شد,food
86,1816 تومن خرج سفر شد,other
87,1233 تومن برای کفش دادم,shopping
88,بلیط تئاتر 4053 تومن شد,entertainment
89,خرج تفریح 1214 تومن شد,entertainment
90,2655 تومن خرج پارک شد,entertainment
91,1902 تومن تاکسی اینترنتی گرفتم,transport
92,1126 تومن برای اسنپ دادم,transport
93,شارژ ساختمان 3576 تومن شد,housing
94,1630 تومن برای خرید پوشاک دادم,shopping
95,3752 تومن خرج کنسرت شد,entertainment
96,4749 تومن هدیه خریدم,other
97,3615 تومن قبض آب شد,housing
98,744 تومن اسنپ گرفتم,transport
99,1889 تومن برای اسنپ دادم,transport
100,قبض گاز 4002 تومن شد,housing
101,1372 تومن برای اسنپ دادم,transport
102,1182 تومن مترو شارژ کردم,transport
103,2331 تومن کمک خیریه کردم,other
104,740 تومن شهربازی رفتیم,entertainment
105,غذای رستوران 1966 تومن شد,food
106,شارژ ساختمان 2054 تومن شد,housing
107,کتاب 1032 تومن شد,other
108,غذای رستوران 2050 تومن شد,food
109,برای غذا 1512 تومن خرج کردم,food
110,989 تومن از داروخانه خرید کردم,health
111,3013 تومن اسنپ گرفتم,transport
112,3507 تومن خرید اینترنتی کردم,shopping
113,2036 تومن برای سینما دادم,entertainment
114,شارژ ساختمان 689 تومن شد,housing
115,غذای رستوران 3638 تومن شد,food
116,خرج غذا 966 تومن شد,food
117,692 تومن برای بازی دادم,entertainment
118,3427 تومن برای غذا دادم,food
119,خرج تفریح 1576 تومن شد,entertainment
120,3902 تومن برای غذا دادم,food
121,3001 تومن برای خرید پوشاک دادم,shopping
122,3164 تومن اسنپ گرفتم,transport
123,برای غذا 4562 تومن خرج کردم,food
124,1167 تومن خرج سفر شد,other
125,لوازم خانگی 181 تومن شد,shopping
126,2220 تومن خرج کنسرت شد,entertainment
127,3666 تومن برای خرید پوشاک دادم,shopping
128,کتاب 1636 تومن شد,other
129,کیف 796 تومن شد,shopping
130,4604 تومن شهربازی رفتیم,entertainment
131,4335 تومن خرج سفر شد,other
132,خرج متفرقه 476 تومن شد,other
133,1289 تومن خرج سفر شد,other
134,1889 تومن هدیه خریدم,other
135,4947 تومن برای غذا دادم,food
136,4177 تومن از داروخانه خرید کردم,health
137,3386 تومن برای اسنپ دادم,transport
138,3445 تومن اشتراک خریدم,other
139,448 تومن برای غذا دادم,food
140,خرج متفرقه 4119 تومن شد,other
141,غذا 2222 تومن شد,food
142,2147 تومن اسنپ گرفتم,transport
143,3541 تومن تاکسی اینترنتی گرفتم,transport
144,درمانگاه 3635 تومن شد,health
145,شارژ ساختمان 1313 تومن شد,housing
146,4748 تومن برای بیمه دادم,other
147,4342 تومن برای سینما دادم,entertainment
148,دندانپزشک 2151 تومن شد,health
149,خرید دارو 3026 تومن شد,health
150,دارو 1161 تومن شد,health
151,در رستوران غذا 3924 تومن شد,food
152,1326 تومن تاکسی اینترنتی گرفتم,transport
153,خرج خانه 4478 تومن شد,housing
154,خرج لوازم تحریر 3513 تومن شد,shopping
155,2742 تومن برای کفش دادم,shopping
156,3652 تومن خرج غذا شد,food
157,قبض گاز 4365 تومن شد,housing
158,4021 تومن برای خرید پوشاک دادم,shopping
159,4387 تومن برای بازی دادم,entertainment
160,1963 تومن تاکسی اینترنتی گرفتم,transport
161,4978 تومن شهربازی رفتیم,entertainment
162,2172 تومن اسنپ گرفتم,transport
163,غذای رستوران 866 تومن شد,food
164,ویزیت پزشک 494 تومن شد,health
165,1483 تومن برای قبض برق دادم,housing
166,در رستوران غذا 3629 تومن شد,food
167,567 تومن برای خرید غذا دادم,food
168,4647 تومن غذا گرفتم,food
169,غذای رستوران 2528 تومن شد,food
170,3076 تومن آزمایش دادم,health
171,1152 تومن برای قبض برق دادم,housing
172,ویزیت پزشک 508 تومن شد,health
173,تاکسی 4683 تومن شد,transport
174,شارژ ساختمان 901 تومن شد,housing
175,161 تومن اسنپ گرفتم,transport
176,3218 تومن برای کفش دادم,shopping
177,987 تومن غذا گرفتم,food
178,2932 تومن اینترنت دادم,housing
179,تعمیرات خانه 4405 تومن شد,housing
180,کتاب 1900 تومن شد,other
181,1265 تومن خرج غذا شد,food
182,خرج غذا 4873 تومن شد,food
183,864 تومن اتوبوس شد,transport
184,2946 تومن برای قبض برق دادم,housing
185,درمانگاه 515 تومن شد,health
186,4318 تومن خرج پارک شد,entertainment
187,4071 تومن خرج غذا شد,food
188,لوازم خانگی 323 تومن شد,shopping
189,کتاب 3866 تومن شد,other
190,2768 تومن از داروخانه خرید کردم,health
191,اجاره 4643 تومن شد,housing
192,1518 تومن خرج کنسرت شد,entertainment
193,خرید دارو 4429 تومن شد,health
194,برای غذا 3292 تومن خرج کردم,food
195,3094 تومن اسنپ گرفتم,transport
196,4730 تومن قبض آب شد,housing
197,برای غذا 1220 تومن خرج کردم,food
198,778 تومن خرج سفر شد,other
199,2298 تومن اینترنت دادم,housing
200,قبض گاز 1244 تومن شد,housing
201,4730 تومن برای کفش دادم,shopping
202,تعمیرات خانه 3785 تومن شد,housing
203,کتاب 1622 تومن شد,other
204,تاکسی 1648 تومن شد,transport
205,شارژ ساختمان 1958 تومن شد,housing
206,بنزین 4554 تومن شد,transport
207,3616 تومن اینترنت دادم,housing
208,خرج غذا 707 تومن شد,food
209,66 تومن برای خرید پوشاک دادم,shopping
210,دندانپزشک 3402 تومن شد,health
211,بنزین 4177 تومن شد,transport
212,146 تومن قبض آب شد,housing
213,2372 تومن دکتر گرفتم,health
214,4445 تومن خرج غذا شد,food
215,کتاب 1857 تومن شد,other
216,4354 تومن خرج پارک شد,entertainment
217,261 تومن خرج غذا شد,food
218,بولینگ 3106 تومن شد,entertainment
219,3702 تومن هدیه خریدم,other
220,غذا 1471 تومن شد,food
221,خرج لوازم تحریر 150 تومن شد,shopping
222,215 تومن از داروخانه خرید کردم,health
223,تعمیرات خانه 1774 تومن شد,housing
224,3573 تومن برای خرید غذا دادم,food
225,ویزیت پزشک 4770 تومن شد,health
226,3172 تومن برای بازی دادم,entertainment
227,در رستوران غذا 1976 تومن شد,food
228,شارژ ساختمان 234 تومن شد,housing
229,4503 تومن اینترنت دادم,housing
230,3517 تومن خرج غذا شد,food
231,1210 تومن برای بازی دادم,entertainment
232,4214 تومن آزمایش دادم,health
233,خرج غذا 711 تومن شد,food
234,3852 تومن خرج سفر شد,other
235,2163 تومن اینترنت دادم,housing
236,شارژ ساختمان 626 تومن شد,housing
237,شارژ ساختمان 605 تومن شد,housing
238,4687 تومن خرج پارک شد,entertainment
239,بنزین 742 تومن شد,transport
240,لوازم خانگی 2603 تومن شد,shopping
241,764 تومن مترو شارژ کردم,transport
242,دارو 1866 تومن شد,health
243,2114 تومن آزمایش دادم,health
244,خرج خانه 2399 تومن شد,housing
245,3064 تومن اشتراک خریدم,other
246,4080 تومن مترو شارژ کردم,transport
247,خرج تفریح 1011 تومن شد,entertainment
248,1577 تومن قبض آب شد,housing
249,3647 تومن خرج غذا شد,food
250,1621 تومن برای خرید سوپر دادم,shopping
251,1457 تومن برای خرید غذا دادم,food
252,دندانپزشک 3094 تومن شد,health
253,خرج خانه 3974 تومن شد,housing
254,4651 تومن خرج غذا شد,food
255,2160 تومن تاکسی اینترنتی گرفتم,transport
256,خرج لوازم تحریر 1907 تومن شد,shopping
257,کتاب 648 تومن شد,other
258,4834 تومن شهربازی رفتیم,entertainment
259,دندانپزشک 758 تومن شد,health
260,2193 تومن از داروخانه خرید کردم,health
261,شارژ موبایل 3686 تومن شد,other
262,غذا 3611 تومن شد,food
263,کتاب 1142 تومن شد,other
264,2022 تومن برای خرید غذا دادم,food
265,4478 تومن هدیه خریدم,other
266,4237 تومن برای خرید غذا دادم,food
267,خرید دارو 3187 تومن شد,health
268,3240 تومن برای غذا دادم,food
269,قبض گاز 854 تومن شد,housing
270,2913 تومن برای غذا دادم,food
271,907 تومن دکتر گرفتم,health
272,برای غذا 991 تومن خرج کردم,food
273,1781 تومن برای خرید سوپر دادم,shopping
274,لوازم خانگی 1528 تومن شد,shopping
275,945 تومن اتوبوس شد,transport
276,برای غذا 3832 تومن خرج کردم,food
277,4914 تومن برای خرید غذا دادم,food
278,بولینگ 1160 تومن شد,entertainment
279,دارو 3789 تومن شد,health
280,3605 تومن اسنپ گرفتم,transport
281,ویزیت پزشک 4111 تومن شد,health
282,اجاره 2123 تومن شد,housing
283,قبض گاز 1899 تومن شد,housing
284,تاکسی 1530 تومن شد,transport
285,2857 تومن مترو شارژ کردم,transport
286,879 تومن قبض آب شد,housing
287,خرید دارو 4502 تومن شد,health
288,1152 تومن هدیه خریدم,other
289,1018 تومن خرج پارک شد,entertainment
290,781 تومن خرج کنسرت شد,entertainment
291,غذا 4255 تومن شد,food
292,3912 تومن برای خرید سوپر دادم,shopping
293,2719 تومن برای قبض برق دادم,housing
294,اجاره 2546 تومن شد,housing
295,3029 تومن خرید اینترنتی کردم,shopping
296,کیف 262 تومن شد,shopping
297,3774 تومن برای خرید سوپر دادم,shopping
298,4411 تومن برای خرید پوشاک دادم,shopping
299,4238 تومن شهربازی رفتیم,entertainment
300,قبض گاز 1118 تومن شد,housing
301,463 تومن برای قبض برق دادم,housing
302,2689 تومن آزمایش دادم,health
303,کیف 3758 تومن شد,shopping
304,4761 تومن مترو شارژ کردم,transport
305,در رستوران غذا 396 تومن شد,food
306,3518 تومن دکتر گرفتم,health
307,541 تومن اسنپ گرفتم,transport
308,4297 تومن مترو شارژ کردم,transport
309,2381 تومن اینترنت دادم,housing
310,کتاب 935 تومن شد,other
311,تعمیرات خانه 2573 تومن شد,housing
312,1685 تومن دکتر گرفتم,health
313,کتاب 289 تومن شد,other
314,3105 تومن خرج سفر شد,other
315,126 تومن لباس خریدم,shopping
316,خرج خانه 4249 تومن شد,housing
317,1955 تومن اسنپ گرفتم,transport
318,قبض گاز 1522 تومن شد,housing
319,اجاره 3909 تومن شد,housing
320,کرایه تاکسی 4712 تومن شد,transport
321,2204 تومن برای قبض برق دادم,housing
322,ویزیت پزشک 1887 تومن شد,health
323,بلیط تئاتر 92 تومن شد,entertainment
324,کتاب 3027 تومن شد,other
325,غذا 3920 تومن شد,food
326,2476 تومن غذا گرفتم,food
327,درمانگاه 971 تومن شد,health
328,در رستوران غذا 2285 تومن شد,food
329,در رستوران غذا 4766 تومن شد,food
330,در رستوران غذا 1944 تومن شد,food
331,4569 تومن دکتر گرفتم,health
332,1207 تومن برای بیمه دادم,other
333,4425 تومن غذا گرفتم,food
334,غذا 4591 تومن شد,food
335,در رستوران غذا 3316 تومن شد,food
336,116 تومن خرج غذا شد,food
337,776 تومن از داروخانه خرید کردم,health
338,شارژ ساختمان 1694 تومن شد,housing
339,4779 تومن خرج کنسرت شد,entertainment
340,بنزین 4559 تومن شد,transport
341,518 تومن اتوبوس شد,transport
342,3839 تومن غذا گرفتم,food
343,726 تومن برای اسنپ دادم,transport
344,4610 تومن برای غذا دادم,food
345,خرج تفریح 92 تومن شد,entertainment
346,4787 تومن خرج کنسرت شد,entertainment
347,شارژ ساختمان 4156 تومن شد,housing
348,درمانگاه 4280 تومن شد,health
349,2413 تومن اسنپ گرفتم,transport
350,لوازم خانگی 2286 تومن شد,shopping
351,3459 تومن غذا گرفتم,food
352,1440 تومن خرج غذا شد,food
353,542 تومن کمک خیریه کردم,other
354,2572 تومن اینترنت دادم,housing
355,3540 تومن برای خرید پوشاک دادم,shopping
356,3370 تومن اسنپ گرفتم,transport
357,772 تومن دکتر گرفتم,health
358,1267 تومن برای کفش دادم,shopping
359,1584 تومن خرج غذا شد,food
360,غذا 3212 تومن شد,food
361,درمانگاه 2257 تومن شد,health
362,1642 تومن خرج سفر شد,other
363,در رستوران غذا 2946 تومن شد,food
364,61 تومن اتوبوس شد,transport
365,اجاره 284 تومن شد,housing
366,4462 تومن برای خرید غذا دادم,food
367,304 تومن غذا گرفتم,food
368,شارژ ساختمان 206 تومن شد,housing
369,1195 تومن تاکسی اینترنتی گرفتم,transport
370,1817 تومن تاکسی اینترنتی گرفتم,transport
371,3608 تومن تاکسی اینترنتی گرفتم,transport
372,در رستوران غذا 2605 تومن شد,food
373,خرج خانه 1470 تومن شد,housing
374,اجاره 858 تومن شد,housing
375,1664 تومن خرج پارک شد,entertainment
376,دندانپزشک 1449 تومن شد,health
377,خرج لوازم تحریر 934 تومن شد,shopping
378,اجاره 2676 تومن شد,housing
379,خرج خانه 2929 تومن شد,housing
380,تعمیرات خانه 3006 تومن شد,housing
381,بنزین 2944 تومن شد,transport
382,2640 تومن کمک خیریه کردم,other
383,4800 تومن برای خرید سوپر دادم,shopping
384,درمانگاه 4607 تومن شد,health
385,4377 تومن برای سینما دادم,entertainment
386,3577 تومن اینترنت دادم,housing
387,2365 تومن دکتر گرفتم,health
388,477 تومن برای خرید غذا دادم,food
389,1747 تومن غذا گرفتم,food
390,اجاره 4134 تومن شد,housing
391,4049 تومن غذا گرفتم,food
392,بولینگ 4706 تومن شد,entertainment
393,خرج لوازم تحریر 2363 تومن شد,shopping
394,3815 تومن برای بازی دادم,entertainment
395,قبض گاز 2283 تومن شد,housing
396,شارژ موبایل 2486 تومن شد,other
397,2320 تومن هدیه خریدم,other
398,بلیط تئاتر 4901 تومن شد,entertainment
399,2634 تومن خرج سفر شد,other
400,تاکسی 3800 تومن شد,transport
401,2952 تومن هدیه خریدم,other
402,2384 تومن برای خرید غذا دادم,food
403,درمانگاه 4390 تومن شد,health
404,خرج تفریح 2664 تومن شد,entertainment
405,971 تومن اشتراک خریدم,other
406,شارژ موبایل 1714 تومن شد,other
407,3683 تومن خرج غذا شد,food
408,1426 تومن تاکسی اینترنتی گرفتم,transport
409,3947 تومن برای بیمه دادم,other
410,3195 تومن تاکسی اینترنتی گرفتم,transport
411,خرج غذا 1775 تومن شد,food
412,قبض گاز 1378 تومن شد,housing
413,غذا 1005 تومن شد,food
414,1220 تومن برای کفش دادم,shopping
415,3774 تومن برای قبض برق دادم,housing
416,غذا 2778 تومن شد,food
417,3353 تومن آزمایش دادم,health
418,خرج لوازم تحریر 856 تومن شد,shopping
419,3000 تومن برای قبض برق دادم,housing
420,کتاب 3358 تومن شد,other
421,2522 تومن کمک خیریه کردم,other
422,خرج غذا 1069 تومن شد,food
423,917 تومن خرید اینترنتی کردم,shopping
424,بولینگ 61 تومن شد,entertainment
425,برای غذا 3292 تومن خرج کردم,food
426,خرید دارو 1824 تومن شد,health
427,قبض گاز 3047 تومن شد,housing
428,483 تومن کمک خیریه کردم,other
429,4097 تومن برای غذا دادم,food
430,در رستوران غذا 789 تومن شد,food
431,غذای رستوران 3926 تومن شد,food
432,تعمیرات خانه 1869 تومن شد,housing
433,997 تومن تاکسی اینترنتی گرفتم,transport
434,110 تومن از داروخانه خرید کردم,health
435,بلیط تئاتر 4610 تومن شد,entertainment
436,لوازم خانگی 1022 تومن شد,shopping
437,درمانگاه 4089 تومن شد,health
438,خرج غذا 3589 تومن شد,food
439,دندانپزشک 2356 تومن شد,health
440,2669 تومن دکتر گرفتم,health
441,2162 تومن دکتر گرفتم,health
442,3371 تومن اسنپ گرفتم,transport
443,خرج تفریح 1249 تومن شد,entertainment
444,4961 تومن آزمایش دادم,health
445,3595 تومن آزمایش دادم,health
446,2096 تومن برای اسنپ دادم,transport
447,در رستوران غذا 3340 تومن شد,food
448,363 تومن خرج غذا شد,food
449,دندانپزشک 3332 تومن شد,health
450,خرج تفریح 738 تومن شد,entertainment
451,قبض گاز 3573 تومن شد,housing
452,359 تومن آزمایش دادم,health
453,خرج غذا 426 تومن شد,food
454,خرج غذا 3107 تومن شد,food
455,برای غذا 464 تومن خرج کردم,food
456,3798 تومن قبض آب شد,housing
457,1479 تومن هدیه خریدم,other
458,تعمیرات خانه 3726 تومن شد,housing
459,596 تومن لباس خریدم,shopping
460,2784 تومن لباس خریدم,shopping
461,203 تومن برای خرید غذا دادم,food
462,تاکسی 2341 تومن شد,transport
463,1692 تومن قبض آب شد,housing
464,دارو 2046 تومن شد,health
465,2222 تومن برای خرید غذا دادم,food
466,1730 تومن برای خرید پوشاک دادم,shopping
467,لوازم خانگی 66 تومن شد,shopping
468,4016 تومن خرج کنسرت شد,entertainment
469,غذا 1313 تومن شد,food
470,4857 تومن از داروخانه خرید کردم,health
471,4624 تومن برای خرید سوپر دادم,shopping
472,شارژ ساختمان 3679 تومن شد,housing
473,765 تومن برای بیمه دادم,other
474,2417 تومن شهربازی رفتیم,entertainment
475,3403 تومن برای خرید پوشاک دادم,shopping
476,647 تومن از داروخانه خرید کردم,health
477,2080 تومن غذا گرفتم,food
478,4287 تومن خرید اینترنتی کردم,shopping
479,کیف 1501 تومن شد,shopping
480,خرید دارو 244 تومن شد,health
481,درمانگاه 2641 تومن شد,health
482,2805 تومن برای غذا دادم,food
483,3943 تومن برای قبض برق دادم,housing
484,دارو 1535 تومن شد,health
485,غذا 1878 تومن شد,food
486,2488 تومن خرید اینترنتی کردم,shopping
487,لوازم خانگی 97 تومن شد,shopping
488,برای غذا 4384 تومن خرج کردم,food
489,1492 تومن شهربازی رفتیم,entertainment
490,2727 تومن قبض آب شد,housing
491,1712 تومن برای خرید پوشاک دادم,shopping
492,در رستوران غذا 935 تومن شد,food
493,1573 تومن برای قبض برق دادم,housing
494,4103 تومن برای خرید پوشاک دادم,shopping
495,غذای رستوران 1955 تومن شد,food
496,3616 تومن آزمایش دادم,health
497,4042 تومن اسنپ گرفتم,transport
498,1657 تومن برای بازی دادم,entertainment
499,1992 تومن برای بیمه دادم,other
500,لوازم خانگی 2058 تومن شد,shopping
501,خرید دارو 3464 تومن شد,health
502,3400 تومن خرید اینترنتی کردم,shopping
503,تعمیرات خانه 4367 تومن شد,housing
504,4114 تومن برای خرید غذا دادم,food
505,1822 تومن برای خرید غذا دادم,food
506,4634 تومن برای قبض برق دادم,housing
507,1375 تومن خرج سفر شد,other
508,خرید دارو 880 تومن شد,health
509,در رستوران غذا 1230 تومن شد,food
510,اجاره 3183 تومن شد,housing
511,ویزیت پزشک 2188 تومن شد,health
512,3583 تومن خرج غذا شد,food
513,4204 تومن برای خرید سوپر دادم,shopping
514,2755 تومن برای اسنپ دادم,transport
515,غذا 1543 تومن شد,food
516,2869 تومن اسنپ گرفتم,transport
517,ویزیت پزشک 4889 تومن شد,health
518,تاکسی 2965 تومن شد,transport
519,1705 تومن برای قبض برق دادم,housing
520,قبض گاز 902 تومن شد,housing
521,1982 تومن برای بیمه دادم,other
522,2384 تومن برای کفش دادم,shopping
523,3432 تومن قبض آب شد,housing
524,در رستوران غذا 2202 تومن شد,food
525,1327 تومن دکتر گرفتم,health
526,1681 تومن لباس خریدم,shopping
527,خرج متفرقه 4306 تومن شد,other
528,خرج لوازم تحریر 3267 تومن شد,shopping
529,غذا 4861 تومن شد,food
530,ویزیت پزشک 1097 تومن شد,health
531,3508 تومن خرج غذا شد,food
532,2829 تومن هدیه خریدم,other
533,در رستوران غذا 993 تومن شد,food
534,درمانگاه 3852 تومن شد,health
535,2519 تومن تاکسی اینترنتی گرفتم,transport
536,3115 تومن خرید اینترنتی کردم,shopping
537,1187 تومن غذا گرفتم,food
538,کرایه تاکسی 1133 تومن شد,transport
539,غذا 3578 تومن شد,food
540,1365 تومن کمک خیریه کردم,other
541,1516 تومن تاکسی اینترنتی گرفتم,transport
542,اجاره 3073 تومن شد,housing
543,2101 تومن لباس خریدم,shopping
544,1935 تومن برای خرید سوپر دادم,shopping
545,کرایه تاکسی 1575 تومن شد,transport
546,3062 تومن کمک خیریه کردم,other
547,کتاب 4043 تومن شد,other
548,درمانگاه 3135 تومن شد,health
549,780 تومن برای خرید سوپر دادم,shopping
550,3508 تومن قبض آب شد,housing
551,خرج تفریح 236 تومن شد,entertainment
552,لوازم خانگی 876 تومن شد,shopping
553,2848 تومن لباس خریدم,shopping
554,4527 تومن اتوبوس شد,transport
555,1126 تومن خرج غذا شد,food
556,3023 تومن خرج سفر شد,other
557,ویزیت پزشک 3708 تومن شد,health
558,1589 تومن اسنپ گرفتم,transport
559,خرج خانه 3025 تومن شد,housing
560,1271 تومن دکتر گرفتم,health
561,4452 تومن برای اسنپ دادم,transport
562,3517 تومن کمک خیریه کردم,other
563,1695 تومن آزمایش دادم,health
564,1554 تومن برای اسنپ دادم,transport
565,2207 تومن اینترنت دادم,housing
566,بولینگ 815 تومن شد,entertainment
567,خرج غذا 1519 تومن شد,food
568,778 تومن اتوبوس شد,transport
569,3154 تومن اسنپ گرفتم,transport
570,2755 تومن خرج پارک شد,entertainment
571,2989 تومن برای سینما دادم,entertainment
572,219 تومن هدیه خریدم,other
573,1451 تومن مترو شارژ کردم,transport
574,3858 تومن برای قبض برق دادم,housing
575,3026 تومن برای بیمه دادم,other
576,170 تومن خرج غذا شد,food
577,4002 تومن برای خرید غذا دادم,food
578,1330 تومن برای خرید پوشاک دادم,shopping
579,شارژ ساختمان 2304 تومن شد,housing
580,3288 تومن اتوبوس شد,transport
581,2530 تومن شهربازی رفتیم,entertainment
582,غذا 1023 تومن شد,food
583,521 تومن اتوبوس شد,transport
584,4589 تومن تاکسی اینترنتی گرفتم,transport
585,2040 تومن برای خرید غذا دادم,food
586,4722 تومن هدیه خریدم,other
587,4490 تومن برای سینما دادم,entertainment
588,3840 تومن خرید اینترنتی کردم,shopping
589,بولینگ 2440 تومن شد,entertainment
590,خرج تفریح 2750 تومن شد,entertainment
591,تاکسی 3523 تومن شد,transport
592,3494 تومن از داروخانه خرید کردم,health
593,2864 تومن خرج کنسرت شد,entertainment
594,تاکسی 632 تومن شد,transport
595,بلیط تئاتر 3613 تومن شد,entertainment
596,967 تومن اشتراک خریدم,other
597,3975 تومن اسنپ گرفتم,transport
598,426 تومن دکتر گرفتم,health
599,درمانگاه 899 تومن شد,health
600,بولینگ 947 تومن شد,entertainment
601,قبض گاز 4786 تومن شد,housing
602,برای غذا 1527 تومن خرج کردم,food
603,خرید دارو 4656 تومن شد,health
604,درمانگاه 2637 تومن شد,health
605,93 تومن خرج غذا شد,food
606,305 تومن قبض آب شد,housing
607,3226 تومن خرج کنسرت شد,entertainment
608,2255 تومن برای اسنپ دادم,transport
609,شارژ ساختمان 4351 تومن شد,housing
610,قبض گاز 4996 تومن شد,housing
611,1952 تومن برای خرید غذا دادم,food
612,3867 تومن برای بازی دادم,entertainment
613,شارژ ساختمان 3418 تومن شد,housing
614,2133 تومن مترو شارژ کردم,transport
615,تاکسی 570 تومن شد,transport
616,2310 تومن غذا گرفتم,food
617,دارو 4999 تومن شد,health
618,1259 تومن غذا گرفتم,food
619,1306 تومن برای خرید غذا دادم,food
620,بولینگ 4136 تومن شد,entertainment
621,قبض گاز 3864 تومن شد,housing
622,در رستوران غذا 762 تومن شد,food
623,3633 تومن خرج غذا شد,food
624,1999 تومن از داروخانه خرید کردم,health
625,اجاره 2869 تومن شد,housing
626,کرایه تاکسی 3206 تومن شد,transport
627,1399 تومن کمک خیریه کردم,other
628,3332 تومن برای خرید غذا دادم,food
629,620 تومن برای قبض برق دادم,housing
630,1405 تومن برای سینما دادم,entertainment
631,کتاب 1983 تومن شد,other
632,ویزیت پزشک 1593 تومن شد,health
633,4044 تومن آزمایش دادم,health
634,ویزیت پزشک 3415 تومن شد,health
635,غذا 3453 تومن شد,food
636,بولینگ 1834 تومن شد,entertainment
637,ویزیت پزشک 2469 تومن شد,health
638,489 تومن خرج کنسرت شد,entertainment
639,4400 تومن شهربازی رفتیم,entertainment
640,کرایه تاکسی 2437 تومن شد,transport
641,لوازم خانگی 789 تومن شد,shopping
642,4627 تومن خرج پارک شد,entertainment
643,بنزین 992 تومن شد,transport
644,خرج لوازم تحریر 3905 تومن شد,shopping
645,1362 تومن خرج سفر شد,other
646,قبض گاز 4677 تومن شد,housing
647,260 تومن برای اسنپ دادم,transport
648,4075 تومن برای قبض برق دادم,housing
649,1650 تومن شهربازی رفتیم,entertainment
650,4087 تومن لباس خریدم,shopping
651,خرج متفرقه 85 تومن شد,other
652,4914 تومن شهربازی رفتیم,entertainment
653,225 تومن کمک خیریه کردم,other
654,697 تومن مترو شارژ کردم,transport
655,تاکسی 1447 تومن شد,transport
656,بولینگ 1174 تومن شد,entertainment
657,3472 تومن هدیه خریدم,other
658,790 تومن برای قبض برق دادم,housing
659,لوازم خانگی 1107 تومن شد,shopping
660,خرید دارو 1839 تومن شد,health
661,3733 تومن غذا گرفتم,food
662,2234 تومن هدیه خریدم,other
663,قبض گاز 1262 تومن شد,housing
664,4669 تومن شهربازی رفتیم,entertainment
665,4864 تومن خرید اینترنتی کردم,shopping
666,شارژ ساختمان 3233 تومن شد,housing
667,شارژ موبایل 2070 تومن شد,other
668,ویزیت پزشک 3311 تومن شد,health
669,2414 تومن اشتراک خریدم,other
670,کتاب 3371 تومن شد,other
671,تاکسی 1287 تومن شد,transport
672,4234 تومن برای بازی دادم,entertainment
673,592 تومن کمک خیریه کردم,other
674,2550 تومن غذا گرفتم,food
675,غذا 4582 تومن شد,food
676,566 تومن کمک خیریه کردم,other
677,کتاب 2824 تومن شد,other
678,درمانگاه 151 تومن شد,health
679,4005 تومن برای کفش دادم,shopping
680,4394 تومن برای غذا دادم,food
681,دارو 343 تومن شد,health
682,1190 تومن شهربازی رفتیم,entertainment
683,2700 تومن برای سینما دادم,entertainment
684,2161 تومن آزمایش دادم,health
685,2380 تومن برای کفش دادم,shopping
686,دارو 4485 تومن شد,health
687,2613 تومن اتوبوس شد,transport
688,خرج متفرقه 1736 تومن شد,other
689,3093 تومن خرج غذا شد,food
690,2227 تومن برای اسنپ دادم,transport
691,4095 تومن برای خرید غذا دادم,food
692,کرایه تاکسی 803 تومن شد,transport
693,3670 تومن برای خرید سوپر دادم,shopping
694,دندانپزشک 4056 تومن شد,health
695,قبض گاز 2142 تومن شد,housing
696,خرج خانه 1244 تومن شد,housing
697,1677 تومن آزمایش دادم,health
698,خرج لوازم تحریر 2545 تومن شد,shopping
699,908 تومن برای خرید پوشاک دادم,shopping
700,غذای رستوران 4960 تومن شد,food
701,بنزین 638 تومن شد,transport
702,1919 تومن اینترنت دادم,housing
703,424 تومن شهربازی رفتیم,entertainment
704,دارو 2987 تومن شد,health
705,خرج خانه 4803 تومن شد,housing
706,کیف 3735 تومن شد,shopping
707,3977 تومن شهربازی رفتیم,entertainment
708,312 تومن هدیه خریدم,other
709,شارژ موبایل 3381 تومن شد,other
710,4572 تومن از داروخانه خرید کردم,health
711,غذای رستوران 4459 تومن شد,food
712,2780 تومن خرج غذا شد,food
713,3164 تومن خرید اینترنتی کردم,shopping
714,دارو 4394 تومن شد,health
715,797 تومن خرج کنسرت شد,entertainment
716,1174 تومن برای سینما دادم,entertainment
717,برای غذا 3896 تومن خرج کردم,food
718,2954 تومن اسنپ گرفتم,transport
719,2860 تومن اتوبوس شد,transport
720,4836 تومن برای بیمه دادم,other
721,دارو 3404 تومن شد,health
722,1150 تومن از داروخانه خرید کردم,health
723,خرج تفریح 3061 تومن شد,entertainment
724,بنزین 4657 تومن شد,transport
725,1373 تومن برای خرید غذا دادم,food
726,ویزیت پزشک 4789 تومن شد,health
727,اجاره 987 تومن شد,housing
728,خرج خانه 4025 تومن شد,housing
729,318 تومن هدیه خریدم,other
730,دندانپزشک 2660 تومن شد,health
731,1165 تومن خرج کنسرت شد,entertainment
732,خرج خانه 2518 تومن شد,housing
733,435 تومن خرج غذا شد,food
734,4410 تومن اینترنت دادم,housing
735,3284 تومن برای بیمه دادم,other
736,1934 تومن دکتر گرفتم,health
737,2653 تومن هدیه خریدم,other
738,خرج تفریح 4273 تومن شد,entertainment
739,3708 تومن اینترنت دادم,housing
740,برای غذا 2530 تومن خرج کردم,food
741,کیف 253 تومن شد,shopping
742,4328 تومن اسنپ گرفتم,transport
743,896 تومن هدیه خریدم,other
744,3123 تومن تاکسی اینترنتی گرفتم,transport
745,لوازم خانگی 1471 تومن شد,shopping
746,خرج لوازم تحریر 114 تومن شد,shopping
747,خرید دارو 2906 تومن شد,health
748,برای غذا 164 تومن خرج کردم,food
749,2605 تومن برای بازی دادم,entertainment
750,شارژ موبایل 1237 تومن شد,other
751,لوازم خانگی 2249 تومن شد,shopping
752,3515 تومن اسنپ گرفتم,transport
753,غذای رستوران 529 تومن شد,food
754,2181 تومن اشتراک خریدم,other
755,1985 تومن برای سینما دادم,entertainment
756,1682 تومن اشتراک خریدم,other
757,4894 تومن برای غذا دادم,food
758,2479 تومن برای بیمه دادم,other
759,کرایه تاکسی 3145 تومن شد,transport
760,2146 تومن غذا گرفتم,food
761,1149 تومن مترو شارژ کردم,transport
762,بلیط تئاتر 560 تومن شد,entertainment
763,1965 تومن برای خرید غذا دادم,food
764,لوازم خانگی 2030 تومن شد,shopping
765,تاکسی 2426 تومن شد,transport
766,3510 تومن برای بیمه دادم,other
767,1560 تومن برای غذا دادم,food
768,شارژ ساختمان 3243 تومن شد,housing
769,1883 تومن برای اسنپ دادم,transport
770,4916 تومن برای بیمه دادم,other
771,2878 تومن خرج سفر شد,other
772,بنزین 3333 تومن شد,transport
773,4221 تومن خرید اینترنتی کردم,shopping
774,بولینگ 760 تومن شد,entertainment
775,1327 تومن برای قبض برق دادم,housing
776,973 تومن شهربازی رفتیم,entertainment
777,تعمیرات خانه 3314 تومن شد,housing
778,غذای رستوران 2390 تومن شد,food
779,4875 تومن دکتر گرفتم,health
780,710 تومن برای سینما دادم,entertainment
781,353 تومن برای خرید پوشاک دادم,shopping
782,367 تومن برای خرید غذا دادم,food
783,3184 تومن آزمایش دادم,health
784,1216 تومن خرید اینترنتی کردم,shopping
785,3335 تومن برای بیمه دادم,other
786,4301 تومن برای خرید غذا دادم,food
787,3069 تومن برای خرید سوپر دادم,shopping
788,بولینگ 1968 تومن شد,entertainment
789,3693 تومن برای بازی دادم,entertainment
790,1270 تومن خرید اینترنتی کردم,shopping
791,3158 تومن برای قبض برق دادم,housing
792,کیف 3769 تومن شد,shopping
793,برای غذا 4877 تومن خرج کردم,food
794,غذا 3292 تومن شد,food
795,شارژ ساختمان 1340 تومن شد,housing
796,ویزیت پزشک 1136 تومن شد,health
797,در رستوران غذا 3196 تومن شد,food
798,خرج لوازم تحریر 2225 تومن شد,shopping
799,تعمیرات خانه 1748 تومن شد,housing
800,3428 تومن از داروخانه خرید کردم,health
801,285 تومن کمک خیریه کردم,other
802,4314 تومن مترو شارژ کردم,transport
803,لوازم خانگی 4233 تومن شد,shopping
804,2054 تومن هدیه خریدم,other
805,برای غذا 2931 تومن خرج کردم,food
806,کرایه تاکسی 4911 تومن شد,transport
807,1078 تومن برای اسنپ دادم,transport
808,خرج تفریح 1693 تومن شد,entertainment
809,کتاب 1596 تومن شد,other
810,کیف 3856 تومن شد,shopping
811,963 تومن برای اسنپ دادم,transport
812,1921 تومن برای سینما دادم,entertainment
813,خرج تفریح 2576 تومن شد,entertainment
814,در رستوران غذا 4372 تومن شد,food
815,غذای رستوران 612 تومن شد,food
816,خرج خانه 484 تومن شد,housing
817,2526 تومن قبض آب شد,housing
818,1824 تومن برای خرید سوپر دادم,shopping
819,اجاره 2105 تومن شد,housing
820,775 تومن برای کفش دادم,shopping
821,بولینگ 1159 تومن شد,entertainment
822,4537 تومن از داروخانه خرید کردم,health
823,4332 تومن دکتر گرفتم,health
824,272 تومن برای خرید سوپر دادم,shopping
825,3849 تومن دکتر گرفتم,health
826,3701 تومن برای بازی دادم,entertainment
827,1861 تومن لباس خریدم,shopping
828,1641 تومن دکتر گرفتم,health
829,تعمیرات خانه 4231 تومن شد,housing
830,2068 تومن خرج کنسرت شد,entertainment
831,خرج متفرقه 1137 تومن شد,other
832,غذای رستوران 4804 تومن شد,food
833,915 تومن دکتر گرفتم,health
834,1405 تومن تاکسی اینترنتی گرفتم,transport
835,خرج متفرقه 2877 تومن شد,other
836,کتاب 4696 تومن شد,other
837,474 تومن لباس خریدم,shopping
838,کتاب 4023 تومن شد,other
839,4275 تومن برای سینما دادم,entertainment
840,688 تومن قبض آب شد,housing
841,2037 تومن خرج پارک شد,entertainment
842,اجاره 2440 تومن شد,housing
843,خرج غذا 396 تومن شد,food
844,لوازم خانگی 1396 تومن شد,shopping
845,2560 تومن اشتراک خریدم,other
846,بولینگ 1313 تومن شد,entertainment
847,بولینگ 1487 تومن شد,entertainment
848,قبض گاز 3954 تومن شد,housing
849,879 تومن خرید اینترنتی کردم,shopping
850,3786 تومن برای اسنپ دادم,transport
851,4268 تومن برای اسنپ دادم,transport
852,504 تومن خرج پارک شد,entertainment
853,خرج غذا 1813 تومن شد,food
854,1377 تومن لباس خریدم,shopping
855,1125 تومن هدیه خریدم,other
856,1514 تومن از داروخانه خرید کردم,health
857,شارژ ساختمان 2867 تومن شد,housing
858,1626 تومن برای خرید سوپر دادم,shopping
859,3963 تومن اسنپ گرفتم,transport
860,4125 تومن خرید اینترنتی کردم,shopping
861,751 تومن غذا گرفتم,food
862,خرید دارو 258 تومن شد,health
863,4713 تومن برای خرید پوشاک دادم,shopping
864,قبض گاز 2665 تومن شد,housing
865,شارژ موبایل 2260 تومن شد,other
866,تعمیرات خانه 4223 تومن شد,housing
867,درمانگاه 434 تومن شد,health
868,2410 تومن هدیه خریدم,other
869,2757 تومن اینترنت دادم,housing
870,1926 تومن اتوبوس شد,transport
871,خرج خانه 783 تومن شد,housing
872,برای غذا 471 تومن خرج کردم,food
873,4561 تومن خرج پارک شد,entertainment
874,4626 تومن دکتر گرفتم,health
875,غذا 620 تومن شد,food
876,766 تومن دکتر گرفتم,health
877,بولینگ 4104 تومن شد,entertainment
878,بلیط تئاتر 3480 تومن شد,entertainment
879,693 تومن برای بیمه دادم,other
880,4010 تومن از داروخانه خرید کردم,health
881,4968 تومن کمک خیریه کردم,other
882,شارژ موبایل 1049 تومن شد,other
883,بولینگ 3968 تومن شد,entertainment
884,4994 تومن اشتراک خریدم,other
885,918 تومن برای اسنپ دادم,transport
886,3331 تومن برای بازی دادم,entertainment
887,تاکسی 618 تومن شد,transport
888,3799 تومن خرج سفر شد,other
889,خرج تفریح 1990 تومن شد,entertainment
890,خرج خانه 4784 تومن شد,housing
891,3507 تومن خرید اینترنتی کردم,shopping
892,4192 تومن خرج پارک شد,entertainment
893,2141 تومن برای بیمه دادم,other
894,در رستوران غذا 4569 تومن شد,food
895,865 تومن هدیه خریدم,other
896,بلیط تئاتر 4871 تومن شد,entertainment
897,غذای رستوران 3535 تومن شد,food
898,4145 تومن برای قبض برق دادم,housing
899,99 تومن برای اسنپ دادم,transport
900,خرج غذا 4215 تومن شد,food
901,3936 تومن لباس خریدم,shopping
902,4412 تومن مترو شارژ کردم,transport
903,شارژ موبایل 425 تومن شد,other
904,بولینگ 812 تومن شد,entertainment
905,430 تومن دکتر گرفتم,health
906,خرج خانه 2272 تومن شد,housing
907,741 تومن برای بیمه دادم,other
908,خرج متفرقه 3424 تومن شد,other
909,4180 تومن برای خرید غذا دادم,food
910,3948 تومن برای خرید سوپر دادم,shopping
911,2377 تومن اشتراک خریدم,other
912,تاکسی 1595 تومن شد,transport
913,غذا 2639 تومن شد,food
914,75 تومن برای بیمه دادم,other
915,بولینگ 3726 تومن شد,entertainment
916,کتاب 1272 تومن شد,other
917,861 تومن اسنپ گرفتم,transport
918,کتاب 839 تومن شد,other
919,4991 تومن غذا گرفتم,food
920,1035 تومن برای کفش دادم,shopping
921,1938 تومن خرج غذا شد,food
922,تعمیرات خانه 2660 تومن شد,housing
923,4925 تومن برای قبض برق دادم,housing
924,3856 تومن برای خرید غذا دادم,food
925,873 تومن غذا گرفتم,food
926,3858 تومن برای قبض برق دادم,housing
927,3404 تومن خرج غذا شد,food
928,519 تومن خرج غذا شد,food
929,شارژ موبایل 2473 تومن شد,other
930,در رستوران غذا 4620 تومن شد,food
931,410 تومن برای قبض برق دادم,housing
932,2059 تومن برای خرید پوشاک دادم,shopping
933,1093 تومن اتوبوس شد,transport
934,1871 تومن اشتراک خریدم,other
935,2600 تومن اینترنت دادم,housing
936,3299 تومن برای خرید سوپر دادم,shopping
937,1147 تومن برای بازی دادم,entertainment
938,1863 تومن آزمایش دادم,health
939,بولینگ 412 تومن شد,entertainment
940,خرج غذا 464 تومن شد,food
941,1267 تومن هدیه خریدم,other
942,619 تومن برای غذا دادم,food
943,کتاب 4080 تومن شد,other
944,در رستوران غذا 640 تومن شد,food
945,خرج غذا 4297 تومن شد,food
946,غذای رستوران 3297 تومن شد,food
947,خرید دارو 4546 تومن شد,health
948,3964 تومن تاکسی اینترنتی گرفتم,transport
949,لوازم خانگی 2834 تومن شد,shopping
950,درمانگاه 4582 تومن شد,health
951,شارژ موبایل 3482 تومن شد,other
952,بنزین 3824 تومن شد,transport
953,خرج غذا 2467 تومن شد,food
954,55 تومن برای بازی دادم,entertainment
955,قبض گاز 1743 تومن شد,housing
956,بولینگ 421 تومن شد,entertainment
957,خرج تفریح 1705 تومن شد,entertainment
958,غذای رستوران 2595 تومن شد,food
959,برای غذا 205 تومن خرج کردم,food
960,بنزین 1786 تومن شد,transport
961,2666 تومن خرج سفر شد,other
962,اجاره 1711 تومن شد,housing
963,خرج متفرقه 4982 تومن شد,other
964,خرید دارو 3808 تومن شد,health
965,دندانپزشک 1883 تومن شد,health
966,3034 تومن خرج سفر شد,other
967,خرج لوازم تحریر 2512 تومن شد,shopping
968,4566 تومن غذا گرفتم,food
969,4863 تومن شهربازی رفتیم,entertainment
970,4625 تومن هدیه خریدم,other
971,لوازم خانگی 1291 تومن شد,shopping
972,غذا 179 تومن شد,food
973,تعمیرات خانه 265 تومن شد,housing
974,3735 تومن برای خرید پوشاک دادم,shopping
975,خرج خانه 4496 تومن شد,housing
976,لوازم خانگی 4088 تومن شد,shopping
977,2756 تومن خرج غذا شد,food
978,غذا 2103 تومن شد,food
979,3468 تومن خرج سفر شد,other
980,3918 تومن آزمایش دادم,health
981,خرج لوازم تحریر 3794 تومن شد,shopping
982,قبض گاز 614 تومن شد,housing
983,1429 تومن تاکسی اینترنتی گرفتم,transport
984,کیف 3249 تومن شد,shopping
985,تعمیرات خانه 493 تومن شد,housing
986,4559 تومن برای قبض برق دادم,housing
987,کیف 4094 تومن شد,shopping
988,خرید دارو 4191 تومن شد,health
989,2673 تومن اشتراک خریدم,other
990,خرج غذا 2610 تومن شد,food
991,تعمیرات خانه 2849 تومن شد,housing
992,خرج متفرقه 2381 تومن شد,other
993,3101 تومن خرج پارک شد,entertainment
994,1785 تومن خرج پارک شد,entertainment
995,1736 تومن لباس خریدم,shopping
996,1987 تومن اسنپ گرفتم,transport
997,3292 تومن قبض آب شد,housing
998,خرج غذا 4510 تومن شد,food
999,تعمیرات خانه 4001 تومن شد,housing
1000,590 تومن اتوبوس شد,transport
1001,4498 تومن برای خرید غذا دادم,food
1002,3908 تومن خرج سفر شد,other
1003,2094 تومن اشتراک خریدم,other
1004,در رستوران غذا 576 تومن شد,food
1005,دارو 2767 تومن شد,health
1006,کتاب 4186 تومن شد,other
1007,بلیط تئاتر 2583 تومن شد,entertainment
1008,لوازم خانگی 3587 تومن شد,shopping
1009,اجاره 781 تومن شد,housing
1010,درمانگاه 3354 تومن شد,health
1011,1258 تومن برای غذا دادم,food
1012,بنزین 1139 تومن شد,transport
1013,غذای رستوران 604 تومن شد,food
1014,2714 تومن برای کفش دادم,shopping
1015,2862 تومن برای قبض برق دادم,housing
1016,اجاره 2406 تومن شد,housing
1017,1300 تومن مترو شارژ کردم,transport
1018,غذای رستوران 2315 تومن شد,food
1019,دندانپزشک 2475 تومن شد,health
1020,2024 تومن شهربازی رفتیم,entertainment
1021,305 تومن اینترنت دادم,housing
1022,604 تومن تاکسی اینترنتی گرفتم,transport
1023,اجاره 2522 تومن شد,housing
1024,خرج متفرقه 3946 تومن شد,other
1025,3712 تومن از داروخانه خرید کردم,health
1026,1394 تومن خرج سفر شد,other
1027,410 تومن برای سینما دادم,entertainment
1028,2158 تومن اشتراک خریدم,other
1029,832 تومن برای قبض برق دادم,housing
1030,1829 تومن اینترنت دادم,housing
1031,شارژ موبایل 858 تومن شد,other
1032,561 تومن اینترنت دادم,housing
1033,2431 تومن برای خرید پوشاک دادم,shopping
1034,دندانپزشک 564 تومن شد,health
1035,کرایه تاکسی 1608 تومن شد,transport
1036,خرج غذا 2881 تومن شد,food
1037,دندانپزشک 2804 تومن شد,health
1038,3908 تومن خرج کنسرت شد,entertainment
1039,2509 تومن اینترنت دادم,housing
1040,1275 تومن دکتر گرفتم,health
1041,غذا 305 تومن شد,food
1042,1204 تومن خرج غذا شد,food
1043,2400 تومن غذا گرفتم,food
1044,برای غذا 4758 تومن خرج کردم,food
1045,غذای رستوران 3178 تومن شد,food
1046,3482 تومن اسنپ گرفتم,transport
1047,در رستوران غذا 2525 تومن شد,food
1048,خرج خانه 4307 تومن شد,housing
1049,خرج متفرقه 1531 تومن شد,other
1050,4712 تومن برای کفش دادم,shopping
1051,خرج لوازم تحریر 3433 تومن شد,shopping
1052,2624 تومن برای اسنپ دادم,transport
1053,برای غذا 1083 تومن خرج کردم,food
1054,3306 تومن لباس خریدم,shopping
1055,در رستوران غذا 2006 تومن شد,food
1056,239 تومن خرج غذا شد,food
1057,1496 تومن هدیه خریدم,other
1058,کرایه تاکسی 2525 تومن شد,transport
1059,1890 تومن غذا گرفتم,food
1060,خرج خانه 3847 تومن شد,housing
1061,1015 تومن شهربازی رفتیم,entertainment
1062,1005 تومن برای خرید سوپر دادم,shopping
1063,3277 تومن برای غذا دادم,food
1064,خرج متفرقه 4460 تومن شد,other
1065,416 تومن خرج کنسرت شد,entertainment
1066,2981 تومن لباس خریدم,shopping
1067,بولینگ 4901 تومن شد,entertainment
1068,4720 تومن برای بازی دادم,entertainment
1069,4180 تومن خرج سفر شد,other
1070,دندانپزشک 1702 تومن شد,health
1071,شارژ موبایل 2194 تومن شد,other
1072,شارژ موبایل 4796 تومن شد,other
1073,خرید دارو 1503 تومن شد,health
1074,بلیط تئاتر 1707 تومن شد,entertainment
1075,3364 تومن خرج سفر شد,other
1076,خرج غذا 280 تومن شد,food
1077,دندانپزشک 3149 تومن شد,health
1078,ویزیت پزشک 4584 تومن شد,health
1079,لوازم خانگی 1588 تومن شد,shopping
1080,1702 تومن لباس خریدم,shopping
1081,ویزیت پزشک 3726 تومن شد,health
1082,3537 تومن برای بیمه دادم,other
1083,کرایه تاکسی 914 تومن شد,transport
1084,خرج خانه 3807 تومن شد,housing
1085,566 تومن برای خرید غذا دادم,food
1086,3132 تومن آزمایش دادم,health
1087,4481 تومن برای خرید سوپر دادم,shopping
1088,674 تومن اتوبوس شد,transport
1089,تعمیرات خانه 3552 تومن شد,housing
1090,غذا 4527 تومن شد,food
1091,خرج لوازم تحریر 3703 تومن شد,shopping
1092,کیف 4436 تومن شد,shopping
1093,1272 تومن خرج سفر شد,other
1094,3244 تومن برای کفش دادم,shopping
1095,کرایه تاکسی 2861 تومن شد,transport
1096,غذا 2083 تومن شد,food
1097,4493 تومن اتوبوس شد,transport
1098,دارو 1431 تومن شد,health
1099,دارو 1733 تومن شد,health
1100,تعمیرات خانه 1527 تومن شد,housing
1101,کتاب 1193 تومن شد,other
1102,خرج متفرقه 499 تومن شد,other
1103,4830 تومن برای خرید سوپر دادم,shopping
1104,863 تومن برای کفش دادم,shopping
1105,4193 تومن برای کفش دادم,shopping
1106,خرج تفریح 983 تومن شد,entertainment
1107,126 تومن برای اسنپ دادم,transport
1108,2206 تومن دکتر گرفتم,health
1109,کتاب 2567 تومن شد,other
1110,بولینگ 4428 تومن شد,entertainment
1111,1702 تومن خرج سفر شد,other
1112,2456 تومن دکتر گرفتم,health
1113,خرج غذا 2166 تومن شد,food
1114,186 تومن خرج کنسرت شد,entertainment
1115,780 تومن کمک خیریه کردم,other
1116,2723 تومن برای سینما دادم,entertainment
1117,1611 تومن برای کفش دادم,shopping
1118,بلیط تئاتر 3967 تومن شد,entertainment
1119,945 تومن برای قبض برق دادم,housing
1120,شارژ موبایل 2259 تومن شد,other
1121,4873 تومن تاکسی اینترنتی گرفتم,transport
1122,2575 تومن اینترنت دادم,housing
1123,2935 تومن اشتراک خریدم,other
1124,661 تومن شهربازی رفتیم,entertainment
1125,235 تومن برای بازی دادم,entertainment
1126,تاکسی 79 تومن شد,transport
1127,293 تومن برای خرید پوشاک دادم,shopping
1128,3061 تومن اشتراک خریدم,other
1129,قبض گاز 4290 تومن شد,housing
1130,1957 تومن برای سینما دادم,entertainment
1131,3489 تومن برای خرید غذا دادم,food
1132,2762 تومن برای قبض برق دادم,housing
1133,درمانگاه 1317 تومن شد,health
1134,خرج لوازم تحریر 2113 تومن شد,shopping
1135,3801 تومن کمک خیریه کردم,other
1136,قبض گاز 788 تومن شد,housing
1137,2102 تومن غذا گرفتم,food
1138,1058 تومن از داروخانه خرید کردم,health
1139,92 تومن اتوبوس شد,transport
1140,4780 تومن برای بازی دادم,entertainment
1141,548 تومن برای خرید غذا دادم,food
1142,بلیط تئاتر 4382 تومن شد,entertainment
1143,2875 تومن برای سینما دادم,entertainment
1144,3780 تومن اینترنت دادم,housing
1145,4941 تومن اسنپ گرفتم,transport
1146,اجاره 1018 تومن شد,housing
1147,درمانگاه 4455 تومن شد,health
1148,غذای رستوران 3545 تومن شد,food
1149,74 تومن شهربازی رفتیم,entertainment
1150,خرج متفرقه 4799 تومن شد,other
1151,3639 تومن برای غذا دادم,food
1152,خرج تفریح 1900 تومن شد,entertainment
1153,1318 تومن غذا گرفتم,food
1154,خرج تفریح 472 تومن شد,entertainment
1155,356 تومن خرج سفر شد,other
1156,کتاب 4786 تومن شد,other
1157,4861 تومن لباس خریدم,shopping
1158,دارو 2465 تومن شد,health
1159,اجاره 4278 تومن شد,housing
1160,2424 تومن اشتراک خریدم,other
1161,2611 تومن برای اسنپ دادم,transport
1162,1257 تومن برای خرید پوشاک دادم,shopping
1163,4980 تومن برای خرید پوشاک دادم,shopping
1164,تعمیرات خانه 371 تومن شد,housing
1165,در رستوران غذا 4747 تومن شد,food
1166,کرایه تاکسی 1267 تومن شد,transport
1167,4080 تومن قبض آب شد,housing
1168,اجاره 3685 تومن شد,housing
1169,4427 تومن برای خرید سوپر دادم,shopping
1170,178 تومن خرج سفر شد,other
1171,555 تومن شهربازی رفتیم,entertainment
1172,1218 تومن اسنپ گرفتم,transport
1173,خرج تفریح 2498 تومن شد,entertainment
1174,3616 تومن برای بیمه دادم,other
1175,977 تومن اتوبوس شد,transport
1176,تعمیرات خانه 748 تومن شد,housing
1177,دندانپزشک 4846 تومن شد,health
1178,379 تومن برای غذا دادم,food
1179,بنزین 1564 تومن شد,transport
1180,247 تومن خرید اینترنتی کردم,shopping
1181,3150 تومن خرج غذا شد,food
1182,ویزیت پزشک 3125 تومن شد,health
1183,قبض گاز 3441 تومن شد,housing
1184,4010 تومن برای خرید غذا دادم,food
1185,1730 تومن هدیه خریدم,other
1186,4208 تومن غذا گرفتم,food
1187,خرج تفریح 4438 تومن شد,entertainment
1188,تاکسی 3715 تومن شد,transport
1189,درمانگاه 1340 تومن شد,health
1190,2217 تومن غذا گرفتم,food
1191,ویزیت پزشک 4880 تومن شد,health
1192,برای غذا 1071 تومن خرج کردم,food
1193,لوازم خانگی 1731 تومن شد,shopping
1194,3896 تومن برای بازی دادم,entertainment
1195,خرج غذا 3774 تومن شد,food
1196,4363 تومن برای غذا دادم,food
1197,در رستوران غذا 3702 تومن شد,food
1198,بولینگ 3519 تومن شد,entertainment
1199,غذا 1183 تومن شد,food
1200,خرج متفرقه 1261 تومن شد,other
1201,889 تومن آزمایش دادم,health
1202,دندانپزشک 3176 تومن شد,health
1203,دارو 4136 تومن شد,health
1204,کتاب 1658 تومن شد,other
1205,دارو 935 تومن شد,health
1206,شارژ موبایل 4474 تومن شد,other
1207,474 تومن خرید اینترنتی کردم,shopping
1208,خرج لوازم تحریر 3154 تومن شد,shopping
1209,1301 تومن کمک خیریه کردم,other
1210,دندانپزشک 1230 تومن شد,health
1211,کرایه تاکسی 4222 تومن شد,transport
1212,خرج متفرقه 1265 تومن شد,other
1213,180 تومن لباس خریدم,shopping
1214,غذا 2235 تومن شد,food
1215,برای غذا 1717 تومن خرج کردم,food
1216,314 تومن خرج پارک شد,entertainment
1217,خرج متفرقه 3328 تومن شد,other
1218,برای غذا 684 تومن خرج کردم,food
1219,363 تومن لباس خریدم,shopping
1220,غذا 2010 تومن شد,food
1221,750 تومن برای خرید سوپر دادم,shopping
1222,2435 تومن برای غذا دادم,food
1223,شارژ ساختمان 3331 تومن شد,housing
1224,بنزین 2706 تومن شد,transport
1225,خرج لوازم تحریر 1418 تومن شد,shopping
1226,خرج لوازم تحریر 608 تومن شد,shopping
1227,غذا 4987 تومن شد,food
1228,خرج خانه 3244 تومن شد,housing
1229,4961 تومن برای خرید سوپر دادم,shopping
1230,خرج تفریح 1159 تومن شد,entertainment
1231,4964 تومن خرید اینترنتی کردم,shopping
1232,دارو 3106 تومن شد,health
1233,کیف 4744 تومن شد,shopping
1234,3825 تومن برای قبض برق دادم,housing
1235,ویزیت پزشک 3705 تومن شد,health
1236,خرج لوازم تحریر 2294 تومن شد,shopping
1237,اجاره 1264 تومن شد,housing
1238,خرج تفریح 4668 تومن شد,entertainment
1239,2086 تومن اتوبوس شد,transport
1240,417 تومن قبض آب شد,housing
1241,کتاب 2004 تومن شد,other
1242,940 تومن تاکسی اینترنتی گرفتم,transport
1243,خرج خانه 2058 تومن شد,housing
1244,تاکسی 4035 تومن شد,transport
1245,غذا 3577 تومن شد,food
1246,1190 تومن تاکسی اینترنتی گرفتم,transport
1247,2868 تومن برای بازی دادم,entertainment
1248,کتاب 2606 تومن شد,other
1249,تاکسی 1267 تومن شد,transport
1250,درمانگاه 2190 تومن شد,health
1251,2949 تومن شهربازی رفتیم,entertainment
1252,312 تومن برای خرید پوشاک دادم,shopping
1253,درمانگاه 3478 تومن شد,health
1254,دارو 3005 تومن شد,health
1255,1985 تومن برای اسنپ دادم,transport
1256,4827 تومن خرج پارک شد,entertainment
1257,خرج خانه 1345 تومن شد,housing
1258,خرج غذا 899 تومن شد,food
1259,در رستوران غذا 2181 تومن شد,food
1260,4479 تومن مترو شارژ کردم,transport
1261,875 تومن اسنپ گرفتم,transport
1262,خرج تفریح 1187 تومن شد,entertainment
1263,قبض گاز 3465 تومن شد,housing
1264,خرج خانه 1522 تومن شد,housing
1265,4184 تومن اینترنت دادم,housing
1266,3991 تومن برای کفش دادم,shopping
1267,شارژ ساختمان 4667 تومن شد,housing
1268,خرج متفرقه 3233 تومن شد,other
1269,غذای رستوران 4507 تومن شد,food
1270,1300 تومن برای خرید غذا دادم,food
1271,708 تومن برای غذا دادم,food
1272,3491 تومن خرج سفر شد,other
1273,خرج لوازم تحریر 4369 تومن شد,shopping
1274,خرج لوازم تحریر 3701 تومن شد,shopping
1275,برای غذا 3346 تومن خرج کردم,food
1276,تاکسی 944 تومن شد,transport
1277,بلیط تئاتر 1199 تومن شد,entertainment
1278,1514 تومن کمک خیریه کردم,other
1279,3800 تومن خرج کنسرت شد,entertainment
1280,خرج غذا 2759 تومن شد,food
1281,تعمیرات خانه 4465 تومن شد,housing
1282,3527 تومن خرج غذا شد,food
1283,دارو 3416 تومن شد,health
1284,خرج خانه 634 تومن شد,housing
1285,بلیط تئاتر 1700 تومن شد,entertainment
1286,خرج غذا 1804 تومن شد,food
1287,دارو 2611 تومن شد,health
1288,درمانگاه 4282 تومن شد,health
1289,4280 تومن لباس خریدم,shopping
1290,در رستوران غذا 67 تومن شد,food
1291,2045 تومن برای اسنپ دادم,transport
1292,خرج تفریح 2670 تومن شد,entertainment
1293,تاکسی 3488 تومن شد,transport
1294,شارژ موبایل 3940 تومن شد,other
1295,221 تومن برای کفش دادم,shopping
1296,کتاب 4050 تومن شد,other
1297,3162 تومن خرج غذا شد,food
1298,بولینگ 3460 تومن شد,entertainment
1299,دارو 3106 تومن شد,health
1300,خرج لوازم تحریر 3110 تومن شد,shopping
1301,غذا 3362 تومن شد,food
1302,1064 تومن برای خرید سوپر دادم,shopping
1303,غذا 480 تومن شد,food
1304,576 تومن اتوبوس شد,transport
1305,3283 تومن قبض آب شد,housing
1306,تعمیرات خانه 3838 تومن شد,housing
1307,1011 تومن شهربازی رفتیم,entertainment
1308,2316 تومن برای غذا دادم,food
1309,1267 تومن برای خرید غذا دادم,food
1310,93 تومن دکتر گرفتم,health
1311,برای غذا 2194 تومن خرج کردم,food
1312,شارژ موبایل 4151 تومن شد,other
1313,در رستوران غذا 1051 تومن شد,food
1314,4638 تومن برای خرید پوشاک دادم,shopping
1315,اجاره 1513 تومن شد,housing
1316,کتاب 2691 تومن شد,other
1317,لوازم خانگی 2765 تومن شد,shopping
1318,برای غذا 4518 تومن خرج کردم,food
1319,کیف 2534 تومن شد,shopping
1320,3223 تومن از داروخانه خرید کردم,health
1321,دارو 2145 تومن شد,health
1322,4319 تومن قبض آب شد,housing
1323,1908 تومن لباس خریدم,shopping
1324,1690 تومن از داروخانه خرید کردم,health
1325,711 تومن هدیه خریدم,other
1326,خرج غذا 1644 تومن شد,food
1327,3318 تومن از داروخانه خرید کردم,health
1328,1769 تومن اشتراک خریدم,other
1329,4435 تومن کمک خیریه کردم,other
1330,دارو 4085 تومن شد,health
1331,خرج خانه 986 تومن شد,housing
1332,4817 تومن هدیه خریدم,other
1333,لوازم خانگی 3852 تومن شد,shopping
1334,2677 تومن اینترنت دادم,housing
1335,2270 تومن برای سینما دادم,entertainment
1336,4420 تومن برای قبض برق دادم,housing
1337,3195 تومن برای خرید غذا دادم,food
1338,خرج غذا 3395 تومن شد,food
1339,1488 تومن قبض آب شد,housing
1340,تعمیرات خانه 3161 تومن شد,housing
1341,قبض گاز 4730 تومن شد,housing
1342,4910 تومن خرج سفر شد,other
1343,697 تومن برای بازی دادم,entertainment
1344,1473 تومن دکتر گرفتم,health
1345,غذا 1381 تومن شد,food
1346,خرج متفرقه 1007 تومن شد,other
1347,2803 تومن برای قبض برق دادم,housing
1348,3835 تومن شهربازی رفتیم,entertainment
1349,اجاره 3397 تومن شد,housing
1350,573 تومن برای اسنپ دادم,transport
1351,غذای رستوران 184 تومن شد,food
1352,دارو 3026 تومن شد,health
1353,غذای رستوران 3866 تومن شد,food
1354,غذای رستوران 1805 تومن شد,food
1355,خرج متفرقه 3541 تومن شد,other
1356,2900 تومن برای بازی دادم,entertainment
1357,155 تومن اتوبوس شد,transport
1358,خرج لوازم تحریر 1764 تومن شد,shopping
1359,4143 تومن خرج سفر شد,other
1360,غذای رستوران 461 تومن شد,food
1361,ویزیت پزشک 3602 تومن شد,health
1362,در رستوران غذا 3244 تومن شد,food
1363,شارژ ساختمان 2357 تومن شد,housing
1364,کیف 278 تومن شد,shopping
1365,472 تومن غذا گرفتم,food
1366,3480 تومن هدیه خریدم,other
1367,دندانپزشک 587 تومن شد,health
1368,برای غذا 3613 تومن خرج کردم,food
1369,بلیط تئاتر 229 تومن شد,entertainment
1370,تعمیرات خانه 4299 تومن شد,housing
1371,2550 تومن برای اسنپ دادم,transport
1372,ویزیت پزشک 672 تومن شد,health
1373,1178 تومن برای اسنپ دادم,transport
1374,خرج غذا 2877 تومن شد,food
1375,1265 تومن خرج کنسرت شد,entertainment
1376,3571 تومن خرج غذا شد,food
1377,1032 تومن غذا گرفتم,food
1378,4668 تومن برای خرید غذا دادم,food
1379,505 تومن خرج پارک شد,entertainment
1380,3938 تومن برای خرید غذا دادم,food
1381,غذای رستوران 616 تومن شد,food
1382,2665 تومن تاکسی اینترنتی گرفتم,transport
1383,1602 تومن قبض آب شد,housing
1384,درمانگاه 1039 تومن شد,health
1385,2762 تومن برای غذا دادم,food
1386,4132 تومن اینترنت دادم,housing
1387,شارژ ساختمان 4036 تومن شد,housing
1388,2495 تومن دکتر گرفتم,health
1389,4457 تومن قبض آب شد,housing
1390,747 تومن غذا گرفتم,food
1391,3761 تومن خرید اینترنتی کردم,shopping
1392,دارو 4037 تومن شد,health
1393,غذای رستوران 4916 تومن شد,food
1394,2125 تومن کمک خیریه کردم,other
1395,1093 تومن اتوبوس شد,transport
1396,2021 تومن قبض آب شد,housing
1397,4756 تومن اشتراک خریدم,other
1398,کرایه تاکسی 1144 تومن شد,transport
1399,بلیط تئاتر 1845 تومن شد,entertainment
1400,غذای رستوران 1815 تومن شد,food
1401,بلیط تئاتر 3515 تومن شد,entertainment
1402,کیف 1840 تومن شد,shopping
1403,غذای رستوران 2440 تومن شد,food
1404,لوازم خانگی 2491 تومن شد,shopping
1405,درمانگاه 367 تومن شد,health
1406,1084 تومن خرج غذا شد,food
1407,خرید دارو 1713 تومن شد,health
1408,3192 تومن غذا گرفتم,food
1409,887 تومن خرج غذا شد,food
1410,کرایه تاکسی 3848 تومن شد,transport
1411,خرید دارو 1943 تومن شد,health
1412,1418 تومن برای خرید سوپر دادم,shopping
1413,خرج تفریح 2807 تومن شد,entertainment
1414,324 تومن قبض آب شد,housing
1415,دارو 3853 تومن شد,health
1416,در رستوران غذا 4724 تومن شد,food
1417,57 تومن هدیه خریدم,other
1418,979 تومن برای غذا دادم,food
1419,خرج خانه 2125 تومن شد,housing
1420,خرج تفریح 3709 تومن شد,entertainment
1421,4420 تومن خرج غذا شد,food
1422,ویزیت پزشک 3504 تومن شد,health
1423,4684 تومن برای کفش دادم,shopping
1424,945 تومن شهربازی رفتیم,entertainment
1425,دارو 2692 تومن شد,health
1426,2172 تومن برای اسنپ دادم,transport
1427,2519 تومن غذا گرفتم,food
1428,ویزیت پزشک 356 تومن شد,health
1429,غذا 3071 تومن شد,food
1430,غذای رستوران 2884 تومن شد,food
1431,کرایه تاکسی 752 تومن شد,transport
1432,تاکسی 4172 تومن شد,transport
1433,خرج غذا 4387 تومن شد,food
1434,دارو 1249 تومن شد,health
1435,3174 تومن از داروخانه خرید کردم,health
1436,شارژ موبایل 4259 تومن شد,other
1437,دندانپزشک 2552 تومن شد,health
1438,بلیط تئاتر 3545 تومن شد,entertainment
1439,خرید دارو 3688 تومن شد,health
1440,4756 تومن برای خرید سوپر دادم,shopping
1441,3454 تومن خرج سفر شد,other
1442,3383 تومن خرج پارک شد,entertainment
1443,3846 تومن برای کفش دادم,shopping
1444,شارژ موبایل 1226 تومن شد,other
1445,برای غذا 53 تومن خرج کردم,food
1446,2230 تومن کمک خیریه کردم,other
1447,کرایه تاکسی 377 تومن شد,transport
1448,567 تومن لباس خریدم,shopping
1449,غذای رستوران 1796 تومن شد,food
1450,4584 تومن آزمایش دادم,health
1451,4200 تومن هدیه خریدم,other
1452,کیف 4241 تومن شد,shopping
1453,2325 تومن اشتراک خریدم,other
1454,تعمیرات خانه 3813 تومن شد,housing
1455,3018 تومن تاکسی اینترنتی گرفتم,transport
1456,لوازم خانگی 3531 تومن شد,shopping
1457,2042 تومن از داروخانه خرید کردم,health
1458,اجاره 3115 تومن شد,housing
1459,4532 تومن برای اسنپ دادم,transport
1460,3696 تومن خرج غذا شد,food
1461,بلیط تئاتر 3133 تومن شد,entertainment
1462,برای غذا 1766 تومن خرج کردم,food
1463,شارژ ساختمان 4721 تومن شد,housing
1464,بلیط تئاتر 873 تومن شد,entertainment
1465,3335 تومن برای غذا دادم,food
1466,1349 تومن برای کفش دادم,shopping
1467,2528 تومن برای بیمه دادم,other
1468,بنزین 1831 تومن شد,transport
1469,4403 تومن دکتر گرفتم,health
1470,بنزین 1257 تومن شد,transport
1471,1354 تومن اسنپ گرفتم,transport
1472,خرج لوازم تحریر 3126 تومن شد,shopping
1473,درمانگاه 3521 تومن شد,health
1474,بولینگ 1131 تومن شد,entertainment
1475,خرج متفرقه 4429 تومن شد,other
1476,کرایه تاکسی 2995 تومن شد,transport
1477,4994 تومن مترو شارژ کردم,transport
1478,4982 تومن برای خرید پوشاک دادم,shopping
1479,دارو 2641 تومن شد,health
1480,489 تومن برای بازی دادم,entertainment
1481,کتاب 3976 تومن شد,other
1482,269 تومن برای کفش دادم,shopping
1483,در رستوران غذا 2367 تومن شد,food
1484,4810 تومن خرج سفر شد,other
1485,4060 تومن دکتر گرفتم,health
1486,کرایه تاکسی 4542 تومن شد,transport
1487,در رستوران غذا 3131 تومن شد,food
1488,3895 تومن برای خرید غذا دادم,food
1489,غذای رستوران 59 تومن شد,food
1490,خرج غذا 1076 تومن شد,food
1491,2846 تومن برای کفش دادم,shopping
1492,ویزیت پزشک 836 تومن شد,health
1493,خرج تفریح 3296 تومن شد,entertainment
1494,کتاب 2895 تومن شد,other
1495,خرج متفرقه 807 تومن شد,other
1496,خرج غذا 3235 تومن شد,food
1497,1791 تومن برای خرید غذا دادم,food
1498,کرایه تاکسی 1387 تومن شد,transport
1499,2362 تومن اینترنت دادم,housing
1500,خرج تفریح 3371 تومن شد,entertainment
1501,1114 تومن لباس خریدم,shopping
1502,خرج غذا 323 تومن شد,food
1503,بولینگ 2761 تومن شد,entertainment
1504,بلیط تئاتر 3399 تومن شد,entertainment
1505,586 تومن آزمایش دادم,health
1506,تاکسی 1704 تومن شد,transport
1507,4805 تومن اشتراک خریدم,other
1508,قبض گاز 610 تومن شد,housing
1509,خرج غذا 345 تومن شد,food
1510,خرج تفریح 3437 تومن شد,entertainment
1511,1897 تومن از داروخانه خرید کردم,health
1512,شارژ موبایل 1020 تومن شد,other
1513,1370 تومن برای اسنپ دادم,transport
1514,2501 تومن اتوبوس شد,transport
1515,1084 تومن برای خرید غذا دادم,food
1516,برای غذا 3859 تومن خرج کردم,food
1517,843 تومن مترو شارژ کردم,transport
1518,بنزین 3153 تومن شد,transport
1519,برای غذا 718 تومن خرج کردم,food
1520,3000 تومن از داروخانه خرید کردم,health
1521,1573 تومن لباس خریدم,shopping
1522,1044 تومن برای سینما دادم,entertainment
1523,995 تومن از داروخانه خرید کردم,health
1524,4675 تومن غذا گرفتم,food
1525,غذای رستوران 581 تومن شد,food
1526,3735 تومن اینترنت دادم,housing
1527,4769 تومن برای خرید سوپر دادم,shopping
1528,2847 تومن لباس خریدم,shopping
1529,1488 تومن خرج پارک شد,entertainment
1530,شارژ ساختمان 4785 تومن شد,housing
1531,1652 تومن اسنپ گرفتم,transport
1532,کرایه تاکسی 467 تومن شد,transport
1533,3861 تومن خرید اینترنتی کردم,shopping
1534,تعمیرات خانه 3152 تومن شد,housing
1535,1834 تومن اشتراک خریدم,other
1536,4377 تومن برای خرید سوپر دادم,shopping
1537,تاکسی 847 تومن شد,transport
1538,کرایه تاکسی 1843 تومن شد,transport
1539,2430 تومن از داروخانه خرید کردم,health
1540,3814 تومن برای سینما دادم,entertainment
1541,2202 تومن برای بازی دادم,entertainment
1542,2035 تومن برای قبض برق دادم,housing
1543,خرج متفرقه 924 تومن شد,other
1544,بنزین 951 تومن شد,transport
1545,ویزیت پزشک 4877 تومن شد,health
1546,147 تومن برای سینما دادم,entertainment
1547,3674 تومن شهربازی رفتیم,entertainment
1548,1961 تومن مترو شارژ کردم,transport
1549,بولینگ 4879 تومن شد,entertainment
1550,بولینگ 1426 تومن شد,entertainment
1551,در رستوران غذا 1303 تومن شد,food
1552,درمانگاه 3333 تومن شد,health
1553,4662 تومن خرج غذا شد,food
1554,1415 تومن کمک خیریه کردم,other
1555,خرج تفریح 1989 تومن شد,entertainment
1556,کتاب 4331 تومن شد,other
1557,اجاره 1246 تومن شد,housing
1558,بولینگ 1313 تومن شد,entertainment
1559,3552 تومن دکتر گرفتم,health
1560,خرج لوازم تحریر 1800 تومن شد,shopping
1561,3307 تومن برای اسنپ دادم,transport
1562,خرج لوازم تحریر 504 تومن شد,shopping
1563,کرایه تاکسی 1230 تومن شد,transport
1564,برای غذا 3442 تومن خرج کردم,food
1565,1377 تومن غذا گرفتم,food
1566,1685 تومن اینترنت دادم,housing
1567,خرج غذا 1339 تومن شد,food
1568,قبض گاز 341 تومن شد,housing
1569,2073 تومن اتوبوس شد,transport
1570,خرید دارو 2432 تومن شد,health
1571,کرایه تاکسی 4109 تومن شد,transport
1572,دندانپزشک 2760 تومن شد,health
1573,خرج متفرقه 2583 تومن شد,other
1574,کرایه تاکسی 2877 تومن شد,transport
1575,دارو 1064 تومن شد,health
1576,تاکسی 3006 تومن شد,transport
1577,2706 تومن برای غذا دادم,food
1578,1174 تومن برای قبض برق دادم,housing
1579,4814 تومن هدیه خریدم,other
1580,برای غذا 422 تومن خرج کردم,food
1581,دندانپزشک 2128 تومن شد,health
1582,شارژ ساختمان 1169 تومن شد,housing
1583,1421 تومن برای خرید سوپر دادم,shopping
1584,اجاره 1240 تومن شد,housing
1585,در رستوران غذا 1198 تومن شد,food
1586,تاکسی 4578 تومن شد,transport
1587,2471 تومن خرج سفر شد,other
1588,1855 تومن برای خرید غذا دادم,food
1589,دارو 4291 تومن شد,health
1590,خرج متفرقه 2617 تومن شد,other
1591,3892 تومن برای خرید غذا دادم,food
1592,4767 تومن قبض آب شد,housing
1593,غذا 4253 تومن شد,food
1594,3118 تومن تاکسی اینترنتی گرفتم,transport
1595,برای غذا 1303 تومن خرج کردم,food
1596,2903 تومن برای اسنپ دادم,transport
1597,3551 تومن برای اسنپ دادم,transport
1598,2220 تومن اینترنت دادم,housing
1599,خرج تفریح 3259 تومن شد,entertainment
1600,کرایه تاکسی 3001 تومن شد,transport
1601,4819 تومن قبض آب شد,housing
1602,2731 تومن غذا گرفتم,food
1603,کتاب 2020 تومن شد,other
1604,تعمیرات خانه 3069 تومن شد,housing
1605,کتاب 4887 تومن شد,other
1606,خرج غذا 4468 تومن شد,food
1607,3520 تومن تاکسی اینترنتی گرفتم,transport
1608,شارژ موبایل 230 تومن شد,other
1609,2113 تومن دکتر گرفتم,health
1610,2083 تومن برای بازی دادم,entertainment
1611,در رستوران غذا 3652 تومن شد,food
1612,خرید دارو 1929 تومن شد,health
1613,بولینگ 2470 تومن شد,entertainment
1614,608 تومن خرج سفر شد,other
1615,خرج خانه 170 تومن شد,housing
1616,قبض گاز 4337 تومن شد,housing
1617,خرج متفرقه 3978 تومن شد,other
1618,بولینگ 1576 تومن شد,entertainment
1619,خرج متفرقه 4908 تومن شد,other
1620,کتاب 4145 تومن شد,other
1621,در رستوران غذا 1865 تومن شد,food
1622,664 تومن برای سینما دادم,entertainment
1623,2578 تومن اسنپ گرفتم,transport
1624,2715 تومن اینترنت دادم,housing
1625,395 تومن خرج سفر شد,other
1626,4935 تومن قبض آب شد,housing
1627,1794 تومن خرج سفر شد,other
1628,دندانپزشک 424 تومن شد,health
1629,2551 تومن خرج کنسرت شد,entertainment
1630,807 تومن شهربازی رفتیم,entertainment
1631,3409 تومن برای خرید پوشاک دادم,shopping
1632,1446 تومن اتوبوس شد,transport
1633,لوازم خانگی 4060 تومن شد,shopping
1634,2244 تومن برای بازی دادم,entertainment
1635,کتاب 285 تومن شد,other
1636,3795 تومن غذا گرفتم,food
1637,تاکسی 664 تومن شد,transport
1638,409 تومن شهربازی رفتیم,entertainment
1639,301 تومن خرج غذا شد,food
1640,تاکسی 3649 تومن شد,transport
1641,خرج تفریح 1892 تومن شد,entertainment
1642,3587 تومن خرج غذا شد,food
1643,برای غذا 2626 تومن خرج کردم,food
1644,بنزین 1071 تومن شد,transport
1645,128 تومن برای بازی دادم,entertainment
1646,برای غذا 4204 تومن خرج کردم,food
1647,96 تومن از داروخانه خرید کردم,health
1648,شارژ موبایل 3969 تومن شد,other
1649,درمانگاه 1228 تومن شد,health
1650,4342 تومن برای قبض برق دادم,housing
1651,خرج تفریح 2077 تومن شد,entertainment
1652,درمانگاه 3775 تومن شد,health
1653,دندانپزشک 2713 تومن شد,health
1654,2668 تومن اتوبوس شد,transport
1655,3422 تومن غذا گرفتم,food
1656,4115 تومن اشتراک خریدم,other
1657,4904 تومن خرید اینترنتی کردم,shopping
1658,لوازم خانگی 1067 تومن شد,shopping
1659,4272 تومن خرج سفر شد,other
1660,تاکسی 3813 تومن شد,transport
1661,برای غذا 4938 تومن خرج کردم,food
1662,برای غذا 759 تومن خرج کردم,food
1663,3432 تومن شهربازی رفتیم,entertainment
1664,دندانپزشک 4237 تومن شد,health
1665,شارژ موبایل 4722 تومن شد,other
1666,خرید دارو 3652 تومن شد,health
1667,دندانپزشک 2896 تومن شد,health
1668,خرج خانه 811 تومن شد,housing
1669,غذای رستوران 496 تومن شد,food
1670,3334 تومن خرج کنسرت شد,entertainment
1671,تاکسی 3341 تومن شد,transport
1672,ویزیت پزشک 145 تومن شد,health
1673,4633 تومن شهربازی رفتیم,entertainment
1674,غذای رستوران 4854 تومن شد,food
1675,3980 تومن برای بازی دادم,entertainment
1676,3301 تومن اشتراک خریدم,other
1677,128 تومن خرج پارک شد,entertainment
1678,خرید دارو 920 تومن شد,health
1679,1211 تومن اسنپ گرفتم,transport
1680,شارژ موبایل 1260 تومن شد,other
1681,3060 تومن شهربازی رفتیم,entertainment
1682,خرید دارو 2978 تومن شد,health
1683,در رستوران غذا 2713 تومن شد,food
1684,4948 تومن خرج پارک شد,entertainment
1685,93 تومن کمک خیریه کردم,other
1686,2403 تومن برای بازی دادم,entertainment
1687,غذای رستوران 3338 تومن شد,food
1688,خرج تفریح 3673 تومن شد,entertainment
1689,422 تومن غذا گرفتم,food
1690,1521 تومن اسنپ گرفتم,transport
1691,اجاره 2227 تومن شد,housing
1692,470 تومن خرج پارک شد,entertainment
1693,بنزین 1106 تومن شد,transport
1694,1074 تومن قبض آب شد,housing
1695,4139 تومن کمک خیریه کردم,other
1696,شارژ ساختمان 4386 تومن شد,housing
1697,655 تومن برای خرید غذا دادم,food
1698,شارژ ساختمان 3543 تومن شد,housing
1699,2530 تومن خرید اینترنتی کردم,shopping
1700,شارژ ساختمان 2382 تومن شد,housing
1701,بولینگ 2964 تومن شد,entertainment
1702,3032 تومن قبض آب شد,housing
1703,خرج متفرقه 3932 تومن شد,other
1704,بنزین 1621 تومن شد,transport
1705,1332 تومن برای غذا دادم,food
1706,3440 تومن برای قبض برق دادم,housing
1707,بلیط تئاتر 790 تومن شد,entertainment
1708,دندانپزشک 4880 تومن شد,health
1709,1394 تومن خرج پارک شد,entertainment
1710,درمانگاه 1534 تومن شد,health
1711,شارژ موبایل 4382 تومن شد,other
1712,شارژ موبایل 630 تومن شد,other
1713,خرج غذا 2990 تومن شد,food
1714,3231 تومن شهربازی رفتیم,entertainment
1715,1242 تومن کمک خیریه کردم,other
1716,قبض گاز 1156 تومن شد,housing
1717,3810 تومن شهربازی رفتیم,entertainment
1718,کیف 2705 تومن شد,shopping
1719,بلیط تئاتر 606 تومن شد,entertainment
1720,تعمیرات خانه 604 تومن شد,housing
1721,غذای رستوران 2926 تومن شد,food
1722,633 تومن غذا گرفتم,food
1723,خرج غذا 2216 تومن شد,food
1724,3639 تومن لباس خریدم,shopping
1725,تعمیرات خانه 2231 تومن شد,housing
1726,2795 تومن خرج غذا شد,food
1727,برای غذا 4582 تومن خرج کردم,food
1728,درمانگاه 2679 تومن شد,health
1729,خرج لوازم تحریر 197 تومن شد,shopping
1730,206 تومن آزمایش دادم,health
1731,بولینگ 291 تومن شد,entertainment
1732,2540 تومن تاکسی اینترنتی گرفتم,transport
1733,2411 تومن هدیه خریدم,other
1734,3362 تومن خرج پارک شد,entertainment
1735,کرایه تاکسی 1906 تومن شد,transport
1736,62 تومن برای اسنپ دادم,transport
1737,2370 تومن قبض آب شد,housing
1738,غذای رستوران 469 تومن شد,food
1739,1245 تومن برای سینما دادم,entertainment
1740,شارژ ساختمان 4063 تومن شد,housing
1741,1428 تومن برای بازی دادم,entertainment
1742,2503 تومن برای غذا دادم,food
1743,درمانگاه 3567 تومن شد,health
1744,682 تومن اینترنت دادم,housing
1745,546 تومن خرید اینترنتی کردم,shopping
1746,تاکسی 2509 تومن شد,transport
1747,دندانپزشک 2532 تومن شد,health
1748,بنزین 4007 تومن شد,transport
1749,2480 تومن غذا گرفتم,food
1750,4450 تومن دکتر گرفتم,health
1751,1817 تومن برای سینما دادم,entertainment
1752,در رستوران غذا 4330 تومن شد,food
1753,2103 تومن خرج سفر شد,other
1754,خرید دارو 3229 تومن شد,health
1755,3175 تومن اتوبوس شد,transport
1756,1001 تومن اتوبوس شد,transport
1757,غذا 666 تومن شد,food
1758,بولینگ 4692 تومن شد,entertainment
1759,تعمیرات خانه 4194 تومن شد,housing
1760,4105 تومن برای اسنپ دادم,transport
1761,282 تومن خرج غذا شد,food
1762,خرج خانه 2699 تومن شد,housing
1763,2546 تومن آزمایش دادم,health
1764,1184 تومن برای خرید پوشاک دادم,shopping
1765,دندانپزشک 2986 تومن شد,health
1766,خرید دارو 2312 تومن شد,health
1767,1114 تومن برای بیمه دادم,other
1768,قبض گاز 3829 تومن شد,housing
1769,قبض گاز 4341 تومن شد,housing
1770,767 تومن برای کفش دادم,shopping
1771,4287 تومن برای خرید سوپر دادم,shopping
1772,204 تومن خرج سفر شد,other
1773,دندانپزشک 879 تومن شد,health
1774,در رستوران غذا 696 تومن شد,food
1775,165 تومن برای بازی دادم,entertainment
1776,4847 تومن خرید اینترنتی کردم,shopping
1777,657 تومن برای خرید غذا دادم,food
1778,برای غذا 1553 تومن خرج کردم,food
1779,4144 تومن خرید اینترنتی کردم,shopping
1780,3777 تومن اشتراک خریدم,other
1781,اجاره 3848 تومن شد,housing
1782,3398 تومن اسنپ گرفتم,transport
1783,دارو 2250 تومن شد,health
1784,384 تومن خرج سفر شد,other
1785,تاکسی 3781 تومن شد,transport
1786,2737 تومن غذا گرفتم,food
1787,2043 تومن مترو شارژ کردم,transport
1788,1196 تومن هدیه خریدم,other
1789,3287 تومن برای غذا دادم,food
1790,برای غذا 2739 تومن خرج کردم,food
1791,4678 تومن اینترنت دادم,housing
1792,3321 تومن لباس خریدم,shopping
1793,غذای رستوران 1513 تومن شد,food
1794,1019 تومن اتوبوس شد,transport
1795,درمانگاه 4559 تومن شد,health
1796,1851 تومن کمک خیریه کردم,other
1797,1028 تومن برای سینما دادم,entertainment
1798,2698 تومن برای بیمه دادم,other
1799,3299 تومن تاکسی اینترنتی گرفتم,transport
1800,خرج خانه 4295 تومن شد,housing
1801,دارو 3510 تومن شد,health
1802,1541 تومن از داروخانه خرید کردم,health
1803,بنزین 4736 تومن شد,transport
1804,شارژ ساختمان 4282 تومن شد,housing
1805,کیف 3856 تومن شد,shopping
1806,4044 تومن از داروخانه خرید کردم,health
1807,بولینگ 2719 تومن شد,entertainment
1808,4180 تومن هدیه خریدم,other
1809,دارو 4483 تومن شد,health
1810,223 تومن اسنپ گرفتم,transport
1811,2627 تومن برای اسنپ دادم,transport
1812,2366 تومن برای خرید غذا دادم,food
1813,4668 تومن تاکسی اینترنتی گرفتم,transport
1814,تاکسی 3400 تومن شد,transport
1815,خرج لوازم تحریر 3340 تومن شد,shopping
1816,4142 تومن خرج کنسرت شد,entertainment
1817,2177 تومن اینترنت دادم,housing
1818,4669 تومن شهربازی رفتیم,entertainment
1819,2341 تومن برای غذا دادم,food
1820,1298 تومن غذا گرفتم,food
1821,2046 تومن برای خرید غذا دادم,food
1822,تاکسی 408 تومن شد,transport
1823,3499 تومن تاکسی اینترنتی گرفتم,transport
1824,کتاب 3875 تومن شد,other
1825,خرید دارو 4753 تومن شد,health
1826,4579 تومن برای کفش دادم,shopping
1827,بولینگ 4940 تومن شد,entertainment
1828,در رستوران غذا 877 تومن شد,food
1829,برای غذا 2009 تومن خرج کردم,food
1830,2053 تومن برای خرید سوپر دادم,shopping
1831,برای غذا 2561 تومن خرج کردم,food
1832,کتاب 4388 تومن شد,other
1833,3682 تومن اشتراک خریدم,other
1834,2966 تومن هدیه خریدم,other
1835,خرید دارو 4889 تومن شد,health
1836,108 تومن لباس خریدم,shopping
1837,4304 تومن برای خرید غذا دادم,food
1838,2250 تومن از داروخانه خرید کردم,health
1839,1995 تومن برای خرید غذا دادم,food
1840,بنزین 763 تومن شد,transport
1841,خرج خانه 3316 تومن شد,housing
1842,کیف 992 تومن شد,shopping
1843,1209 تومن مترو شارژ کردم,transport
1844,خرج متفرقه 3693 تومن شد,other
1845,1557 تومن برای سینما دادم,entertainment
1846,4968 تومن خرج غذا شد,food
1847,کرایه تاکسی 265 تومن شد,transport
1848,746 تومن مترو شارژ کردم,transport
1849,3950 تومن برای خرید غذا دادم,food
1850,1870 تومن از داروخانه خرید کردم,health
1851,634 تومن برای قبض برق دادم,housing
1852,بنزین 3602 تومن شد,transport
1853,2127 تومن برای غذا دادم,food
1854,1490 تومن برای سینما دادم,entertainment
1855,خرید دارو 3385 تومن شد,health
1856,ویزیت پزشک 2165 تومن شد,health
1857,خرج تفریح 4654 تومن شد,entertainment
1858,847 تومن اتوبوس شد,transport
1859,2750 تومن خرج غذا شد,food
1860,1735 تومن لباس خریدم,shopping
1861,برای غذا 4572 تومن خرج کردم,food
1862,1228 تومن برای بیمه دادم,other
1863,درمانگاه 2516 تومن شد,health
1864,2816 تومن هدیه خریدم,other
1865,بولینگ 1934 تومن شد,entertainment
1866,در رستوران غذا 2411 تومن شد,food
1867,شارژ ساختمان 4596 تومن شد,housing
1868,کتاب 4960 تومن شد,other
1869,2238 تومن برای غذا دادم,food
1870,3853 تومن هدیه خریدم,other
1871,3836 تومن برای خرید سوپر دادم,shopping
1872,کرایه تاکسی 2553 تومن شد,transport
1873,لوازم خانگی 172 تومن شد,shopping
1874,570 تومن برای خرید غذا دادم,food
1875,3312 تومن خرج کنسرت شد,entertainment
1876,2116 تومن خرج غذا شد,food
1877,4597 تومن برای خرید پوشاک دادم,shopping
1878,147 تومن برای بیمه دادم,other
1879,بلیط تئاتر 2930 تومن شد,entertainment
1880,بنزین 628 تومن شد,transport
1881,بنزین 2084 تومن شد,transport
1882,برای غذا 4321 تومن خرج کردم,food
1883,3661 تومن کمک خیریه کردم,other
1884,خرج غذا 1476 تومن شد,food
1885,3927 تومن برای خرید سوپر دادم,shopping
1886,غذا 3580 تومن شد,food
1887,بنزین 3917 تومن شد,transport
1888,تاکسی 4667 تومن شد,transport
1889,دارو 1059 تومن شد,health
1890,درمانگاه 1707 تومن شد,health
1891,خرج لوازم تحریر 2462 تومن شد,shopping
1892,749 تومن خرج غذا شد,food
1893,در رستوران غذا 1088 تومن شد,food
1894,1954 تومن دکتر گرفتم,health
1895,شارژ موبایل 2326 تومن شد,other
1896,شارژ موبایل 2718 تومن شد,other
1897,4535 تومن خرید اینترنتی کردم,shopping
1898,دارو 2385 تومن شد,health
1899,3392 تومن خرج غذا شد,food
1900,3787 تومن اشتراک خریدم,other
1901,950 تومن برای غذا دادم,food
1902,3795 تومن برای قبض برق دادم,housing
1903,2723 تومن خرج سفر شد,other
1904,4028 تومن برای غذا دادم,food
1905,1283 تومن برای سینما دادم,entertainment
1906,خرج غذا 4956 تومن شد,food
1907,4640 تومن اتوبوس شد,transport
1908,در رستوران غذا 1161 تومن شد,food
1909,بولینگ 4657 تومن شد,entertainment
1910,424 تومن اسنپ گرفتم,transport
1911,بنزین 4444 تومن شد,transport
1912,4183 تومن برای بیمه دادم,other
1913,خرج خانه 2894 تومن شد,housing
1914,4095 تومن خرید اینترنتی کردم,shopping
1915,قبض گاز 3261 تومن شد,housing
1916,شارژ ساختمان 4362 تومن شد,housing
1917,3256 تومن کمک خیریه کردم,other
1918,3119 تومن برای کفش دادم,shopping
1919,1654 تومن آزمایش دادم,health
1920,2699 تومن برای کفش دادم,shopping
1921,709 تومن خرج سفر شد,other
1922,1436 تومن برای خرید سوپر دادم,shopping
1923,268 تومن خرج پارک شد,entertainment
1924,لوازم خانگی 2961 تومن شد,shopping
1925,لوازم خانگی 4428 تومن شد,shopping
1926,برای غذا 4519 تومن خرج کردم,food
1927,شارژ موبایل 3548 تومن شد,other
1928,3059 تومن اسنپ گرفتم,transport
1929,2244 تومن برای بیمه دادم,other
1930,قبض گاز 4491 تومن شد,housing
1931,1877 تومن لباس خریدم,shopping
1932,2155 تومن برای خرید غذا دادم,food
1933,570 تومن برای بیمه دادم,other
1934,کیف 1194 تومن شد,shopping
1935,1189 تومن قبض آب شد,housing
1936,1456 تومن برای خرید پوشاک دادم,shopping
1937,4470 تومن قبض آب شد,housing
1938,کرایه تاکسی 1069 تومن شد,transport
1939,3014 تومن خرج غذا شد,food
1940,2903 تومن خرج پارک شد,entertainment
1941,در رستوران غذا 4272 تومن شد,food
1942,غذا 4823 تومن شد,food
1943,1116 تومن برای بیمه دادم,other
1944,اجاره 1207 تومن شد,housing
1945,برای غذا 4712 تومن خرج کردم,food
1946,شارژ ساختمان 3171 تومن شد,housing
1947,بولینگ 2083 تومن شد,entertainment
1948,کیف 2027 تومن شد,shopping
1949,2983 تومن برای کفش دادم,shopping
1950,757 تومن خرج پارک شد,entertainment
1951,1652 تومن قبض آب شد,housing
1952,1288 تومن دکتر گرفتم,health
1953,4653 تومن لباس خریدم,shopping
1954,غذای رستوران 3624 تومن شد,food
1955,غذا 3789 تومن شد,food
1956,قبض گاز 3260 تومن شد,housing
1957,4955 تومن اشتراک خریدم,other
1958,3674 تومن برای بیمه دادم,other
1959,917 تومن برای سینما دادم,entertainment
1960,خرج تفریح 3610 تومن شد,entertainment
1961,ویزیت پزشک 2554 تومن شد,health
1962,دندانپزشک 4533 تومن شد,health
1963,بولینگ 1925 تومن شد,entertainment
1964,784 تومن برای کفش دادم,shopping
1965,2791 تومن خرج غذا شد,food
1966,3993 تومن برای خرید پوشاک دادم,shopping
1967,3280 تومن خرج کنسرت شد,entertainment
1968,خرج تفریح 4583 تومن شد,entertainment
1969,شارژ ساختمان 495 تومن شد,housing
1970,خرید دارو 1382 تومن شد,health
1971,2763 تومن اتوبوس شد,transport
1972,بلیط تئاتر 4855 تومن شد,entertainment
1973,خرج غذا 3722 تومن شد,food
1974,3004 تومن لباس خریدم,shopping
1975,خرج تفریح 269 تومن شد,entertainment
1976,539 تومن اینترنت دادم,housing
1977,1650 تومن لباس خریدم,shopping
1978,برای غذا 4491 تومن خرج کردم,food
1979,لوازم خانگی 3880 تومن شد,shopping
1980,درمانگاه 3584 تومن شد,health
1981,دارو 4163 تومن شد,health
1982,شارژ موبایل 2684 تومن شد,other
1983,بلیط تئاتر 4858 تومن شد,entertainment
1984,2575 تومن خرج پارک شد,entertainment
1985,کیف 4313 تومن شد,shopping
1986,3323 تومن غذا گرفتم,food
1987,980 تومن اشتراک خریدم,other
1988,2907 تومن هدیه خریدم,other
1989,ویزیت پزشک 1133 تومن شد,health
1990,4278 تومن خرید اینترنتی کردم,shopping
1991,4459 تومن مترو شارژ کردم,transport
1992,3331 تومن هدیه خریدم,other
1993,تاکسی 370 تومن شد,transport
1994,1972 تومن لباس خریدم,shopping
1995,شارژ ساختمان 1605 تومن شد,housing
1996,1423 تومن از داروخانه خرید کردم,health
1997,1973 تومن خرج سفر شد,other
1998,3772 تومن خرج پارک شد,entertainment
1999,4520 تومن برای بیمه دادم,other
2000,شارژ ساختمان 1815 تومن شد,housing
2001,2627 تومن خرج پارک شد,entertainment
2002,4452 تومن خرید اینترنتی کردم,shopping
2003,319 تومن اشتراک خریدم,other
2004,586 تومن برای خرید پوشاک دادم,shopping
2005,خرج غذا 3512 تومن شد,food
2006,در رستوران غذا 721 تومن شد,food
2007,3657 تومن لباس خریدم,shopping
2008,کرایه تاکسی 4809 تومن شد,transport
2009,غذا 2836 تومن شد,food
2010,2467 تومن آزمایش دادم,health
2011,3969 تومن برای اسنپ دادم,transport
2012,اجاره 692 تومن شد,housing
2013,خرید دارو 2857 تومن شد,health
2014,درمانگاه 4201 تومن شد,health
2015,2383 تومن اسنپ گرفتم,transport
2016,3289 تومن خرید اینترنتی کردم,shopping
2017,کرایه تاکسی 1986 تومن شد,transport
2018,4851 تومن آزمایش دادم,health
2019,کرایه تاکسی 4226 تومن شد,transport
2020,3831 تومن شهربازی رفتیم,entertainment
2021,کرایه تاکسی 852 تومن شد,transport
2022,4030 تومن برای خرید سوپر دادم,shopping
2023,دندانپزشک 869 تومن شد,health
2024,غذای رستوران 1029 تومن شد,food
2025,خرید دارو 4663 تومن شد,health
2026,2404 تومن غذا گرفتم,food
2027,4273 تومن اسنپ گرفتم,transport
2028,1519 تومن خرج سفر شد,other
2029,4376 تومن برای سینما دادم,entertainment
2030,4553 تومن خرج کنسرت شد,entertainment
2031,خرج لوازم تحریر 1109 تومن شد,shopping
2032,4258 تومن اتوبوس شد,transport
2033,2649 تومن برای بیمه دادم,other
2034,3762 تومن خرید اینترنتی کردم,shopping
2035,تاکسی 1299 تومن شد,transport
2036,3104 تومن هدیه خریدم,other
2037,قبض گاز 2270 تومن شد,housing
2038,1512 تومن لباس خریدم,shopping
2039,4809 تومن قبض آب شد,housing
2040,1301 تومن غذا گرفتم,food
2041,خرج غذا 2602 تومن شد,food
2042,شارژ موبایل 4173 تومن شد,other
2043,3100 تومن برای کفش دادم,shopping
2044,58 تومن شهربازی رفتیم,entertainment
2045,قبض گاز 254 تومن شد,housing
2046,3953 تومن برای قبض برق دادم,housing
2047,برای غذا 3767 تومن خرج کردم,food
2048,در رستوران غذا 652 تومن شد,food
2049,کیف 1037 تومن شد,shopping
2050,2088 تومن آزمایش دادم,health
2051,خرج خانه 4572 تومن شد,housing
2052,لوازم خانگی 2755 تومن شد,shopping
2053,1811 تومن برای بازی دادم,entertainment
2054,1556 تومن دکتر گرفتم,health
2055,1472 تومن مترو شارژ کردم,transport
2056,2297 تومن برای غذا دادم,food
2057,اجاره 3221 تومن شد,housing
2058,397 تومن قبض آب شد,housing
2059,3669 تومن تاکسی اینترنتی گرفتم,transport
2060,خرج تفریح 857 تومن شد,entertainment
2061,1935 تومن غذا گرفتم,food
2062,بنزین 1263 تومن شد,transport
2063,4683 تومن برای بیمه دادم,other
2064,تاکسی 3069 تومن شد,transport
2065,بنزین 158 تومن شد,transport
2066,در رستوران غذا 1107 تومن شد,food
2067,2510 تومن برای قبض برق دادم,housing
2068,خرج غذا 3415 تومن شد,food
2069,2762 تومن دکتر گرفتم,health
2070,درمانگاه 456 تومن شد,health
2071,خرید دارو 3228 تومن شد,health
2072,1162 تومن برای قبض برق دادم,housing
2073,3010 تومن اسنپ گرفتم,transport
2074,4227 تومن غذا گرفتم,food
2075,2801 تومن اشتراک خریدم,other
2076,4059 تومن برای بازی دادم,entertainment
2077,لوازم خانگی 2545 تومن شد,shopping
2078,467 تومن خرید اینترنتی کردم,shopping
2079,529 تومن خرج پارک شد,entertainment
2080,3199 تومن برای خرید غذا دادم,food
2081,تعمیرات خانه 3376 تومن شد,housing
2082,ویزیت پزشک 3906 تومن شد,health
2083,646 تومن شهربازی رفتیم,entertainment
2084,ویزیت پزشک 3936 تومن شد,health
2085,513 تومن آزمایش دادم,health
2086,510 تومن شهربازی رفتیم,entertainment
2087,تاکسی 533 تومن شد,transport
2088,2218 تومن اشتراک خریدم,other
2089,4741 تومن از داروخانه خرید کردم,health
2090,قبض گاز 1013 تومن شد,housing
2091,3422 تومن برای خرید غذا دادم,food
2092,1733 تومن شهربازی رفتیم,entertainment
2093,بولینگ 2346 تومن شد,entertainment
2094,75 تومن تاکسی اینترنتی گرفتم,transport
2095,اجاره 1762 تومن شد,housing
2096,2389 تومن برای خرید غذا دادم,food
2097,109 تومن اسنپ گرفتم,transport
2098,خرج متفرقه 4353 تومن شد,other
2099,2080 تومن شهربازی رفتیم,entertainment
2100,لوازم خانگی 2941 تومن شد,shopping
2101,1307 تومن برای خرید پوشاک دادم,shopping
2102,3867 تومن خرج کنسرت شد,entertainment
2103,1890 تومن خرج غذا شد,food
2104,4137 تومن آزمایش دادم,health
2105,کرایه تاکسی 3106 تومن شد,transport
2106,اجاره 3529 تومن شد,housing
2107,خرید دارو 1146 تومن شد,health
2108,غذا 3425 تومن شد,food
2109,خرج تفریح 3860 تومن شد,entertainment
2110,قبض گاز 1328 تومن شد,housing
2111,3561 تومن اتوبوس شد,transport
2112,3588 تومن لباس خریدم,shopping
2113,درمانگاه 1181 تومن شد,health
2114,3843 تومن برای سینما دادم,entertainment
2115,4166 تومن برای خرید پوشاک دادم,shopping
2116,خرج خانه 2732 تومن شد,housing
2117,خرج متفرقه 3703 تومن شد,other
2118,2372 تومن لباس خریدم,shopping
2119,3088 تومن اشتراک خریدم,other
2120,2930 تومن خرج غذا شد,food
2121,3379 تومن برای خرید غذا دادم,food
2122,کتاب 2000 تومن شد,other
2123,دارو 3904 تومن شد,health
2124,خرج تفریح 3008 تومن شد,entertainment
2125,4717 تومن شهربازی رفتیم,entertainment
2126,بلیط تئاتر 2501 تومن شد,entertainment
2127,3582 تومن هدیه خریدم,other
2128,427 تومن برای قبض برق دادم,housing
2129,خرج غذا 1787 تومن شد,food
2130,بنزین 2782 تومن شد,transport
2131,1611 تومن از داروخانه خرید کردم,health
2132,شارژ موبایل 1064 تومن شد,other
2133,لوازم خانگی 3100 تومن شد,shopping
2134,4662 تومن شهربازی رفتیم,entertainment
2135,بولینگ 870 تومن شد,entertainment
2136,3296 تومن برای سینما دادم,entertainment
2137,3627 تومن خرج غذا شد,food
2138,2553 تومن برای خرید سوپر دادم,shopping
2139,752 تومن هدیه خریدم,other
2140,3010 تومن اتوبوس شد,transport
2141,خرج لوازم تحریر 917 تومن شد,shopping
2142,4125 تومن اشتراک خریدم,other
2143,قبض گاز 3272 تومن شد,housing
2144,3040 تومن خرج کنسرت شد,entertainment
2145,603 تومن برای خرید سوپر دادم,shopping
2146,3665 تومن شهربازی رفتیم,entertainment
2147,3015 تومن غذا گرفتم,food
2148,خرید دارو 3419 تومن شد,health
2149,2542 تومن برای سینما دادم,entertainment
2150,1732 تومن خرید اینترنتی کردم,shopping
2151,دندانپزشک 996 تومن شد,health
2152,519 تومن لباس خریدم,shopping
2153,3973 تومن شهربازی رفتیم,entertainment
2154,2173 تومن غذا گرفتم,food
2155,غذای رستوران 3006 تومن شد,food
2156,3173 تومن از داروخانه خرید کردم,health
2157,لوازم خانگی 2326 تومن شد,shopping
2158,غذای رستوران 1067 تومن شد,food
2159,شارژ ساختمان 2326 تومن شد,housing
2160,4571 تومن خرج غذا شد,food
2161,4191 تومن برای قبض برق دادم,housing
2162,دارو 4915 تومن شد,health
2163,3456 تومن خرج پارک شد,entertainment
2164,ویزیت پزشک 2207 تومن شد,health
2165,675 تومن اسنپ گرفتم,transport
2166,دارو 653 تومن شد,health
2167,2569 تومن غذا گرفتم,food
2168,1603 تومن لباس خریدم,shopping
2169,بنزین 2089 تومن شد,transport
2170,قبض گاز 3828 تومن شد,housing
2171,4483 تومن برای سینما دادم,entertainment
2172,کتاب 647 تومن شد,other
2173,خرج غذا 3398 تومن شد,food
2174,کیف 448 تومن شد,shopping
2175,خرج لوازم تحریر 3632 تومن شد,shopping
2176,قبض گاز 4719 تومن شد,housing
2177,3823 تومن برای بازی دادم,entertainment
2178,خرج خانه 2999 تومن شد,housing
2179,2490 تومن برای خرید سوپر دادم,shopping
2180,دارو 1694 تومن شد,health
2181,تعمیرات خانه 1239 تومن شد,housing
2182,خرید دارو 3209 تومن شد,health
2183,3589 تومن برای خرید پوشاک دادم,shopping
2184,1876 تومن برای غذا دادم,food
2185,خرج غذا 4913 تومن شد,food
2186,دارو 3286 تومن شد,health
2187,1519 تومن برای بازی دادم,entertainment
2188,خرج متفرقه 3223 تومن شد,other
2189,برای غذا 1183 تومن خرج کردم,food
2190,2675 تومن هدیه خریدم,other
2191,کتاب 2798 تومن شد,other
2192,2845 تومن برای غذا دادم,food
2193,3961 تومن شهربازی رفتیم,entertainment
2194,کرایه تاکسی 137 تومن شد,transport
2195,خرج غذا 574 تومن شد,food
2196,تعمیرات خانه 3923 تومن شد,housing
2197,4702 تومن اشتراک خریدم,other
2198,1547 تومن آزمایش دادم,health
2199,خرج متفرقه 492 تومن شد,other
2200,خرج غذا 3559 تومن شد,food
2201,دارو 568 تومن شد,health
2202,2569 تومن خرج کنسرت شد,entertainment
2203,برای غذا 3347 تومن خرج کردم,food
2204,شارژ موبایل 2078 تومن شد,other
2205,خرج لوازم تحریر 4646 تومن شد,shopping
2206,4428 تومن تاکسی اینترنتی گرفتم,transport
2207,شارژ موبایل 3029 تومن شد,other
2208,قبض گاز 1251 تومن شد,housing
2209,برای غذا 2281 تومن خرج کردم,food
2210,4865 تومن لباس خریدم,shopping
2211,خرید دارو 2552 تومن شد,health
2212,کتاب 1385 تومن شد,other
2213,دندانپزشک 2870 تومن شد,health
2214,1745 تومن برای سینما دادم,entertainment
2215,2898 تومن خرج کنسرت شد,entertainment
2216,3273 تومن برای بیمه دادم,other
2217,1705 تومن برای قبض برق دادم,housing
2218,2984 تومن غذا گرفتم,food
2219,خرج لوازم تحریر 1613 تومن شد,shopping
2220,2098 تومن اینترنت دادم,housing
2221,دارو 4944 تومن شد,health
2222,4282 تومن غذا گرفتم,food
2223,بنزین 1527 تومن شد,transport
2224,1315 تومن مترو شارژ کردم,transport
2225,1267 تومن برای سینما دادم,entertainment
2226,376 تومن از داروخانه خرید کردم,health
2227,4121 تومن قبض آب شد,housing
2228,تاکسی 744 تومن شد,transport
2229,درمانگاه 359 تومن شد,health
2230,کتاب 4891 تومن شد,other
2231,بلیط تئاتر 839 تومن شد,entertainment
2232,بولینگ 2766 تومن شد,entertainment
2233,ویزیت پزشک 2668 تومن شد,health
2234,غذای رستوران 1373 تومن شد,food
2235,879 تومن از داروخانه خرید کردم,health
2236,1137 تومن شهربازی رفتیم,entertainment
2237,خرج متفرقه 2646 تومن شد,other
2238,3087 تومن دکتر گرفتم,health
2239,4453 تومن شهربازی رفتیم,entertainment
2240,2325 تومن اشتراک خریدم,other
2241,602 تومن برای غذا دادم,food
2242,4963 تومن خرید اینترنتی کردم,shopping
2243,4410 تومن لباس خریدم,shopping
2244,لوازم خانگی 4714 تومن شد,shopping
2245,بولینگ 4747 تومن شد,entertainment
2246,بولینگ 2590 تومن شد,entertainment
2247,غذای رستوران 3324 تومن شد,food
2248,خرج تفریح 4200 تومن شد,entertainment
2249,4213 تومن برای خرید پوشاک دادم,shopping
2250,3775 تومن اتوبوس شد,transport
2251,2784 تومن اینترنت دادم,housing
2252,برای غذا 1150 تومن خرج کردم,food
2253,3549 تومن خرج پارک شد,entertainment
2254,شارژ موبایل 2113 تومن شد,other
2255,خرج غذا 3820 تومن شد,food
2256,شارژ ساختمان 4338 تومن شد,housing
2257,دندانپزشک 3753 تومن شد,health
2258,4680 تومن خرج سفر شد,other
2259,غذای رستوران 4545 تومن شد,food
2260,2642 تومن برای بیمه دادم,other
2261,بولینگ 4758 تومن شد,entertainment
2262,703 تومن غذا گرفتم,food
2263,شارژ ساختمان 3487 تومن شد,housing
2264,3017 تومن برای خرید غذا دادم,food
2265,بولینگ 4307 تومن شد,entertainment
2266,دندانپزشک 895 تومن شد,health
2267,بنزین 4060 تومن شد,transport
2268,4535 تومن اشتراک خریدم,other
2269,در رستوران غذا 2289 تومن شد,food
2270,3008 تومن برای بازی دادم,entertainment
2271,ویزیت پزشک 1782 تومن شد,health
2272,1026 تومن اشتراک خریدم,other
2273,خرج خانه 4890 تومن شد,housing
2274,2204 تومن خرج کنسرت شد,entertainment
2275,خرید دارو 2517 تومن شد,health
2276,دندانپزشک 1879 تومن شد,health
2277,803 تومن هدیه خریدم,other
2278,3302 تومن خرج پارک شد,entertainment
2279,شارژ موبایل 4917 تومن شد,other
2280,خرج لوازم تحریر 2791 تومن شد,shopping
2281,2858 تومن برای قبض برق دادم,housing
2282,دندانپزشک 415 تومن شد,health
2283,بلیط تئاتر 2956 تومن شد,entertainment
2284,خرج متفرقه 2210 تومن شد,other
2285,1193 تومن غذا گرفتم,food
2286,دارو 525 تومن شد,health
2287,422 تومن برای کفش دادم,shopping
2288,تاکسی 3898 تومن شد,transport
2289,برای غذا 4119 تومن خرج کردم,food
2290,1847 تومن کمک خیریه کردم,other
2291,خرج غذا 3766 تومن شد,food
2292,1282 تومن کمک خیریه کردم,other
2293,213 تومن خرج پارک شد,entertainment
2294,غذای رستوران 4149 تومن شد,food
2295,خرج تفریح 2701 تومن شد,entertainment
2296,خرج غذا 4099 تومن شد,food
2297,درمانگاه 1173 تومن شد,health
2298,4900 تومن اسنپ گرفتم,transport
2299,ویزیت پزشک 1368 تومن شد,health
2300,تاکسی 2331 تومن شد,transport
2301,بنزین 4370 تومن شد,transport
2302,غذای رستوران 740 تومن شد,food
2303,1564 تومن از داروخانه خرید کردم,health
2304,1685 تومن برای اسنپ دادم,transport
2305,2770 تومن برای کفش دادم,shopping
2306,خرید دارو 771 تومن شد,health
2307,1323 تومن خرج کنسرت شد,entertainment
2308,1858 تومن برای قبض برق دادم,housing
2309,2755 تومن خرج کنسرت شد,entertainment
2310,862 تومن خرج غذا شد,food
2311,خرج لوازم تحریر 67 تومن شد,shopping
2312,2928 تومن کمک خیریه کردم,other
2313,629 تومن برای بیمه دادم,other
2314,3195 تومن خرج پارک شد,entertainment
2315,2118 تومن برای خرید غذا دادم,food
2316,1188 تومن خرج سفر شد,other
2317,1932 تومن شهربازی رفتیم,entertainment
2318,کرایه تاکسی 2810 تومن شد,transport
2319,1432 تومن هدیه خریدم,other
2320,601 تومن لباس خریدم,shopping
2321,4720 تومن اسنپ گرفتم,transport
2322,4587 تومن خرج سفر شد,other
2323,شارژ ساختمان 948 تومن شد,housing
2324,کتاب 134 تومن شد,other
2325,4536 تومن هدیه خریدم,other
2326,817 تومن غذا گرفتم,food
2327,ویزیت پزشک 3870 تومن شد,health
2328,3454 تومن خرج پارک شد,entertainment
2329,3650 تومن برای بیمه دادم,other
2330,3250 تومن خرج کنسرت شد,entertainment
2331,2577 تومن برای خرید غذا دادم,food
2332,3643 تومن قبض آب شد,housing
2333,کرایه تاکسی 2852 تومن شد,transport
2334,945 تومن غذا گرفتم,food
2335,1688 تومن برای بیمه دادم,other
2336,لوازم خانگی 1421 تومن شد,shopping
2337,1161 تومن برای خرید غذا دادم,food
2338,ویزیت پزشک 4161 تومن شد,health
2339,2008 تومن برای خرید پوشاک دادم,shopping
2340,درمانگاه 3221 تومن شد,health
2341,خرج لوازم تحریر 3461 تومن شد,shopping
2342,شارژ ساختمان 557 تومن شد,housing
2343,خرج تفریح 290 تومن شد,entertainment
2344,خرج غذا 4615 تومن شد,food
2345,3974 تومن برای بازی دادم,entertainment
2346,کرایه تاکسی 1870 تومن شد,transport
2347,کیف 141 تومن شد,shopping
2348,2551 تومن برای غذا دادم,food
2349,1747 تومن لباس خریدم,shopping
2350,خرج متفرقه 975 تومن شد,other
2351,بولینگ 4579 تومن شد,entertainment
2352,خرج متفرقه 4945 تومن شد,other
2353,خرج غذا 3377 تومن شد,food
2354,1749 تومن برای اسنپ دادم,transport
2355,3563 تومن مترو شارژ کردم,transport
2356,4934 تومن اشتراک خریدم,other
2357,1215 تومن خرج غذا شد,food
2358,1769 تومن برای بازی دادم,entertainment
2359,غذا 1536 تومن شد,food
2360,3957 تومن اسنپ گرفتم,transport
2361,برای غذا 4995 تومن خرج کردم,food
2362,اجاره 4915 تومن شد,housing
2363,دارو 1645 تومن شد,health
2364,4607 تومن برای غذا دادم,food
2365,تاکسی 1058 تومن شد,transport
2366,اجاره 4432 تومن شد,housing
2367,3269 تومن برای خرید سوپر دادم,shopping
2368,خرج متفرقه 952 تومن شد,other
2369,خرج غذا 1812 تومن شد,food
2370,غذای رستوران 1096 تومن شد,food
2371,غذای رستوران 1492 تومن شد,food
2372,بلیط تئاتر 3587 تومن شد,entertainment
2373,790 تومن اتوبوس شد,transport
2374,خرج لوازم تحریر 1336 تومن شد,shopping
2375,3566 تومن برای غذا دادم,food
2376,4360 تومن قبض آب شد,housing
2377,غذای رستوران 889 تومن شد,food
2378,درمانگاه 1400 تومن شد,health
2379,برای غذا 1174 تومن خرج کردم,food
2380,3645 تومن اتوبوس شد,transport
2381,797 تومن برای قبض برق دادم,housing
2382,اجاره 970 تومن شد,housing
2383,شارژ موبایل 4796 تومن شد,other
2384,بنزین 1218 تومن شد,transport
2385,قبض گاز 4567 تومن شد,housing
2386,خرج غذا 2754 تومن شد,food
2387,بلیط تئاتر 4448 تومن شد,entertainment
2388,2580 تومن برای خرید غذا دادم,food
2389,3682 تومن برای خرید غذا دادم,food
2390,کیف 3962 تومن شد,shopping
2391,3415 تومن اینترنت دادم,housing
2392,کرایه تاکسی 3325 تومن شد,transport
2393,509 تومن برای سینما دادم,entertainment
2394,غذا 1489 تومن شد,food
2395,3240 تومن دکتر گرفتم,health
2396,2370 تومن برای خرید غذا دادم,food
2397,3522 تومن تاکسی اینترنتی گرفتم,transport
2398,خرج لوازم تحریر 2991 تومن شد,shopping
2399,3313 تومن برای قبض برق دادم,housing
2400,1002 تومن شهربازی رفتیم,entertainment
2401,ویزیت پزشک 334 تومن شد,health
2402,2534 تومن خرج سفر شد,other
2403,1307 تومن اشتراک خریدم,other
2404,3459 تومن خرج سفر شد,other
2405,خرج غذا 2732 تومن شد,food
2406,995 تومن خرج غذا شد,food
2407,کیف 3077 تومن شد,shopping
2408,2233 تومن برای سینما دادم,entertainment
2409,3787 تومن از داروخانه خرید کردم,health
2410,اجاره 4546 تومن شد,housing
2411,بنزین 364 تومن شد,transport
2412,تاکسی 3166 تومن شد,transport
2413,2549 تومن برای خرید پوشاک دادم,shopping
2414,4049 تومن برای قبض برق دادم,housing
2415,4347 تومن قبض آب شد,housing
2416,بنزین 1071 تومن شد,transport
2417,3522 تومن برای بیمه دادم,other
2418,خرید دارو 3564 تومن شد,health
2419,1603 تومن اسنپ گرفتم,transport
2420,تاکسی 1590 تومن شد,transport
2421,4033 تومن غذا گرفتم,food
2422,4784 تومن دکتر گرفتم,health
2423,خرید دارو 372 تومن شد,health
2424,4028 تومن برای خرید غذا دادم,food
2425,بولینگ 4929 تومن شد,entertainment
2426,3963 تومن خرج کنسرت شد,entertainment
2427,تاکسی 3558 تومن شد,transport
2428,غذا 538 تومن شد,food
2429,3078 تومن اشتراک خریدم,other
2430,3455 تومن برای خرید سوپر دادم,shopping
2431,خرج خانه 2747 تومن شد,housing
2432,4187 تومن برای کفش دادم,shopping
2433,خرج غذا 2581 تومن شد,food
2434,758 تومن برای بیمه دادم,other
2435,4690 تومن خرج سفر شد,other
2436,خرج غذا 3900 تومن شد,food
2437,1549 تومن برای خرید پوشاک دادم,shopping
2438,تاکسی 1390 تومن شد,transport
2439,کرایه تاکسی 3256 تومن شد,transport
2440,3611 تومن اینترنت دادم,housing
2441,کتاب 2624 تومن شد,other
2442,1017 تومن برای سینما دادم,entertainment
2443,4664 تومن لباس خریدم,shopping
2444,4556 تومن اینترنت دادم,housing
2445,خرید دارو 1751 تومن شد,health
2446,شارژ ساختمان 4012 تومن شد,housing
2447,خرید دارو 1120 تومن شد,health
2448,تاکسی 439 تومن شد,transport
2449,2866 تومن آزمایش دادم,health
2450,کتاب 1551 تومن شد,other
2451,3324 تومن برای خرید پوشاک دادم,shopping
2452,کیف 2846 تومن شد,shopping
2453,دارو 72 تومن شد,health
2454,تاکسی 4163 تومن شد,transport
2455,بولینگ 1484 تومن شد,entertainment
2456,کیف 119 تومن شد,shopping
2457,دندانپزشک 2424 تومن شد,health
2458,غذا 4425 تومن شد,food
2459,1397 تومن برای بازی دادم,entertainment
2460,درمانگاه 4214 تومن شد,health
2461,803 تومن از داروخانه خرید کردم,health
2462,2387 تومن تاکسی اینترنتی گرفتم,transport
2463,654 تومن خرید اینترنتی کردم,shopping
2464,3869 تومن برای بازی دادم,entertainment
2465,4264 تومن خرج کنسرت شد,entertainment
2466,740 تومن برای خرید سوپر دادم,shopping
2467,تعمیرات خانه 3767 تومن شد,housing
2468,تاکسی 2529 تومن شد,transport
2469,925 تومن اشتراک خریدم,other
2470,3200 تومن برای اسنپ دادم,transport
2471,375 تومن قبض آب شد,housing
2472,اجاره 3926 تومن شد,housing
2473,2640 تومن خرج غذا شد,food
2474,در رستوران غذا 4874 تومن شد,food
2475,858 تومن خرید اینترنتی کردم,shopping
2476,خرید دارو 3981 تومن شد,health
2477,کرایه تاکسی 2185 تومن شد,transport
2478,497 تومن شهربازی رفتیم,entertainment
2479,2178 تومن اینترنت دادم,housing
2480,خرج خانه 4151 تومن شد,housing
2481,خرج خانه 2780 تومن شد,housing
2482,خرج غذا 3658 تومن شد,food
2483,4775 تومن خرج سفر شد,other
2484,کتاب 3800 تومن شد,other
2485,1823 تومن خرج سفر شد,other
2486,2788 تومن خرج سفر شد,other
2487,678 تومن خرج غذا شد,food
2488,کیف 3114 تومن شد,shopping
2489,1516 تومن خرید اینترنتی کردم,shopping
2490,غذا 1531 تومن شد,food
2491,شارژ ساختمان 3510 تومن شد,housing
2492,4785 تومن آزمایش دادم,health
2493,2070 تومن خرج پارک شد,entertainment
2494,2946 تومن آزمایش دادم,health
2495,3222 تومن لباس خریدم,shopping
2496,3345 تومن خرج پارک شد,entertainment
2497,خرج خانه 2549 تومن شد,housing
2498,386 تومن مترو شارژ کردم,transport
2499,خرج خانه 3890 تومن شد,housing
2500,خرج غذا 1664 تومن شد,food
2501,تعمیرات خانه 4046 تومن شد,housing
2502,993 تومن برای خرید غذا دادم,food
2503,خرج خانه 2914 تومن شد,housing
2504,بولینگ 4849 تومن شد,entertainment
2505,1260 تومن شهربازی رفتیم,entertainment
2506,برای غذا 3618 تومن خرج کردم,food
2507,2992 تومن آزمایش دادم,health
2508,کرایه تاکسی 4350 تومن شد,transport
2509,3705 تومن غذا گرفتم,food
2510,2243 تومن خرج غذا شد,food
2511,کرایه تاکسی 3314 تومن شد,transport
2512,تعمیرات خانه 4935 تومن شد,housing
2513,کیف 212 تومن شد,shopping
2514,اجاره 1000 تومن شد,housing
2515,4556 تومن تاکسی اینترنتی گرفتم,transport
2516,خرج غذا 4814 تومن شد,food
2517,برای غذا 2377 تومن خرج کردم,food
2518,2654 تومن برای خرید پوشاک دادم,shopping
2519,در رستوران غذا 1963 تومن شد,food
2520,خرج غذا 1627 تومن شد,food
2521,445 تومن دکتر گرفتم,health
2522,2224 تومن آزمایش دادم,health
2523,4721 تومن لباس خریدم,shopping
2524,3311 تومن مترو شارژ کردم,transport
2525,93 تومن تاکسی اینترنتی گرفتم,transport
2526,کیف 1216 تومن شد,shopping
2527,خرج غذا 4884 تومن شد,food
2528,2984 تومن خرج کنسرت شد,entertainment
2529,دندانپزشک 4254 تومن شد,health
2530,4897 تومن اشتراک خریدم,other
2531,896 تومن برای سینما دادم,entertainment
2532,کرایه تاکسی 4538 تومن شد,transport
2533,غذا 892 تومن شد,food
2534,دارو 4698 تومن شد,health
2535,3700 تومن آزمایش دادم,health
2536,423 تومن مترو شارژ کردم,transport
2537,4883 تومن مترو شارژ کردم,transport
2538,لوازم خانگی 2587 تومن شد,shopping
2539,3793 تومن کمک خیریه کردم,other
2540,2699 تومن اسنپ گرفتم,transport
2541,خرج غذا 2912 تومن شد,food
2542,4329 تومن برای قبض برق دادم,housing
2543,3777 تومن برای بازی دادم,entertainment
2544,3802 تومن برای غذا دادم,food
2545,تعمیرات خانه 4600 تومن شد,housing
2546,2284 تومن برای خرید غذا دادم,food
2547,برای غذا 1970 تومن خرج کردم,food
2548,4293 تومن برای خرید غذا دادم,food
2549,2465 تومن اتوبوس شد,transport
2550,تعمیرات خانه 2613 تومن شد,housing
2551,4931 تومن برای خرید غذا دادم,food
2552,کتاب 4035 تومن شد,other
2553,خرج تفریح 162 تومن شد,entertainment
2554,3668 تومن لباس خریدم,shopping
2555,شارژ ساختمان 4314 تومن شد,housing
2556,2008 تومن مترو شارژ کردم,transport
2557,2330 تومن خرج کنسرت شد,entertainment
2558,خرج لوازم تحریر 3070 تومن شد,shopping
2559,اجاره 2909 تومن شد,housing
2560,بنزین 2741 تومن شد,transport
2561,531 تومن اتوبوس شد,transport
2562,دارو 3084 تومن شد,health
2563,3396 تومن برای خرید غذا دادم,food
2564,کیف 2856 تومن شد,shopping
2565,کیف 432 تومن شد,shopping
2566,2066 تومن برای خرید پوشاک دادم,shopping
2567,3947 تومن برای خرید پوشاک دادم,shopping
2568,در رستوران غذا 2823 تومن شد,food
2569,کیف 755 تومن شد,shopping
2570,1539 تومن برای خرید غذا دادم,food
2571,شارژ موبایل 4907 تومن شد,other
2572,634 تومن خرید اینترنتی کردم,shopping
2573,599 تومن خرج غذا شد,food
2574,اجاره 3769 تومن شد,housing
2575,847 تومن اینترنت دادم,housing
2576,1227 تومن هدیه خریدم,other
2577,2909 تومن خرج غذا شد,food
2578,غذا 2328 تومن شد,food
2579,1756 تومن اینترنت دادم,housing
2580,خرج متفرقه 1062 تومن شد,other
2581,غذا 667 تومن شد,food
2582,دندانپزشک 2858 تومن شد,health
2583,1498 تومن از داروخانه خرید کردم,health
2584,قبض گاز 2087 تومن شد,housing
2585,دارو 828 تومن شد,health
2586,در رستوران غذا 1398 تومن شد,food
2587,قبض گاز 2177 تومن شد,housing
2588,کرایه تاکسی 2412 تومن شد,transport
2589,اجاره 4742 تومن شد,housing
2590,لوازم خانگی 3562 تومن شد,shopping
2591,1607 تومن اسنپ گرفتم,transport
2592,تاکسی 1276 تومن شد,transport
2593,3183 تومن برای بازی دادم,entertainment
2594,2944 تومن برای اسنپ دادم,transport
2595,بولینگ 1512 تومن شد,entertainment
2596,4210 تومن خرج غذا شد,food
2597,خرج تفریح 309 تومن شد,entertainment
2598,خرج خانه 4810 تومن شد,housing
2599,4092 تومن خرج غذا شد,food
2600,3939 تومن برای کفش دادم,shopping
2601,3974 تومن شهربازی رفتیم,entertainment
2602,1322 تومن برای بازی دادم,entertainment
2603,کرایه تاکسی 4539 تومن شد,transport
2604,بنزین 703 تومن شد,transport
2605,1135 تومن خرج کنسرت شد,entertainment
2606,206 تومن خرج سفر شد,other
2607,قبض گاز 2795 تومن شد,housing
2608,کتاب 1593 تومن شد,other
2609,دندانپزشک 350 تومن شد,health
2610,760 تومن خرج کنسرت شد,entertainment
2611,قبض گاز 3655 تومن شد,housing
2612,غذا 1246 تومن شد,food
2613,خرج غذا 1778 تومن شد,food
2614,556 تومن برای خرید غذا دادم,food
2615,تاکسی 3119 تومن شد,transport
2616,2772 تومن قبض آب شد,housing
2617,در رستوران غذا 4370 تومن شد,food
2618,3385 تومن دکتر گرفتم,health
2619,تعمیرات خانه 4727 تومن شد,housing
2620,خرج غذا 1983 تومن شد,food
2621,شارژ ساختمان 1956 تومن شد,housing
2622,بلیط تئاتر 4939 تومن شد,entertainment
2623,2204 تومن آزمایش دادم,health
2624,بلیط تئاتر 3043 تومن شد,entertainment
2625,3384 تومن غذا گرفتم,food
2626,خرج متفرقه 4696 تومن شد,other
2627,3267 تومن خرج پارک شد,entertainment
2628,خرج خانه 2448 تومن شد,housing
2629,دندانپزشک 4552 تومن شد,health
2630,2644 تومن برای خرید غذا دادم,food
2631,شارژ موبایل 4975 تومن شد,other
2632,شارژ موبایل 4078 تومن شد,other
2633,1964 تومن برای خرید سوپر دادم,shopping
2634,خرج متفرقه 1247 تومن شد,other
2635,تاکسی 4962 تومن شد,transport
2636,خرج غذا 1958 تومن شد,food
2637,178 تومن شهربازی رفتیم,entertainment
2638,تعمیرات خانه 2423 تومن شد,housing
2639,اجاره 3441 تومن شد,housing
2640,خرج لوازم تحریر 4560 تومن شد,shopping
2641,تعمیرات خانه 1983 تومن شد,housing
2642,خرج لوازم تحریر 721 تومن شد,shopping
2643,کیف 3906 تومن شد,shopping
2644,کتاب 675 تومن شد,other
2645,2615 تومن آزمایش دادم,health
2646,4590 تومن خرج کنسرت شد,entertainment
2647,کرایه تاکسی 1292 تومن شد,transport
2648,خرید دارو 4710 تومن شد,health
2649,کرایه تاکسی 68 تومن شد,transport
2650,1156 تومن برای خرید سوپر دادم,shopping
2651,578 تومن شهربازی رفتیم,entertainment
2652,دندانپزشک 4171 تومن شد,health
2653,خرج غذا 4619 تومن شد,food
2654,4107 تومن برای غذا دادم,food
2655,دندانپزشک 4609 تومن شد,health
2656,4359 تومن برای کفش دادم,shopping
2657,1222 تومن کمک خیریه کردم,other
2658,لوازم خانگی 3593 تومن شد,shopping
2659,دندانپزشک 3951 تومن شد,health
2660,2050 تومن اسنپ گرفتم,transport
2661,درمانگاه 3363 تومن شد,health
2662,411 تومن اشتراک خریدم,other
2663,269 تومن لباس خریدم,shopping
2664,برای غذا 884 تومن خرج کردم,food
2665,4503 تومن برای سینما دادم,entertainment
2666,2303 تومن غذا گرفتم,food
2667,4048 تومن دکتر گرفتم,health
2668,112 تومن غذا گرفتم,food
2669,غذا 2321 تومن شد,food
2670,4254 تومن خرج غذا شد,food
2671,4250 تومن تاکسی اینترنتی گرفتم,transport
2672,غذا 2443 تومن شد,food
2673,1992 تومن اسنپ گرفتم,transport
2674,2828 تومن خرج سفر شد,other
2675,در رستوران غذا 4514 تومن شد,food
2676,بنزین 1219 تومن شد,transport
2677,2234 تومن خرج غذا شد,food
2678,قبض گاز 2731 تومن شد,housing
2679,قبض گاز 408 تومن شد,housing
2680,374 تومن اتوبوس شد,transport
2681,قبض گاز 3697 تومن شد,housing
2682,اجاره 3893 تومن شد,housing
2683,3170 تومن قبض آب شد,housing
2684,خرج خانه 1826 تومن شد,housing
2685,2342 تومن خرج کنسرت شد,entertainment
2686,1189 تومن برای کفش دادم,shopping
2687,قبض گاز 1085 تومن شد,housing
2688,درمانگاه 1864 تومن شد,health
2689,برای غذا 3792 تومن خرج کردم,food
2690,تاکسی 4731 تومن شد,transport
2691,دارو 4281 تومن شد,health
2692,1201 تومن خرج پارک شد,entertainment
2693,1185 تومن برای بیمه دادم,other
2694,1968 تومن برای بازی دادم,entertainment
2695,تاکسی 4906 تومن شد,transport
2696,1925 تومن برای غذا دادم,food
2697,خرج غذا 3546 تومن شد,food
2698,اجاره 2504 تومن شد,housing
2699,لوازم خانگی 3932 تومن شد,shopping
2700,3906 تومن تاکسی اینترنتی گرفتم,transport
2701,2768 تومن قبض آب شد,housing
2702,3764 تومن دکتر گرفتم,health
2703,1446 تومن برای اسنپ دادم,transport
2704,4857 تومن شهربازی رفتیم,entertainment
2705,اجاره 1730 تومن شد,housing
2706,شارژ ساختمان 3122 تومن شد,housing
2707,بولینگ 4154 تومن شد,entertainment
2708,3630 تومن شهربازی رفتیم,entertainment
2709,2111 تومن برای قبض برق دادم,housing
2710,خرید دارو 1035 تومن شد,health
2711,خرج خانه 846 تومن شد,housing
2712,بلیط تئاتر 4467 تومن شد,entertainment
2713,غذا 737 تومن شد,food
2714,در رستوران غذا 3202 تومن شد,food
2715,تاکسی 2322 تومن شد,transport
2716,بلیط تئاتر 3557 تومن شد,entertainment
2717,2376 تومن خرج غذا شد,food
2718,دارو 4759 تومن شد,health
2719,قبض گاز 4897 تومن شد,housing
2720,813 تومن خرج پارک شد,entertainment
2721,خرج غذا 3389 تومن شد,food
2722,غذا 1792 تومن شد,food
2723,تعمیرات خانه 1387 تومن شد,housing
2724,4241 تومن دکتر گرفتم,health
2725,تعمیرات خانه 3715 تومن شد,housing
2726,غذا 1842 تومن شد,food
2727,غذای رستوران 1020 تومن شد,food
2728,1071 تومن برای خرید پوشاک دادم,shopping
2729,دندانپزشک 3192 تومن شد,health
2730,کتاب 3921 تومن شد,other
2731,غذا 1292 تومن شد,food
2732,1325 تومن تاکسی اینترنتی گرفتم,transport
2733,غذا 2808 تومن شد,food
2734,4940 تومن برای بازی دادم,entertainment
2735,تعمیرات خانه 4727 تومن شد,housing
2736,4495 تومن برای خرید غذا دادم,food
2737,1518 تومن هدیه خریدم,other
2738,کرایه تاکسی 2903 تومن شد,transport
2739,1492 تومن مترو شارژ کردم,transport
2740,درمانگاه 303 تومن شد,health
2741,2511 تومن برای بازی دادم,entertainment
2742,تاکسی 2638 تومن شد,transport
2743,خرج لوازم تحریر 953 تومن شد,shopping
2744,ویزیت پزشک 2348 تومن شد,health
2745,برای غذا 4366 تومن خرج کردم,food
2746,غذای رستوران 255 تومن شد,food
2747,بلیط تئاتر 4571 تومن شد,entertainment
2748,3069 تومن برای قبض برق دادم,housing
2749,3345 تومن کمک خیریه کردم,other
2750,3102 تومن از داروخانه خرید کردم,health
2751,4320 تومن خرید اینترنتی کردم,shopping
2752,2497 تومن قبض آب شد,housing
2753,کرایه تاکسی 923 تومن شد,transport
2754,1392 تومن خرج پارک شد,entertainment
2755,کرایه تاکسی 890 تومن شد,transport
2756,غذا 2823 تومن شد,food
2757,2573 تومن هدیه خریدم,other
2758,4710 تومن خرج سفر شد,other
2759,4941 تومن برای غذا دادم,food
2760,4030 تومن برای اسنپ دادم,transport
2761,1150 تومن مترو شارژ کردم,transport
2762,خرج لوازم تحریر 3577 تومن شد,shopping
2763,1417 تومن برای بازی دادم,entertainment
2764,3407 تومن اینترنت دادم,housing
2765,655 تومن خرج پارک شد,entertainment
2766,1592 تومن برای خرید پوشاک دادم,shopping
2767,2574 تومن برای سینما دادم,entertainment
2768,تاکسی 2673 تومن شد,transport
2769,4281 تومن از داروخانه خرید کردم,health
2770,غذای رستوران 1084 تومن شد,food
2771,خرج تفریح 4386 تومن شد,entertainment
2772,262 تومن برای خرید پوشاک دادم,shopping
2773,لوازم خانگی 553 تومن شد,shopping
2774,77 تومن برای بیمه دادم,other
2775,لوازم خانگی 3484 تومن شد,shopping
2776,خرج غذا 1984 تومن شد,food
2777,خرید دارو 3740 تومن شد,health
2778,خرج متفرقه 2602 تومن شد,other
2779,بنزین 3028 تومن شد,transport
2780,4342 تومن خرج غذا شد,food
2781,165 تومن برای بیمه دادم,other
2782,بنزین 4851 تومن شد,transport
2783,غذای رستوران 3639 تومن شد,food
2784,2700 تومن برای کفش دادم,shopping
2785,کیف 4218 تومن شد,shopping
2786,غذا 1816 تومن شد,food
2787,در رستوران غذا 4124 تومن شد,food
2788,856 تومن خرج غذا شد,food
2789,1100 تومن آزمایش دادم,health
2790,3341 تومن برای خرید سوپر دادم,shopping
2791,1223 تومن مترو شارژ کردم,transport
2792,1440 تومن هدیه خریدم,other
2793,3914 تومن برای بازی دادم,entertainment
2794,269 تومن اشتراک خریدم,other
2795,درمانگاه 696 تومن شد,health
2796,125 تومن تاکسی اینترنتی گرفتم,transport
2797,2141 تومن اتوبوس شد,transport
2798,دارو 3646 تومن شد,health
2799,4420 تومن آزمایش دادم,health
2800,4734 تومن مترو شارژ کردم,transport
2801,دارو 1780 تومن شد,health
2802,بلیط تئاتر 2119 تومن شد,entertainment
2803,2837 تومن خرید اینترنتی کردم,shopping
2804,2833 تومن لباس خریدم,shopping
2805,کتاب 3388 تومن شد,other
2806,دارو 3140 تومن شد,health
2807,خرید دارو 2135 تومن شد,health
2808,3671 تومن برای خرید سوپر دادم,shopping
2809,4412 تومن قبض آب شد,housing
2810,کرایه تاکسی 1948 تومن شد,transport
2811,689 تومن خرج کنسرت شد,entertainment
2812,4442 تومن خرج غذا شد,food
2813,3290 تومن خرج کنسرت شد,entertainment
2814,117 تومن قبض آب شد,housing
2815,2122 تومن هدیه خریدم,other
2816,1144 تومن برای اسنپ دادم,transport
2817,2507 تومن برای خرید غذا دادم,food
2818,در رستوران غذا 4191 تومن شد,food
2819,بلیط تئاتر 4595 تومن شد,entertainment
2820,3021 تومن اتوبوس شد,transport
2821,بنزین 3202 تومن شد,transport
2822,2407 تومن خرج کنسرت شد,entertainment
2823,کیف 4034 تومن شد,shopping
2824,1482 تومن برای اسنپ دادم,transport
2825,2030 تومن برای خرید غذا دادم,food
2826,3236 تومن لباس خریدم,shopping
2827,3698 تومن از داروخانه خرید کردم,health
2828,ویزیت پزشک 976 تومن شد,health
2829,کتاب 1998 تومن شد,other
2830,خرج تفریح 4082 تومن شد,entertainment
2831,800 تومن غذا گرفتم,food
2832,1723 تومن هدیه خریدم,other
2833,213 تومن هدیه خریدم,other
2834,109 تومن اینترنت دادم,housing
2835,3479 تومن آزمایش دادم,health
2836,4716 تومن تاکسی اینترنتی گرفتم,transport
2837,168 تومن برای بیمه دادم,other
2838,قبض گاز 1883 تومن شد,housing
2839,3740 تومن برای خرید غذا دادم,food
2840,برای غذا 2340 تومن خرج کردم,food
2841,4696 تومن اشتراک خریدم,other
2842,غذای رستوران 1114 تومن شد,food
2843,1809 تومن شهربازی رفتیم,entertainment
2844,بولینگ 1585 تومن شد,entertainment
2845,اجاره 3135 تومن شد,housing
2846,برای غذا 1123 تومن خرج کردم,food
2847,3328 تومن برای اسنپ دادم,transport
2848,2821 تومن دکتر گرفتم,health
2849,2052 تومن خرج کنسرت شد,entertainment
2850,4144 تومن تاکسی اینترنتی گرفتم,transport
2851,4174 تومن برای خرید سوپر دادم,shopping
2852,بولینگ 2341 تومن شد,entertainment
2853,شارژ موبایل 2824 تومن شد,other
2854,اجاره 1388 تومن شد,housing
2855,2177 تومن خرید اینترنتی کردم,shopping
2856,4149 تومن دکتر گرفتم,health
2857,کرایه تاکسی 1912 تومن شد,transport
2858,4684 تومن برای خرید پوشاک دادم,shopping
2859,2278 تومن خرج کنسرت شد,entertainment
2860,803 تومن برای بازی دادم,entertainment
2861,دندانپزشک 1996 تومن شد,health
2862,1689 تومن برای بیمه دادم,other
2863,3489 تومن خرج پارک شد,entertainment
2864,4897 تومن اتوبوس شد,transport
2865,2939 تومن کمک خیریه کردم,other
2866,2940 تومن از داروخانه خرید کردم,health
2867,بلیط تئاتر 3462 تومن شد,entertainment
2868,خرید دارو 2769 تومن شد,health
2869,خرج متفرقه 1563 تومن شد,other
2870,دندانپزشک 4456 تومن شد,health
2871,644 تومن برای بازی دادم,entertainment
2872,3311 تومن برای خرید غذا دادم,food
2873,984 تومن خرج غذا شد,food
2874,ویزیت پزشک 1275 تومن شد,health
2875,2261 تومن برای اسنپ دادم,transport
2876,4295 تومن برای خرید پوشاک دادم,shopping
2877,1446 تومن از داروخانه خرید کردم,health
2878,تعمیرات خانه 1496 تومن شد,housing
2879,2993 تومن برای قبض برق دادم,housing
2880,4821 تومن برای سینما دادم,entertainment
2881,841 تومن برای کفش دادم,shopping
2882,خرج غذا 3219 تومن شد,food
2883,1418 تومن دکتر گرفتم,health
2884,بولینگ 3724 تومن شد,entertainment
2885,4693 تومن خرج پارک شد,entertainment
2886,532 تومن غذا گرفتم,food
2887,دارو 4431 تومن شد,health
2888,خرج لوازم تحریر 3555 تومن شد,shopping
2889,3816 تومن خرید اینترنتی کردم,shopping
2890,353 تومن برای کفش دادم,shopping
2891,3177 تومن کمک خیریه کردم,other
2892,3448 تومن برای غذا دادم,food
2893,بنزین 731 تومن شد,transport
2894,3396 تومن اشتراک خریدم,other
2895,1893 تومن اسنپ گرفتم,transport
2896,2826 تومن برای خرید غذا دادم,food
2897,1680 تومن تاکسی اینترنتی گرفتم,transport
2898,3968 تومن اشتراک خریدم,other
2899,4582 تومن برای غذا دادم,food
2900,قبض گاز 1078 تومن شد,housing
2901,ویزیت پزشک 2850 تومن شد,health
2902,بنزین 1386 تومن شد,transport
2903,دندانپزشک 3005 تومن شد,health
2904,1412 تومن اشتراک خریدم,other
2905,2176 تومن اشتراک خریدم,other
2906,4598 تومن غذا گرفتم,food
2907,794 تومن خرج پارک شد,entertainment
2908,غذا 1694 تومن شد,food
2909,خرج لوازم تحریر 295 تومن شد,shopping
2910,2236 تومن قبض آب شد,housing
2911,1519 تومن شهربازی رفتیم,entertainment
2912,غذا 1442 تومن شد,food
2913,2872 تومن خرج کنسرت شد,entertainment
2914,شارژ موبایل 3744 تومن شد,other
2915,1612 تومن برای سینما دادم,entertainment
2916,2529 تومن قبض آب شد,housing
2917,اجاره 4984 تومن شد,housing
2918,647 تومن برای غذا دادم,food
2919,خرج لوازم تحریر 4632 تومن شد,shopping
2920,2763 تومن خرج کنسرت شد,entertainment
2921,شارژ موبایل 1055 تومن شد,other
2922,خرج غذا 936 تومن شد,food
2923,خرج غذا 79 تومن شد,food
2924,3266 تومن اشتراک خریدم,other
2925,لوازم خانگی 808 تومن شد,shopping
2926,ویزیت پزشک 377 تومن شد,health
2927,برای غذا 4995 تومن خرج کردم,food
2928,1267 تومن از داروخانه خرید کردم,health
2929,غذای رستوران 3943 تومن شد,food
2930,برای غذا 2005 تومن خرج کردم,food
2931,غذا 1302 تومن شد,food
2932,4299 تومن شهربازی رفتیم,entertainment
2933,4337 تومن برای قبض برق دادم,housing
2934,خرج غذا 3310 تومن شد,food
2935,درمانگاه 2927 تومن شد,health
2936,تاکسی 1085 تومن شد,transport
2937,بلیط تئاتر 4693 تومن شد,entertainment
2938,خرج لوازم تحریر 2434 تومن شد,shopping
2939,3507 تومن برای اسنپ دادم,transport
2940,2074 تومن برای خرید سوپر دادم,shopping
2941,خرج تفریح 1583 تومن شد,entertainment
2942,درمانگاه 1936 تومن شد,health
2943,خرج غذا 4606 تومن شد,food
2944,بنزین 222 تومن شد,transport
2945,3017 تومن دکتر گرفتم,health
2946,4248 تومن هدیه خریدم,other
2947,793 تومن هدیه خریدم,other
2948,4552 تومن دکتر گرفتم,health
2949,خرج لوازم تحریر 585 تومن شد,shopping
2950,قبض گاز 924 تومن شد,housing
2951,غذا 3702 تومن شد,food
2952,2470 تومن برای خرید سوپر دادم,shopping
2953,2865 تومن برای سینما دادم,entertainment
2954,2084 تومن مترو شارژ کردم,transport
2955,خرج متفرقه 1523 تومن شد,other
2956,غذا 3006 تومن شد,food
2957,خرج متفرقه 3752 تومن شد,other
2958,برای غذا 1697 تومن خرج کردم,food
2959,4366 تومن مترو شارژ کردم,transport
2960,کرایه تاکسی 139 تومن شد,transport
2961,2314 تومن لباس خریدم,shopping
2962,2090 تومن برای کفش دادم,shopping
2963,خرج لوازم تحریر 4205 تومن شد,shopping
2964,کرایه تاکسی 2157 تومن شد,transport
2965,3966 تومن برای بیمه دادم,other
2966,غذای رستوران 162 تومن شد,food
2967,لوازم خانگی 4361 تومن شد,shopping
2968,برای غذا 2635 تومن خرج کردم,food
2969,2755 تومن دکتر گرفتم,health
2970,غذای رستوران 3164 تومن شد,food
2971,شارژ ساختمان 4543 تومن شد,housing
2972,خرج غذا 4738 تومن شد,food
2973,1859 تومن دکتر گرفتم,health
2974,دارو 3230 تومن شد,health
2975,خرج تفریح 722 تومن شد,entertainment
2976,1770 تومن غذا گرفتم,food
2977,1118 تومن برای اسنپ دادم,transport
2978,3401 تومن خرج پارک شد,entertainment
2979,2379 تومن خرج سفر شد,other
2980,دندانپزشک 926 تومن شد,health
2981,555 تومن شهربازی رفتیم,entertainment
2982,خرج غذا 3395 تومن شد,food
2983,972 تومن برای بازی دادم,entertainment
2984,تاکسی 4217 تومن شد,transport
2985,4569 تومن مترو شارژ کردم,transport
2986,دارو 4974 تومن شد,health
2987,بلیط تئاتر 884 تومن شد,entertainment
2988,دارو 3708 تومن شد,health
2989,خرج لوازم تحریر 1429 تومن شد,shopping
2990,2501 تومن اینترنت دادم,housing
2991,2466 تومن شهربازی رفتیم,entertainment
2992,بولینگ 4427 تومن شد,entertainment
2993,3998 تومن دکتر گرفتم,health
2994,2609 تومن برای بیمه دادم,other
2995,درمانگاه 4742 تومن شد,health
2996,بنزین 4568 تومن شد,transport
2997,2478 تومن آزمایش دادم,health
2998,4376 تومن برای بازی دادم,entertainment
2999,3202 تومن کمک خیریه کردم,other
3000,غذای رستوران 464 تومن شد,food
3001,3248 تومن کمک خیریه کردم,other
3002,شارژ ساختمان 309 تومن شد,housing
3003,دندانپزشک 2921 تومن شد,health
3004,تعمیرات خانه 2233 تومن شد,housing
3005,1101 تومن دکتر گرفتم,health
3006,4109 تومن خرید اینترنتی کردم,shopping
3007,2468 تومن برای غذا دادم,food
3008,قبض گاز 4538 تومن شد,housing
3009,4503 تومن برای سینما دادم,entertainment
3010,1045 تومن هدیه خریدم,other
3011,1630 تومن تاکسی اینترنتی گرفتم,transport
3012,غذای رستوران 2834 تومن شد,food
3013,شارژ موبایل 2358 تومن شد,other
3014,لوازم خانگی 781 تومن شد,shopping
3015,دندانپزشک 877 تومن شد,health
3016,1244 تومن اسنپ گرفتم,transport
3017,2686 تومن غذا گرفتم,food
3018,2716 تومن تاکسی اینترنتی گرفتم,transport
3019,4542 تومن لباس خریدم,shopping
3020,3662 تومن برای بازی دادم,entertainment
3021,3273 تومن برای خرید سوپر دادم,shopping
3022,4134 تومن برای خرید پوشاک دادم,shopping
3023,1439 تومن برای اسنپ دادم,transport
3024,175 تومن شهربازی رفتیم,entertainment
3025,غذا 4565 تومن شد,food
3026,603 تومن اتوبوس شد,transport
3027,4869 تومن برای اسنپ دادم,transport
3028,3107 تومن برای سینما دادم,entertainment
3029,4167 تومن برای اسنپ دادم,transport
3030,1448 تومن اتوبوس شد,transport
3031,بنزین 507 تومن شد,transport
3032,اجاره 4432 تومن شد,housing
3033,1120 تومن شهربازی رفتیم,entertainment
3034,شارژ ساختمان 4926 تومن شد,housing
3035,درمانگاه 2291 تومن شد,health
3036,خرید دارو 1394 تومن شد,health
3037,2000 تومن تاکسی اینترنتی گرفتم,transport
3038,4140 تومن برای بازی دادم,entertainment
3039,خرج لوازم تحریر 3696 تومن شد,shopping
3040,بولینگ 3156 تومن شد,entertainment
3041,2079 تومن برای خرید غذا دادم,food
3042,قبض گاز 3113 تومن شد,housing
3043,400 تومن آزمایش دادم,health
3044,2162 تومن خرج سفر شد,other
3045,خرج لوازم تحریر 588 تومن شد,shopping
3046,3073 تومن اتوبوس شد,transport
3047,خرج متفرقه 4493 تومن شد,other
3048,اجاره 1556 تومن شد,housing
3049,تعمیرات خانه 3607 تومن شد,housing
3050,3066 تومن خرج پارک شد,entertainment
3051,اجاره 1569 تومن شد,housing
3052,2949 تومن برای اسنپ دادم,transport
3053,خرج متفرقه 1565 تومن شد,other
3054,541 تومن خرید اینترنتی کردم,shopping
3055,2306 تومن لباس خریدم,shopping
3056,386 تومن برای خرید غذا دادم,food
3057,شارژ ساختمان 2643 تومن شد,housing
3058,غذا 2827 تومن شد,food
3059,کیف 4308 تومن شد,shopping
3060,612 تومن دکتر گرفتم,health
3061,کرایه تاکسی 2132 تومن شد,transport
3062,2328 تومن اتوبوس شد,transport
3063,3679 تومن از داروخانه خرید کردم,health
3064,غذا 103 تومن شد,food
3065,1570 تومن مترو شارژ کردم,transport
3066,2012 تومن لباس خریدم,shopping
3067,درمانگاه 91 تومن شد,health
3068,1566 تومن غذا گرفتم,food
3069,422 تومن اسنپ گرفتم,transport
3070,441 تومن غذا گرفتم,food
3071,بنزین 3848 تومن شد,transport
3072,3060 تومن لباس خریدم,shopping
3073,392 تومن برای خرید سوپر دادم,shopping
3074,کتاب 1598 تومن شد,other
3075,غذای رستوران 4208 تومن شد,food
3076,2441 تومن از داروخانه خرید کردم,health
3077,647 تومن برای خرید پوشاک دادم,shopping
3078,دندانپزشک 373 تومن شد,health
3079,بلیط تئاتر 2563 تومن شد,entertainment
3080,کیف 1546 تومن شد,shopping
3081,451 تومن برای قبض برق دادم,housing
3082,4217 تومن غذا گرفتم,food
3083,689 تومن خرید اینترنتی کردم,shopping
3084,1322 تومن برای قبض برق دادم,housing
3085,شارژ موبایل 3014 تومن شد,other
3086,649 تومن برای خرید پوشاک دادم,shopping
3087,خرج غذا 3082 تومن شد,food
3088,1065 تومن تاکسی اینترنتی گرفتم,transport
3089,تاکسی 2434 تومن شد,transport
3090,2409 تومن لباس خریدم,shopping
3091,2510 تومن قبض آب شد,housing
3092,خرج خانه 3749 تومن شد,housing
3093,4630 تومن از داروخانه خرید کردم,health
3094,کرایه تاکسی 1259 تومن شد,transport
3095,بلیط تئاتر 4919 تومن شد,entertainment
3096,4683 تومن از داروخانه خرید کردم,health
3097,خرج لوازم تحریر 286 تومن شد,shopping
3098,برای غذا 2569 تومن خرج کردم,food
3099,خرید دارو 2346 تومن شد,health
3100,خرج متفرقه 1100 تومن شد,other
3101,خرج متفرقه 4504 تومن شد,other
3102,خرج خانه 3094 تومن شد,housing
3103,2715 تومن برای قبض برق دادم,housing
3104,2057 تومن اسنپ گرفتم,transport
3105,قبض گاز 450 تومن شد,housing
3106,644 تومن از داروخانه خرید کردم,health
3107,114 تومن برای بیمه دادم,other
3108,شارژ موبایل 2179 تومن شد,other
3109,کرایه تاکسی 3512 تومن شد,transport
3110,بولینگ 3842 تومن شد,entertainment
3111,2486 تومن خرج کنسرت شد,entertainment
3112,4309 تومن خرج سفر شد,other
3113,4000 تومن غذا گرفتم,food
3114,753 تومن خرج کنسرت شد,entertainment
3115,612 تومن برای غذا دادم,food
3116,خرج خانه 1984 تومن شد,housing
3117,در رستوران غذا 4356 تومن شد,food
3118,3255 تومن هدیه خریدم,other
3119,غذای رستوران 614 تومن شد,food
3120,3665 تومن خرج پارک شد,entertainment
3121,خرج غذا 407 تومن شد,food
3122,قبض گاز 2415 تومن شد,housing
3123,شارژ ساختمان 147 تومن شد,housing
3124,1662 تومن برای کفش دادم,shopping
3125,2543 تومن برای خرید غذا دادم,food
3126,خرج غذا 4399 تومن شد,food
3127,1919 تومن برای کفش دادم,shopping
3128,شارژ موبایل 789 تومن شد,other
3129,2689 تومن اسنپ گرفتم,transport
3130,545 تومن برای کفش دادم,shopping
3131,در رستوران غذا 4421 تومن شد,food
3132,خرج خانه 4753 تومن شد,housing
3133,تاکسی 1624 تومن شد,transport
3134,2467 تومن برای خرید پوشاک دادم,shopping
3135,تاکسی 1094 تومن شد,transport
3136,1788 تومن برای بیمه دادم,other
3137,برای غذا 2880 تومن خرج کردم,food
3138,1211 تومن کمک خیریه کردم,other
3139,تاکسی 3514 تومن شد,transport
3140,اجاره 2636 تومن شد,housing
3141,کیف 4335 تومن شد,shopping
3142,1704 تومن اشتراک خریدم,other
3143,434 تومن برای بازی دادم,entertainment
3144,2975 تومن خرج غذا شد,food
3145,409 تومن برای خرید سوپر دادم,shopping
3146,خرج غذا 3581 تومن شد,food
3147,خرید دارو 4843 تومن شد,health
3148,برای غذا 1916 تومن خرج کردم,food
3149,3121 تومن غذا گرفتم,food
3150,ویزیت پزشک 4738 تومن شد,health
3151,278 تومن برای خرید سوپر دادم,shopping
3152,2502 تومن خرج غذا شد,food
3153,خرج خانه 1074 تومن شد,housing
3154,872 تومن اشتراک خریدم,other
3155,برای غذا 3471 تومن خرج کردم,food
3156,شارژ موبایل 4122 تومن شد,other
3157,خرج متفرقه 569 تومن شد,other
3158,درمانگاه 1366 تومن شد,health
3159,4941 تومن اسنپ گرفتم,transport
3160,کرایه تاکسی 3229 تومن شد,transport
3161,1050 تومن برای خرید غذا دادم,food
3162,2054 تومن برای سینما دادم,entertainment
3163,3731 تومن اینترنت دادم,housing
3164,2064 تومن خرید اینترنتی کردم,shopping
3165,4573 تومن برای اسنپ دادم,transport
3166,1461 تومن هدیه خریدم,other
3167,2140 تومن برای کفش دادم,shopping
3168,2494 تومن خرج کنسرت شد,entertainment
3169,بولینگ 2368 تومن شد,entertainment
3170,4300 تومن خرید اینترنتی کردم,shopping
3171,غذا 2872 تومن شد,food
3172,2210 تومن برای خرید پوشاک دادم,shopping
3173,درمانگاه 932 تومن شد,health
3174,بولینگ 3117 تومن شد,entertainment
3175,لوازم خانگی 2878 تومن شد,shopping
3176,3793 تومن برای غذا دادم,food
3177,1097 تومن تاکسی اینترنتی گرفتم,transport
3178,2138 تومن شهربازی رفتیم,entertainment
3179,خرج تفریح 535 تومن شد,entertainment
3180,4511 تومن غذا گرفتم,food
3181,بلیط تئاتر 568 تومن شد,entertainment
3182,954 تومن برای قبض برق دادم,housing
3183,شارژ ساختمان 868 تومن شد,housing
3184,876 تومن برای سینما دادم,entertainment
3185,2103 تومن دکتر گرفتم,health
3186,دندانپزشک 3416 تومن شد,health
3187,847 تومن اسنپ گرفتم,transport
3188,شارژ ساختمان 3937 تومن شد,housing
3189,3871 تومن لباس خریدم,shopping
3190,3948 تومن اشتراک خریدم,other
3191,4021 تومن برای خرید پوشاک دادم,shopping
3192,4733 تومن غذا گرفتم,food
3193,کتاب 2187 تومن شد,other
3194,بولینگ 1505 تومن شد,entertainment
3195,تاکسی 4982 تومن شد,transport
3196,بولینگ 4819 تومن شد,entertainment
3197,1457 تومن خرید اینترنتی کردم,shopping
3198,1785 تومن آزمایش دادم,health
3199,شارژ موبایل 1742 تومن شد,other
3200,بنزین 3179 تومن شد,transport
3201,دارو 4204 تومن شد,health
3202,کیف 4585 تومن شد,shopping
3203,2403 تومن دکتر گرفتم,health
3204,1872 تومن غذا گرفتم,food
3205,خرج تفریح 1891 تومن شد,entertainment
3206,درمانگاه 4824 تومن شد,health
3207,بولینگ 190 تومن شد,entertainment
3208,خرج غذا 919 تومن شد,food
3209,غذا 2014 تومن شد,food
3210,4324 تومن خرج سفر شد,other
3211,بلیط تئاتر 512 تومن شد,entertainment
3212,3066 تومن اسنپ گرفتم,transport
3213,3498 تومن اینترنت دادم,housing
3214,درمانگاه 1796 تومن شد,health
3215,358 تومن برای غذا دادم,food
3216,3229 تومن برای خرید پوشاک دادم,shopping
3217,4556 تومن برای سینما دادم,entertainment
3218,کرایه تاکسی 244 تومن شد,transport
3219,خرید دارو 3402 تومن شد,health
3220,شارژ موبایل 4863 تومن شد,other
3221,شارژ ساختمان 1371 تومن شد,housing
3222,3609 تومن خرج کنسرت شد,entertainment
3223,4940 تومن قبض آب شد,housing
3224,تعمیرات خانه 1594 تومن شد,housing
3225,غذا 3038 تومن شد,food
3226,خرج غذا 828 تومن شد,food
3227,4603 تومن برای غذا دادم,food
3228,ویزیت پزشک 640 تومن شد,health
3229,لوازم خانگی 1484 تومن شد,shopping
3230,3897 تومن هدیه خریدم,other
3231,خرج خانه 553 تومن شد,housing
3232,برای غذا 2915 تومن خرج کردم,food
3233,کرایه تاکسی 2398 تومن شد,transport
3234,در رستوران غذا 2197 تومن شد,food
3235,خرج خانه 2592 تومن شد,housing
3236,4077 تومن برای اسنپ دادم,transport
3237,شارژ موبایل 3643 تومن شد,other
3238,کرایه تاکسی 3189 تومن شد,transport
3239,ویزیت پزشک 510 تومن شد,health
3240,تاکسی 3207 تومن شد,transport
3241,2799 تومن دکتر گرفتم,health
3242,2789 تومن اینترنت دادم,housing
3243,دارو 1505 تومن شد,health
3244,خرج متفرقه 4956 تومن شد,other
3245,خرج تفریح 3002 تومن شد,entertainment
3246,3764 تومن کمک خیریه کردم,other
3247,4468 تومن برای غذا دادم,food
3248,خرج غذا 376 تومن شد,food
3249,4751 تومن اینترنت دادم,housing
3250,494 تومن غذا گرفتم,food
3251,4026 تومن قبض آب شد,housing
3252,957 تومن اشتراک خریدم,other
3253,اجاره 136 تومن شد,housing
3254,بولینگ 1208 تومن شد,entertainment
3255,بلیط تئاتر 3476 تومن شد,entertainment
3256,1314 تومن خرج غذا شد,food
3257,4527 تومن خرج پارک شد,entertainment
3258,56 تومن اینترنت دادم,housing
3259,کیف 114 تومن شد,shopping
3260,درمانگاه 3287 تومن شد,health
3261,قبض گاز 465 تومن شد,housing
3262,4903 تومن برای بازی دادم,entertainment
3263,خرج غذا 4735 تومن شد,food
3264,بلیط تئاتر 2522 تومن شد,entertainment
3265,خرید دارو 1578 تومن شد,health
3266,222 تومن هدیه خریدم,other
3267,381 تومن آزمایش دادم,health
3268,دندانپزشک 4520 تومن شد,health
3269,4425 تومن تاکسی اینترنتی گرفتم,transport
3270,در رستوران غذا 2329 تومن شد,food
3271,3078 تومن برای بیمه دادم,other
3272,شارژ ساختمان 4010 تومن شد,housing
3273,4261 تومن غذا گرفتم,food
3274,خرج لوازم تحریر 4582 تومن شد,shopping
3275,790 تومن اتوبوس شد,transport
3276,برای غذا 3525 تومن خرج کردم,food
3277,912 تومن خرید اینترنتی کردم,shopping
3278,4730 تومن کمک خیریه کردم,other
3279,226 تومن برای کفش دادم,shopping
3280,شارژ ساختمان 1094 تومن شد,housing
3281,خرید دارو 1485 تومن شد,health
3282,198 تومن خرید اینترنتی کردم,shopping
3283,خرج تفریح 105 تومن شد,entertainment
3284,خرید دارو 4733 تومن شد,health
3285,610 تومن غذا گرفتم,food
3286,3531 تومن اتوبوس شد,transport
3287,برای غذا 963 تومن خرج کردم,food
3288,1527 تومن دکتر گرفتم,health
3289,4255 تومن برای خرید پوشاک دادم,shopping
3290,2410 تومن غذا گرفتم,food
3291,خرج لوازم تحریر 1454 تومن شد,shopping
3292,اجاره 1304 تومن شد,housing
3293,درمانگاه 257 تومن شد,health
3294,کیف 4415 تومن شد,shopping
3295,934 تومن برای خرید غذا دادم,food
3296,دارو 4648 تومن شد,health
3297,خرید دارو 3306 تومن شد,health
3298,439 تومن کمک خیریه کردم,other
3299,2690 تومن غذا گرفتم,food
3300,463 تومن برای خرید پوشاک دادم,shopping
3301,خرج تفریح 2516 تومن شد,entertainment
3302,4683 تومن خرج پارک شد,entertainment
3303,خرج تفریح 2777 تومن شد,entertainment
3304,4421 تومن کمک خیریه کردم,other
3305,2285 تومن شهربازی رفتیم,entertainment
3306,اجاره 2708 تومن شد,housing
3307,در رستوران غذا 4475 تومن شد,food
3308,1393 تومن برای قبض برق دادم,housing
3309,3302 تومن برای قبض برق دادم,housing
3310,قبض گاز 4923 تومن شد,housing
3311,384 تومن اسنپ گرفتم,transport
3312,4159 تومن اتوبوس شد,transport
3313,3067 تومن برای بازی دادم,entertainment
3314,دارو 1153 تومن شد,health
3315,برای غذا 3861 تومن خرج کردم,food
3316,ویزیت پزشک 4774 تومن شد,health
3317,2486 تومن برای خرید غذا دادم,food
3318,دارو 1308 تومن شد,health
3319,706 تومن برای بیمه دادم,other
3320,ویزیت پزشک 1442 تومن شد,health
3321,تاکسی 1653 تومن شد,transport
3322,1834 تومن برای قبض برق دادم,housing
3323,2846 تومن از داروخانه خرید کردم,health
3324,1558 تومن اینترنت دادم,housing
3325,خرج تفریح 2079 تومن شد,entertainment
3326,571 تومن خرید اینترنتی کردم,shopping
3327,دارو 2047 تومن شد,health
3328,2835 تومن دکتر گرفتم,health
3329,4307 تومن لباس خریدم,shopping
3330,در رستوران غذا 914 تومن شد,food
3331,خرج متفرقه 835 تومن شد,other
3332,لوازم خانگی 2248 تومن شد,shopping
3333,4975 تومن خرید اینترنتی کردم,shopping
3334,3996 تومن دکتر گرفتم,health
3335,1231 تومن غذا گرفتم,food
3336,1769 تومن اینترنت دادم,housing
3337,غذای رستوران 4571 تومن شد,food
3338,2498 تومن برای بیمه دادم,other
3339,خرج تفریح 3499 تومن شد,entertainment
3340,درمانگاه 1110 تومن شد,health
3341,3854 تومن غذا گرفتم,food
3342,بلیط تئاتر 2626 تومن شد,entertainment
3343,کتاب 1915 تومن شد,other
3344,شارژ موبایل 3340 تومن شد,other
3345,خرج غذا 1195 تومن شد,food
3346,3756 تومن برای بازی دادم,entertainment
3347,غذای رستوران 4205 تومن شد,food
3348,کیف 3417 تومن شد,shopping
3349,4373 تومن برای کفش دادم,shopping
3350,بنزین 2520 تومن شد,transport
3351,4312 تومن خرج پارک شد,entertainment
3352,2749 تومن خرج پارک شد,entertainment
3353,دندانپزشک 1743 تومن شد,health
3354,کرایه تاکسی 875 تومن شد,transport
3355,4462 تومن آزمایش دادم,health
3356,شارژ موبایل 3374 تومن شد,other
3357,1548 تومن دکتر گرفتم,health
3358,لوازم خانگی 2504 تومن شد,shopping
3359,1984 تومن لباس خریدم,shopping
3360,4715 تومن برای خرید پوشاک دادم,shopping
3361,2479 تومن مترو شارژ کردم,transport
3362,در رستوران غذا 790 تومن شد,food
3363,کتاب 2237 تومن شد,other
3364,دارو 4959 تومن شد,health
3365,1995 تومن دکتر گرفتم,health
3366,خرج متفرقه 4309 تومن شد,other
3367,دندانپزشک 4845 تومن شد,health
3368,3417 تومن لباس خریدم,shopping
3369,قبض گاز 3742 تومن شد,housing
3370,کیف 2288 تومن شد,shopping
3371,دندانپزشک 4749 تومن شد,health
3372,1674 تومن کمک خیریه کردم,other
3373,3299 تومن غذا گرفتم,food
3374,3003 تومن برای بیمه دادم,other
3375,قبض گاز 1897 تومن شد,housing
3376,لوازم خانگی 1898 تومن شد,shopping
3377,3409 تومن برای سینما دادم,entertainment
3378,3017 تومن برای اسنپ دادم,transport
3379,166 تومن برای قبض برق دادم,housing
3380,خرج لوازم تحریر 4578 تومن شد,shopping
3381,2962 تومن تاکسی اینترنتی گرفتم,transport
3382,شارژ ساختمان 2645 تومن شد,housing
3383,4224 تومن تاکسی اینترنتی گرفتم,transport
3384,3686 تومن خرج غذا شد,food
3385,762 تومن خرج پارک شد,entertainment
3386,تعمیرات خانه 3586 تومن شد,housing
3387,3233 تومن برای کفش دادم,shopping
3388,خرج متفرقه 1896 تومن شد,other
3389,دارو 4457 تومن شد,health
3390,4076 تومن برای خرید سوپر دادم,shopping
3391,858 تومن برای اسنپ دادم,transport
3392,تعمیرات خانه 4037 تومن شد,housing
3393,4760 تومن آزمایش دادم,health
3394,بلیط تئاتر 4735 تومن شد,entertainment
3395,4097 تومن خرج سفر شد,other
3396,2929 تومن برای خرید غذا دادم,food
3397,1956 تومن اینترنت دادم,housing
3398,4603 تومن برای خرید پوشاک دادم,shopping
3399,کرایه تاکسی 622 تومن شد,transport
3400,شارژ ساختمان 1325 تومن شد,housing
3401,2596 تومن اسنپ گرفتم,transport
3402,بولینگ 2186 تومن شد,entertainment
3403,در رستوران غذا 1263 تومن شد,food
3404,2588 تومن خرج کنسرت شد,entertainment
3405,4395 تومن غذا گرفتم,food
3406,لوازم خانگی 2486 تومن شد,shopping
3407,3619 تومن اشتراک خریدم,other
3408,658 تومن برای سینما دادم,entertainment
3409,3539 تومن دکتر گرفتم,health
3410,1736 تومن اسنپ گرفتم,transport
3411,شارژ ساختمان 1181 تومن شد,housing
3412,3943 تومن برای کفش دادم,shopping
3413,بلیط تئاتر 3800 تومن شد,entertainment
3414,2926 تومن شهربازی رفتیم,entertainment
3415,4485 تومن اشتراک خریدم,other
3416,قبض گاز 4934 تومن شد,housing
3417,4004 تومن خرج کنسرت شد,entertainment
3418,1133 تومن برای خرید غذا دادم,food
3419,1258 تومن برای غذا دادم,food
3420,4456 تومن خرج پارک شد,entertainment
3421,ویزیت پزشک 1466 تومن شد,health
3422,شارژ ساختمان 1719 تومن شد,housing
3423,639 تومن اتوبوس شد,transport
3424,تاکسی 308 تومن شد,transport
3425,142 تومن قبض آب شد,housing
3426,تاکسی 4112 تومن شد,transport
3427,706 تومن خرج سفر شد,other
3428,خرج تفریح 2890 تومن شد,entertainment
3429,379 تومن برای کفش دادم,shopping
3430,3254 تومن خرج پارک شد,entertainment
3431,1142 تومن برای غذا دادم,food
3432,4944 تومن برای خرید غذا دادم,food
3433,1889 تومن برای خرید سوپر دادم,shopping
3434,درمانگاه 2168 تومن شد,health
3435,1168 تومن خرج غذا شد,food
3436,2358 تومن خرید اینترنتی کردم,shopping
3437,2176 تومن لباس خریدم,shopping
3438,672 تومن غذا گرفتم,food
3439,2122 تومن برای بیمه دادم,other
3440,لوازم خانگی 2519 تومن شد,shopping
3441,غذای رستوران 4131 تومن شد,food
3442,2755 تومن برای قبض برق دادم,housing
3443,1094 تومن برای غذا دادم,food
3444,شارژ ساختمان 1989 تومن شد,housing
3445,خرج لوازم تحریر 1150 تومن شد,shopping
3446,کرایه تاکسی 1641 تومن شد,transport
3447,خرج خانه 1112 تومن شد,housing
3448,غذای رستوران 2207 تومن شد,food
3449,2388 تومن برای سینما دادم,entertainment
3450,تاکسی 3028 تومن شد,transport
3451,681 تومن اسنپ گرفتم,transport
3452,در رستوران غذا 923 تومن شد,food
3453,4667 تومن برای غذا دادم,food
3454,3201 تومن اینترنت دادم,housing
3455,شارژ موبایل 816 تومن شد,other
3456,در رستوران غذا 806 تومن شد,food
3457,بولینگ 2792 تومن شد,entertainment
3458,3672 تومن مترو شارژ کردم,transport
3459,4612 تومن هدیه خریدم,other
3460,252 تومن از داروخانه خرید کردم,health
3461,شارژ ساختمان 508 تومن شد,housing
3462,غذای رستوران 2586 تومن شد,food
3463,خرج غذا 2051 تومن شد,food
3464,1294 تومن قبض آب شد,housing
3465,4149 تومن لباس خریدم,shopping
3466,برای غذا 1053 تومن خرج کردم,food
3467,برای غذا 618 تومن خرج کردم,food
3468,495 تومن خرید اینترنتی کردم,shopping
3469,157 تومن قبض آب شد,housing
3470,غذای رستوران 3752 تومن شد,food
3471,3112 تومن برای خرید پوشاک دادم,shopping
3472,1553 تومن تاکسی اینترنتی گرفتم,transport
3473,غذا 4898 تومن شد,food
3474,در رستوران غذا 1993 تومن شد,food
3475,3820 تومن برای خرید پوشاک دادم,shopping
3476,خرج تفریح 2794 تومن شد,entertainment
3477,بولینگ 4407 تومن شد,entertainment
3478,3275 تومن تاکسی اینترنتی گرفتم,transport
3479,بنزین 4737 تومن شد,transport
3480,4433 تومن برای سینما دادم,entertainment
3481,1463 تومن برای غذا دادم,food
3482,لوازم خانگی 448 تومن شد,shopping
3483,غذای رستوران 2321 تومن شد,food
3484,2590 تومن برای کفش دادم,shopping
3485,1428 تومن کمک خیریه کردم,other
3486,اجاره 2103 تومن شد,housing
3487,1931 تومن شهربازی رفتیم,entertainment
3488,3491 تومن برای خرید غذا دادم,food
3489,2013 تومن برای کفش دادم,shopping
3490,بنزین 3259 تومن شد,transport
3491,لوازم خانگی 4412 تومن شد,shopping
3492,1689 تومن خرج غذا شد,food
3493,لوازم خانگی 2563 تومن شد,shopping
3494,4102 تومن برای بیمه دادم,other
3495,2903 تومن قبض آب شد,housing
3496,خرید دارو 695 تومن شد,health
3497,895 تومن برای بازی دادم,entertainment
3498,126 تومن برای خرید غذا دادم,food
3499,درمانگاه 2982 تومن شد,health
3500,1388 تومن برای خرید غذا دادم,food
3501,تاکسی 3144 تومن شد,transport
3502,خرج غذا 1302 تومن شد,food
3503,دارو 935 تومن شد,health
3504,درمانگاه 4315 تومن شد,health
3505,غذا 4157 تومن شد,food
3506,تاکسی 3241 تومن شد,transport
3507,2192 تومن برای بازی دادم,entertainment
3508,4019 تومن کمک خیریه کردم,other
3509,خرج تفریح 3641 تومن شد,entertainment
3510,4315 تومن برای قبض برق دادم,housing
3511,دندانپزشک 4756 تومن شد,health
3512,4069 تومن شهربازی رفتیم,entertainment
3513,غذا 4827 تومن شد,food
3514,در رستوران غذا 4830 تومن شد,food
3515,لوازم خانگی 1746 تومن شد,shopping
3516,395 تومن برای خرید پوشاک دادم,shopping
3517,1809 تومن برای خرید پوشاک دادم,shopping
3518,2650 تومن برای قبض برق دادم,housing
3519,852 تومن برای کفش دادم,shopping
3520,خرج تفریح 2335 تومن شد,entertainment
3521,4063 تومن اینترنت دادم,housing
3522,بلیط تئاتر 4741 تومن شد,entertainment
3523,بولینگ 2929 تومن شد,entertainment
3524,3421 تومن برای اسنپ دادم,transport
3525,1779 تومن برای کفش دادم,shopping
3526,غذا 2384 تومن شد,food
3527,3285 تومن خرج پارک شد,entertainment
3528,اجاره 2635 تومن شد,housing
3529,بلیط تئاتر 4036 تومن شد,entertainment
3530,3119 تومن لباس خریدم,shopping
3531,دارو 4963 تومن شد,health
3532,960 تومن خرج سفر شد,other
3533,3238 تومن لباس خریدم,shopping
3534,برای غذا 812 تومن خرج کردم,food
3535,3127 تومن خرج کنسرت شد,entertainment
3536,اجاره 3294 تومن شد,housing
3537,شارژ موبایل 500 تومن شد,other
3538,1223 تومن شهربازی رفتیم,entertainment
3539,2440 تومن اسنپ گرفتم,transport
3540,غذا 2282 تومن شد,food
3541,983 تومن برای خرید پوشاک دادم,shopping
3542,کتاب 3999 تومن شد,other
3543,2758 تومن آزمایش دادم,health
3544,کیف 137 تومن شد,shopping
3545,در رستوران غذا 3679 تومن شد,food
3546,4030 تومن تاکسی اینترنتی گرفتم,transport
3547,تاکسی 3042 تومن شد,transport
3548,495 تومن برای بیمه دادم,other
3549,تاکسی 289 تومن شد,transport
3550,2002 تومن خرید اینترنتی کردم,shopping
3551,شارژ ساختمان 1992 تومن شد,housing
3552,درمانگاه 4485 تومن شد,health
3553,3165 تومن دکتر گرفتم,health
3554,دندانپزشک 4265 تومن شد,health
3555,832 تومن اتوبوس شد,transport
3556,بنزین 2421 تومن شد,transport
3557,3548 تومن اینترنت دادم,housing
3558,482 تومن اینترنت دادم,housing
3559,1750 تومن خرج پارک شد,entertainment
3560,2205 تومن آزمایش دادم,health
3561,3639 تومن برای خرید غذا دادم,food
3562,4611 تومن برای خرید سوپر دادم,shopping
3563,3859 تومن برای خرید غذا دادم,food
3564,640 تومن هدیه خریدم,other
3565,خرج متفرقه 3703 تومن شد,other
3566,1777 تومن اینترنت دادم,housing
3567,شارژ موبایل 4643 تومن شد,other
3568,لوازم خانگی 4868 تومن شد,shopping
3569,1835 تومن اشتراک خریدم,other
3570,743 تومن خرید اینترنتی کردم,shopping
3571,خرج لوازم تحریر 3250 تومن شد,shopping
3572,تاکسی 1745 تومن شد,transport
3573,شارژ ساختمان 1135 تومن شد,housing
3574,بنزین 1417 تومن شد,transport
3575,4443 تومن برای خرید غذا دادم,food
3576,خرج متفرقه 1426 تومن شد,other
3577,1574 تومن برای خرید غذا دادم,food
3578,شارژ ساختمان 3426 تومن شد,housing
3579,1119 تومن هدیه خریدم,other
3580,کرایه تاکسی 3901 تومن شد,transport
3581,بلیط تئاتر 831 تومن شد,entertainment
3582,1360 تومن برای خرید سوپر دادم,shopping
3583,1549 تومن برای بازی دادم,entertainment
3584,کتاب 921 تومن شد,other
3585,خرج خانه 1080 تومن شد,housing
3586,در رستوران غذا 3519 تومن شد,food
3587,بلیط تئاتر 2095 تومن شد,entertainment
3588,کرایه تاکسی 640 تومن شد,transport
3589,ویزیت پزشک 3207 تومن شد,health
3590,4602 تومن برای خرید غذا دادم,food
3591,کتاب 1130 تومن شد,other
3592,اجاره 4735 تومن شد,housing
3593,4773 تومن غذا گرفتم,food
3594,دندانپزشک 4282 تومن شد,health
3595,خرید دارو 4736 تومن شد,health
3596,تعمیرات خانه 392 تومن شد,housing
3597,خرج غذا 3135 تومن شد,food
3598,خرج لوازم تحریر 228 تومن شد,shopping
3599,483 تومن اتوبوس شد,transport
3600,4169 تومن برای غذا دادم,food
3601,غذای رستوران 4821 تومن شد,food
3602,4838 تومن دکتر گرفتم,health
3603,4898 تومن برای سینما دادم,entertainment
3604,بلیط تئاتر 540 تومن شد,entertainment
3605,خرج متفرقه 737 تومن شد,other
3606,524 تومن غذا گرفتم,food
3607,دندانپزشک 2397 تومن شد,health
3608,745 تومن خرج کنسرت شد,entertainment
3609,تعمیرات خانه 224 تومن شد,housing
3610,خرج متفرقه 3596 تومن شد,other
3611,1969 تومن شهربازی رفتیم,entertainment
3612,در رستوران غذا 3780 تومن شد,food
3613,3379 تومن برای خرید غذا دادم,food
3614,3052 تومن اشتراک خریدم,other
3615,کیف 2292 تومن شد,shopping
3616,542 تومن برای خرید پوشاک دادم,shopping
3617,خرج خانه 3950 تومن شد,housing
3618,1738 تومن خرج کنسرت شد,entertainment
3619,بولینگ 1130 تومن شد,entertainment
3620,1572 تومن خرج غذا شد,food
3621,1257 تومن خرج سفر شد,other
3622,دندانپزشک 1635 تومن شد,health
3623,کیف 4110 تومن شد,shopping
3624,بنزین 1440 تومن شد,transport
3625,1223 تومن از داروخانه خرید کردم,health
3626,1358 تومن هدیه خریدم,other
3627,3181 تومن قبض آب شد,housing
3628,دارو 3216 تومن شد,health
3629,خرج خانه 4933 تومن شد,housing
3630,3874 تومن برای خرید غذا دادم,food
3631,2304 تومن تاکسی اینترنتی گرفتم,transport
3632,غذا 2045 تومن شد,food
3633,2451 تومن برای بیمه دادم,other
3634,1171 تومن کمک خیریه کردم,other
3635,قبض گاز 725 تومن شد,housing
3636,بولینگ 2794 تومن شد,entertainment
3637,خرج غذا 2986 تومن شد,food
3638,507 تومن برای خرید سوپر دادم,shopping
3639,درمانگاه 4967 تومن شد,health
3640,کتاب 1839 تومن شد,other
3641,بلیط تئاتر 3194 تومن شد,entertainment
3642,194 تومن تاکسی اینترنتی گرفتم,transport
3643,بنزین 2093 تومن شد,transport
3644,3815 تومن هدیه خریدم,other
3645,1001 تومن خرج غذا شد,food
3646,کیف 3679 تومن شد,shopping
3647,غذای رستوران 2894 تومن شد,food
3648,خرج تفریح 4177 تومن شد,entertainment
3649,خرید دارو 1816 تومن شد,health
3650,تعمیرات خانه 3807 تومن شد,housing
3651,تعمیرات خانه 1755 تومن شد,housing
3652,ویزیت پزشک 2667 تومن شد,health
3653,3173 تومن لباس خریدم,shopping
3654,برای غذا 1070 تومن خرج کردم,food
3655,4078 تومن خرج غذا شد,food
3656,درمانگاه 3457 تومن شد,health
3657,لوازم خانگی 3415 تومن شد,shopping
3658,خرج لوازم تحریر 3294 تومن شد,shopping
3659,4072 تومن شهربازی رفتیم,entertainment
3660,2077 تومن خرج کنسرت شد,entertainment
3661,3876 تومن برای بیمه دادم,other
3662,3265 تومن آزمایش دادم,health
3663,1755 تومن برای کفش دادم,shopping
3664,238 تومن تاکسی اینترنتی گرفتم,transport
3665,شارژ موبایل 497 تومن شد,other
3666,884 تومن برای کفش دادم,shopping
3667,تاکسی 1203 تومن شد,transport
3668,2777 تومن هدیه خریدم,other
3669,3471 تومن لباس خریدم,shopping
3670,خرج تفریح 659 تومن شد,entertainment
3671,تعمیرات خانه 2656 تومن شد,housing
3672,1929 تومن برای اسنپ دادم,transport
3673,911 تومن خرید اینترنتی کردم,shopping
3674,278 تومن برای خرید پوشاک دادم,shopping
3675,4305 تومن خرج پارک شد,entertainment
3676,3008 تومن برای بیمه دادم,other
3677,کتاب 850 تومن شد,other
3678,2729 تومن خرید اینترنتی کردم,shopping
3679,3182 تومن مترو شارژ کردم,transport
3680,336 تومن برای اسنپ دادم,transport
3681,دارو 1117 تومن شد,health
3682,2215 تومن خرج پارک شد,entertainment
3683,غذا 988 تومن شد,food
3684,4790 تومن برای غذا دادم,food
3685,خرج خانه 4165 تومن شد,housing
3686,برای غذا 509 تومن خرج کردم,food
3687,1391 تومن قبض آب شد,housing
3688,خرید دارو 663 تومن شد,health
3689,1683 تومن شهربازی رفتیم,entertainment
3690,4839 تومن برای قبض برق دادم,housing
3691,845 تومن برای غذا دادم,food
3692,2158 تومن خرج پارک شد,entertainment
3693,4410 تومن خرج پارک شد,entertainment
3694,2367 تومن کمک خیریه کردم,other
3695,4338 تومن مترو شارژ کردم,transport
3696,3678 تومن قبض آب شد,housing
3697,3073 تومن خرج پارک شد,entertainment
3698,بلیط تئاتر 4089 تومن شد,entertainment
3699,956 تومن مترو شارژ کردم,transport
3700,خرج تفریح 1272 تومن شد,entertainment
3701,غذا 4332 تومن شد,food
3702,2031 تومن از داروخانه خرید کردم,health
3703,در رستوران غذا 1681 تومن شد,food
3704,لوازم خانگی 3606 تومن شد,shopping
3705,تاکسی 2361 تومن شد,transport
3706,لوازم خانگی 2628 تومن شد,shopping
3707,3826 تومن اشتراک خریدم,other
3708,4525 تومن برای بازی دادم,entertainment
3709,قبض گاز 705 تومن شد,housing
3710,2932 تومن برای بیمه دادم,other
3711,غذای رستوران 988 تومن شد,food
3712,1261 تومن برای بیمه دادم,other
3713,بنزین 4589 تومن شد,transport
3714,4000 تومن از داروخانه خرید کردم,health
3715,خرید دارو 3994 تومن شد,health
3716,1543 تومن اشتراک خریدم,other
3717,4844 تومن کمک خیریه کردم,other
3718,کرایه تاکسی 1720 تومن شد,transport
3719,1209 تومن خرج سفر شد,other
3720,تاکسی 3671 تومن شد,transport
3721,درمانگاه 1412 تومن شد,health
3722,کرایه تاکسی 977 تومن شد,transport
3723,110 تومن برای کفش دادم,shopping
3724,شارژ ساختمان 4478 تومن شد,housing
3725,برای غذا 150 تومن خرج کردم,food
3726,غذای رستوران 4268 تومن شد,food
3727,خرج غذا 3353 تومن شد,food
3728,غذای رستوران 2374 تومن شد,food
3729,1473 تومن آزمایش دادم,health
3730,3532 تومن خرج کنسرت شد,entertainment
3731,لوازم خانگی 4961 تومن شد,shopping
3732,بنزین 734 تومن شد,transport
3733,بلیط تئاتر 725 تومن شد,entertainment
3734,4060 تومن برای خرید پوشاک دادم,shopping
3735,4336 تومن برای قبض برق دادم,housing
3736,لوازم خانگی 1049 تومن شد,shopping
3737,3143 تومن لباس خریدم,shopping
3738,2294 تومن از داروخانه خرید کردم,health
3739,3140 تومن برای خرید غذا دادم,food
3740,1384 تومن برای کفش دادم,shopping
3741,1768 تومن مترو شارژ کردم,transport
3742,بنزین 1334 تومن شد,transport
3743,1770 تومن برای اسنپ دادم,transport
3744,4691 تومن دکتر گرفتم,health
3745,2141 تومن برای غذا دادم,food
3746,4550 تومن اینترنت دادم,housing
3747,688 تومن برای بازی دادم,entertainment
3748,4057 تومن مترو شارژ کردم,transport
3749,1396 تومن خرج پارک شد,entertainment
3750,در رستوران غذا 997 تومن شد,food
3751,دندانپزشک 794 تومن شد,health
3752,2729 تومن برای خرید پوشاک دادم,shopping
3753,4052 تومن برای غذا دادم,food
3754,958 تومن اشتراک خریدم,other
3755,قبض گاز 3994 تومن شد,housing
3756,100 تومن برای قبض برق دادم,housing
3757,115 تومن برای بازی دادم,entertainment
3758,1075 تومن مترو شارژ کردم,transport
3759,اجاره 2822 تومن شد,housing
3760,تاکسی 3548 تومن شد,transport
3761,939 تومن خرید اینترنتی کردم,shopping
3762,خرج متفرقه 1029 تومن شد,other
3763,3862 تومن هدیه خریدم,other
3764,3840 تومن کمک خیریه کردم,other
3765,3000 تومن اسنپ گرفتم,transport
3766,کیف 2747 تومن شد,shopping
3767,خرج غذا 3318 تومن شد,food
3768,خرج غذا 1452 تومن شد,food
3769,2185 تومن اشتراک خریدم,other
3770,4788 تومن خرید اینترنتی کردم,shopping
3771,3499 تومن اتوبوس شد,transport
3772,178 تومن شهربازی رفتیم,entertainment
3773,دارو 4623 تومن شد,health
3774,درمانگاه 2306 تومن شد,health
3775,4817 تومن برای سینما دادم,entertainment
3776,3468 تومن قبض آب شد,housing
3777,غذا 1398 تومن شد,food
3778,2674 تومن دکتر گرفتم,health
3779,درمانگاه 4647 تومن شد,health
3780,برای غذا 2641 تومن خرج کردم,food
3781,در رستوران غذا 4845 تومن شد,food
3782,1070 تومن برای اسنپ دادم,transport
3783,شارژ ساختمان 4945 تومن شد,housing
3784,3792 تومن برای سینما دادم,entertainment
3785,2322 تومن برای خرید پوشاک دادم,shopping
3786,2676 تومن آزمایش دادم,health
3787,871 تومن آزمایش دادم,health
3788,لوازم خانگی 4366 تومن شد,shopping
3789,غذای رستوران 2262 تومن شد,food
3790,شارژ ساختمان 3731 تومن شد,housing
3791,656 تومن کمک خیریه کردم,other
3792,شارژ ساختمان 2361 تومن شد,housing
3793,خرید دارو 2818 تومن شد,health
3794,غذا 3878 تومن شد,food
3795,بنزین 3889 تومن شد,transport
3796,غذای رستوران 4831 تومن شد,food
3797,395 تومن کمک خیریه کردم,other
3798,کتاب 404 تومن شد,other
3799,3529 تومن خرج سفر شد,other
3800,قبض گاز 4757 تومن شد,housing
3801,3347 تومن برای اسنپ دادم,transport
3802,3066 تومن برای کفش دادم,shopping
3803,2207 تومن آزمایش دادم,health
3804,3048 تومن تاکسی اینترنتی گرفتم,transport
3805,خرج لوازم تحریر 2254 تومن شد,shopping
3806,دندانپزشک 4423 تومن شد,health
3807,غذای رستوران 3271 تومن شد,food
3808,غذای رستوران 3856 تومن شد,food
3809,4592 تومن لباس خریدم,shopping
3810,لوازم خانگی 921 تومن شد,shopping
3811,قبض گاز 496 تومن شد,housing
3812,4583 تومن اشتراک خریدم,other
3813,کیف 1124 تومن شد,shopping
3814,بلیط تئاتر 945 تومن شد,entertainment
3815,شارژ موبایل 4872 تومن شد,other
3816,خرج متفرقه 3425 تومن شد,other
3817,دارو 4307 تومن شد,health
3818,3398 تومن تاکسی اینترنتی گرفتم,transport
3819,4745 تومن برای کفش دادم,shopping
3820,3942 تومن خرج غذا شد,food
3821,بنزین 3386 تومن شد,transport
3822,2182 تومن اشتراک خریدم,other
3823,4955 تومن برای خرید پوشاک دادم,shopping
3824,2940 تومن غذا گرفتم,food
3825,1381 تومن خرج پارک شد,entertainment
3826,درمانگاه 796 تومن شد,health
3827,خرج تفریح 4061 تومن شد,entertainment
3828,1887 تومن اسنپ گرفتم,transport
3829,3993 تومن غذا گرفتم,food
3830,4615 تومن برای قبض برق دادم,housing
3831,2700 تومن شهربازی رفتیم,entertainment
3832,3201 تومن برای کفش دادم,shopping
3833,ویزیت پزشک 129 تومن شد,health
3834,تعمیرات خانه 2241 تومن شد,housing
3835,3830 تومن خرج غذا شد,food
3836,شارژ موبایل 485 تومن شد,other
3837,3635 تومن برای کفش دادم,shopping
3838,درمانگاه 2370 تومن شد,health
3839,خرج غذا 3571 تومن شد,food
3840,1791 تومن برای خرید پوشاک دادم,shopping
3841,1523 تومن برای سینما دادم,entertainment
3842,3205 تومن برای سینما دادم,entertainment
3843,کیف 3354 تومن شد,shopping
3844,قبض گاز 1604 تومن شد,housing
3845,1291 تومن تاکسی اینترنتی گرفتم,transport
3846,دندانپزشک 1858 تومن شد,health
3847,خرج متفرقه 4898 تومن شد,other
3848,غذای رستوران 4985 تومن شد,food
3849,تعمیرات خانه 1981 تومن شد,housing
3850,ویزیت پزشک 3653 تومن شد,health
3851,1683 تومن برای غذا دادم,food
3852,بولینگ 1725 تومن شد,entertainment
3853,غذای رستوران 3565 تومن شد,food
3854,519 تومن اسنپ گرفتم,transport
3855,2775 تومن برای بیمه دادم,other
3856,در رستوران غذا 4766 تومن شد,food
3857,لوازم خانگی 3764 تومن شد,shopping
3858,4211 تومن برای قبض برق دادم,housing
3859,خرج لوازم تحریر 2616 تومن شد,shopping
3860,بنزین 3073 تومن شد,transport
3861,شارژ موبایل 1805 تومن شد,other
3862,3643 تومن برای خرید پوشاک دادم,shopping
3863,1714 تومن برای بازی دادم,entertainment
3864,کیف 1666 تومن شد,shopping
3865,کتاب 965 تومن شد,other
3866,غذا 4566 تومن شد,food
3867,غذای رستوران 222 تومن شد,food
3868,بلیط تئاتر 3368 تومن شد,entertainment
3869,دندانپزشک 4234 تومن شد,health
3870,1537 تومن قبض آب شد,housing
3871,کرایه تاکسی 2925 تومن شد,transport
3872,3454 تومن برای خرید غذا دادم,food
3873,4870 تومن آزمایش دادم,health
3874,872 تومن برای خرید غذا دادم,food
3875,برای غذا 3889 تومن خرج کردم,food
3876,خرج تفریح 4362 تومن شد,entertainment
3877,ویزیت پزشک 3430 تومن شد,health
3878,1847 تومن برای خرید سوپر دادم,shopping
3879,4008 تومن خرج غذا شد,food
3880,1011 تومن اتوبوس شد,transport
3881,3309 تومن آزمایش دادم,health
3882,4425 تومن برای غذا دادم,food
3883,753 تومن خرید اینترنتی کردم,shopping
3884,1516 تومن برای سینما دادم,entertainment
3885,اجاره 2380 تومن شد,housing
3886,861 تومن اسنپ گرفتم,transport
3887,خرید دارو 4054 تومن شد,health
3888,3456 تومن برای غذا دادم,food
3889,3007 تومن برای بیمه دادم,other
3890,خرج غذا 3766 تومن شد,food
3891,کتاب 2289 تومن شد,other
3892,1903 تومن آزمایش دادم,health
3893,315 تومن مترو شارژ کردم,transport
3894,989 تومن برای کفش دادم,shopping
3895,3956 تومن خرج کنسرت شد,entertainment
3896,تاکسی 4999 تومن شد,transport
3897,دندانپزشک 4834 تومن شد,health
3898,ویزیت پزشک 530 تومن شد,health
3899,2992 تومن مترو شارژ کردم,transport
3900,قبض گاز 3275 تومن شد,housing
3901,3974 تومن برای اسنپ دادم,transport
3902,کتاب 4077 تومن شد,other
3903,3892 تومن غذا گرفتم,food
3904,خرید دارو 2988 تومن شد,health
3905,ویزیت پزشک 2006 تومن شد,health
3906,خرج خانه 4545 تومن شد,housing
3907,تعمیرات خانه 4112 تومن شد,housing
3908,4860 تومن برای خرید پوشاک دادم,shopping
3909,کرایه تاکسی 467 تومن شد,transport
3910,2780 تومن اینترنت دادم,housing
3911,خرج غذا 199 تومن شد,food
3912,962 تومن برای اسنپ دادم,transport
3913,1538 تومن برای غذا دادم,food
3914,4325 تومن کمک خیریه کردم,other
3915,دارو 94 تومن شد,health
3916,خرید دارو 2633 تومن شد,health
3917,ویزیت پزشک 1878 تومن شد,health
3918,2731 تومن برای بیمه دادم,other
3919,بنزین 1324 تومن شد,transport
3920,405 تومن برای خرید غذا دادم,food
3921,4503 تومن برای اسنپ دادم,transport
3922,در رستوران غذا 546 تومن شد,food
3923,1027 تومن کمک خیریه کردم,other
3924,1339 تومن برای غذا دادم,food
3925,2874 تومن غذا گرفتم,food
3926,برای غذا 1778 تومن خرج کردم,food
3927,خرج خانه 2585 تومن شد,housing
3928,4711 تومن قبض آب شد,housing
3929,2331 تومن برای خرید غذا دادم,food
3930,1377 تومن اینترنت دادم,housing
3931,1084 تومن مترو شارژ کردم,transport
3932,غذای رستوران 890 تومن شد,food
3933,خرج متفرقه 3422 تومن شد,other
3934,2201 تومن کمک خیریه کردم,other
3935,ویزیت پزشک 4261 تومن شد,health
3936,2424 تومن کمک خیریه کردم,other
3937,تاکسی 3056 تومن شد,transport
3938,1339 تومن برای غذا دادم,food
3939,3667 تومن کمک خیریه کردم,other
3940,کرایه تاکسی 1145 تومن شد,transport
3941,2811 تومن لباس خریدم,shopping
3942,3139 تومن برای سینما دادم,entertainment
3943,قبض گاز 4084 تومن شد,housing
3944,کیف 3211 تومن شد,shopping
3945,دندانپزشک 4985 تومن شد,health
3946,کرایه تاکسی 3176 تومن شد,transport
3947,بنزین 1261 تومن شد,transport
3948,4760 تومن غذا گرفتم,food
3949,دندانپزشک 761 تومن شد,health
3950,3099 تومن اینترنت دادم,housing
3951,تعمیرات خانه 971 تومن شد,housing
3952,در رستوران غذا 1898 تومن شد,food
3953,1028 تومن برای سینما دادم,entertainment
3954,ویزیت پزشک 2168 تومن شد,health
3955,2036 تومن مترو شارژ کردم,transport
3956,تاکسی 3956 تومن شد,transport
3957,بولینگ 616 تومن شد,entertainment
3958,کیف 1792 تومن شد,shopping
3959,3260 تومن لباس خریدم,shopping
3960,خرج لوازم تحریر 119 تومن شد,shopping
3961,1025 تومن برای بیمه دادم,other
3962,1037 تومن قبض آب شد,housing
3963,اجاره 123 تومن شد,housing
3964,2139 تومن خرج کنسرت شد,entertainment
3965,2314 تومن هدیه خریدم,other
3966,خرید دارو 122 تومن شد,health
3967,تاکسی 3533 تومن شد,transport
3968,4057 تومن برای بیمه دادم,other
3969,شارژ موبایل 512 تومن شد,other
3970,غذای رستوران 650 تومن شد,food
3971,4858 تومن برای خرید غذا دادم,food
3972,1625 تومن شهربازی رفتیم,entertainment
3973,قبض گاز 2305 تومن شد,housing
3974,خرج لوازم تحریر 4333 تومن شد,shopping
3975,خرج لوازم تحریر 1680 تومن شد,shopping
3976,کیف 2529 تومن شد,shopping
3977,260 تومن آزمایش دادم,health
3978,1039 تومن اشتراک خریدم,other
3979,بلیط تئاتر 4190 تومن شد,entertainment
3980,343 تومن خرج سفر شد,other
3981,قبض گاز 1238 تومن شد,housing
3982,4097 تومن برای خرید غذا دادم,food
3983,3766 تومن خرج سفر شد,other
3984,2367 تومن خرید اینترنتی کردم,shopping
3985,خرج غذا 1367 تومن شد,food
3986,کرایه تاکسی 1766 تومن شد,transport
3987,3723 تومن اشتراک خریدم,other
3988,3587 تومن کمک خیریه کردم,other
3989,3204 تومن اتوبوس شد,transport
3990,70 تومن اشتراک خریدم,other
3991,خرج متفرقه 1452 تومن شد,other
3992,در رستوران غذا 2879 تومن شد,food
3993,شارژ موبایل 1089 تومن شد,other
3994,2995 تومن خرج کنسرت شد,entertainment
3995,151 تومن آزمایش دادم,health
3996,اجاره 1635 تومن شد,housing
3997,2016 تومن برای اسنپ دادم,transport
3998,ویزیت پزشک 660 تومن شد,health
3999,4357 تومن خرید اینترنتی کردم,shopping
4000,3766 تومن قبض آب شد,housing
4001,غذا 715 تومن شد,food
4002,خرج غذا 1121 تومن شد,food
4003,2925 تومن برای غذا دادم,food
4004,2794 تومن کمک خیریه کردم,other
4005,2404 تومن کمک خیریه کردم,other
4006,غذا 1986 تومن شد,food
4007,خرج غذا 2575 تومن شد,food
4008,1248 تومن مترو شارژ کردم,transport
4009,360 تومن خرج کنسرت شد,entertainment
4010,خرج متفرقه 723 تومن شد,other
4011,452 تومن اینترنت دادم,housing
4012,قبض گاز 1775 تومن شد,housing
4013,2688 تومن شهربازی رفتیم,entertainment
4014,3711 تومن برای قبض برق دادم,housing
4015,3470 تومن برای خرید پوشاک دادم,shopping
4016,1402 تومن اسنپ گرفتم,transport
4017,بلیط تئاتر 2958 تومن شد,entertainment
4018,695 تومن برای اسنپ دادم,transport
4019,غذا 2103 تومن شد,food
4020,356 تومن برای سینما دادم,entertainment
4021,3249 تومن تاکسی اینترنتی گرفتم,transport
4022,1725 تومن برای قبض برق دادم,housing
4023,378 تومن خرج سفر شد,other
4024,1953 تومن لباس خریدم,shopping
4025,2186 تومن خرید اینترنتی کردم,shopping
4026,قبض گاز 1832 تومن شد,housing
4027,تاکسی 2601 تومن شد,transport
4028,غذای رستوران 3649 تومن شد,food
4029,خرج خانه 1500 تومن شد,housing
4030,شارژ ساختمان 1421 تومن شد,housing
4031,2247 تومن دکتر گرفتم,health
4032,کیف 3179 تومن شد,shopping
4033,1889 تومن برای بازی دادم,entertainment
4034,کرایه تاکسی 1011 تومن شد,transport
4035,2578 تومن خرید اینترنتی کردم,shopping
4036,شارژ موبایل 3867 تومن شد,other
4037,4462 تومن لباس خریدم,shopping
4038,3957 تومن برای غذا دادم,food
4039,1053 تومن برای سینما دادم,entertainment
4040,3125 تومن برای اسنپ دادم,transport
4041,116 تومن برای کفش دادم,shopping
4042,تعمیرات خانه 2260 تومن شد,housing
4043,کتاب 4393 تومن شد,other
4044,کتاب 4033 تومن شد,other
4045,4699 تومن برای خرید سوپر دادم,shopping
4046,خرج غذا 863 تومن شد,food
4047,2363 تومن مترو شارژ کردم,transport
4048,1628 تومن اتوبوس شد,transport
4049,3916 تومن برای کفش دادم,shopping
4050,4312 تومن از داروخانه خرید کردم,health
4051,1168 تومن شهربازی رفتیم,entertainment
4052,1933 تومن از داروخانه خرید کردم,health
4053,خرج خانه 4704 تومن شد,housing
4054,3991 تومن برای اسنپ دادم,transport
4055,2373 تومن برای بازی دادم,entertainment
4056,در رستوران غذا 1921 تومن شد,food
4057,اجاره 1941 تومن شد,housing
4058,خرج غذا 4674 تومن شد,food
4059,1945 تومن مترو شارژ کردم,transport
4060,4169 تومن دکتر گرفتم,health
4061,1474 تومن برای سینما دادم,entertainment
4062,دارو 667 تومن شد,health
4063,1467 تومن برای قبض برق دادم,housing
4064,لوازم خانگی 4071 تومن شد,shopping
4065,بولینگ 3443 تومن شد,entertainment
4066,برای غذا 2471 تومن خرج کردم,food
4067,ویزیت پزشک 4188 تومن شد,health
4068,3507 تومن هدیه خریدم,other
4069,تاکسی 2742 تومن شد,transport
4070,ویزیت پزشک 1115 تومن شد,health
4071,بلیط تئاتر 3509 تومن شد,entertainment
4072,2240 تومن برای غذا دادم,food
4073,585 تومن برای کفش دادم,shopping
4074,برای غذا 3158 تومن خرج کردم,food
4075,خرج تفریح 1320 تومن شد,entertainment
4076,1106 تومن دکتر گرفتم,health
4077,3330 تومن اسنپ گرفتم,transport
4078,شارژ موبایل 2368 تومن شد,other
4079,779 تومن دکتر گرفتم,health
4080,3085 تومن غذا گرفتم,food
4081,خرج لوازم تحریر 795 تومن شد,shopping
4082,2294 تومن خرج کنسرت شد,entertainment
4083,2510 تومن لباس خریدم,shopping
4084,2012 تومن اتوبوس شد,transport
4085,1033 تومن برای اسنپ دادم,transport
4086,دندانپزشک 4649 تومن شد,health
4087,4305 تومن برای قبض برق دادم,housing
4088,خرج خانه 3224 تومن شد,housing
4089,1000 تومن خرج سفر شد,other
4090,قبض گاز 4743 تومن شد,housing
4091,3168 تومن برای قبض برق دادم,housing
4092,4924 تومن خرج غذا شد,food
4093,4498 تومن برای سینما دادم,entertainment
4094,خرج خانه 2713 تومن شد,housing
4095,3291 تومن برای خرید غذا دادم,food
4096,3776 تومن خرج سفر شد,other
4097,در رستوران غذا 842 تومن شد,food
4098,کیف 3285 تومن شد,shopping
4099,2095 تومن از داروخانه خرید کردم,health
4100,غذای رستوران 3376 تومن شد,food
4101,بولینگ 4409 تومن شد,entertainment
4102,4722 تومن برای بیمه دادم,other
4103,کتاب 1432 تومن شد,other
4104,472 تومن مترو شارژ کردم,transport
4105,خرج غذا 3088 تومن شد,food
4106,3806 تومن برای بیمه دادم,other
4107,کتاب 1485 تومن شد,other
4108,4782 تومن از داروخانه خرید کردم,health
4109,کتاب 119 تومن شد,other
4110,2640 تومن برای خرید سوپر دادم,shopping
4111,3072 تومن برای خرید سوپر دادم,shopping
4112,شارژ ساختمان 3001 تومن شد,housing
4113,قبض گاز 4775 تومن شد,housing
4114,4797 تومن برای خرید پوشاک دادم,shopping
4115,1014 تومن خرید اینترنتی کردم,shopping
4116,1357 تومن خرج کنسرت شد,entertainment
4117,تاکسی 540 تومن شد,transport
4118,195 تومن دکتر گرفتم,health
4119,4950 تومن برای خرید سوپر دادم,shopping
4120,2004 تومن برای سینما دادم,entertainment
4121,4644 تومن برای غذا دادم,food
4122,4068 تومن خرج پارک شد,entertainment
4123,کتاب 4116 تومن شد,other
4124,بولینگ 1446 تومن شد,entertainment
4125,شارژ موبایل 4625 تومن شد,other
4126,خرید دارو 2653 تومن شد,health
4127,ویزیت پزشک 867 تومن شد,health
4128,تاکسی 297 تومن شد,transport
4129,لوازم خانگی 3857 تومن شد,shopping
4130,کرایه تاکسی 212 تومن شد,transport
4131,شارژ ساختمان 3492 تومن شد,housing
4132,برای غذا 3269 تومن خرج کردم,food
4133,1311 تومن برای خرید غذا دادم,food
4134,کتاب 472 تومن شد,other
4135,4633 تومن هدیه خریدم,other
4136,در رستوران غذا 1632 تومن شد,food
4137,لوازم خانگی 559 تومن شد,shopping
4138,برای غذا 1615 تومن خرج کردم,food
4139,ویزیت پزشک 2462 تومن شد,health
4140,دارو 1240 تومن شد,health
4141,1868 تومن برای خرید غذا دادم,food
4142,غذا 368 تومن شد,food
4143,بنزین 473 تومن شد,transport
4144,962 تومن برای غذا دادم,food
4145,خرج غذا 3775 تومن شد,food
4146,کرایه تاکسی 2641 تومن شد,transport
4147,بولینگ 1847 تومن شد,entertainment
4148,4477 تومن برای کفش دادم,shopping
4149,غذای رستوران 1183 تومن شد,food
4150,914 تومن اینترنت دادم,housing
4151,تعمیرات خانه 2098 تومن شد,housing
4152,922 تومن خرج کنسرت شد,entertainment
4153,دندانپزشک 2471 تومن شد,health
4154,615 تومن خرج پارک شد,entertainment
4155,خرج لوازم تحریر 4792 تومن شد,shopping
4156,2010 تومن برای بازی دادم,entertainment
4157,ویزیت پزشک 4114 تومن شد,health
4158,4556 تومن برای غذا دادم,food
4159,146 تومن برای اسنپ دادم,transport
4160,غذا 3684 تومن شد,food
4161,شارژ ساختمان 2544 تومن شد,housing
4162,863 تومن برای کفش دادم,shopping
4163,قبض گاز 3849 تومن شد,housing
4164,3113 تومن غذا گرفتم,food
4165,قبض گاز 4241 تومن شد,housing
4166,در رستوران غذا 3016 تومن شد,food
4167,ویزیت پزشک 4823 تومن شد,health
4168,1044 تومن برای غذا دادم,food
4169,خرج غذا 220 تومن شد,food
4170,غذای رستوران 2237 تومن شد,food
4171,1949 تومن برای خرید سوپر دادم,shopping
4172,1469 تومن لباس خریدم,shopping
4173,غذای رستوران 4648 تومن شد,food
4174,3404 تومن کمک خیریه کردم,other
4175,خرج تفریح 4641 تومن شد,entertainment
4176,3901 تومن کمک خیریه کردم,other
4177,غذای رستوران 3361 تومن شد,food
4178,1928 تومن قبض آب شد,housing
4179,1174 تومن خرج کنسرت شد,entertainment
4180,219 تومن برای اسنپ دادم,transport
4181,درمانگاه 1200 تومن شد,health
4182,اجاره 3002 تومن شد,housing
4183,2304 تومن برای سینما دادم,entertainment
4184,برای غذا 3070 تومن خرج کردم,food
4185,4610 تومن کمک خیریه کردم,other
4186,3622 تومن برای غذا دادم,food
4187,در رستوران غذا 1621 تومن شد,food
4188,220 تومن برای کفش دادم,shopping
4189,شارژ موبایل 1216 تومن شد,other
4190,خرج متفرقه 3737 تومن شد,other
4191,1703 تومن برای خرید پوشاک دادم,shopping
4192,4271 تومن خرج سفر شد,other
4193,553 تومن برای قبض برق دادم,housing
4194,خرج لوازم تحریر 4288 تومن شد,shopping
4195,145 تومن برای قبض برق دادم,housing
4196,خرج لوازم تحریر 2194 تومن شد,shopping
4197,شارژ ساختمان 227 تومن شد,housing
4198,3078 تومن خرج سفر شد,other
4199,تاکسی 3725 تومن شد,transport
4200,غذای رستوران 3090 تومن شد,food
4201,476 تومن اشتراک خریدم,other
4202,4445 تومن اشتراک خریدم,other
4203,بولینگ 545 تومن شد,entertainment
4204,لوازم خانگی 3722 تومن شد,shopping
4205,3149 تومن قبض آب شد,housing
4206,2831 تومن غذا گرفتم,food
4207,قبض گاز 2984 تومن شد,housing
4208,خرج لوازم تحریر 3455 تومن شد,shopping
4209,2721 تومن برای خرید سوپر دادم,shopping
4210,3297 تومن خرج سفر شد,other
4211,خرج تفریح 3293 تومن شد,entertainment
4212,کرایه تاکسی 2309 تومن شد,transport
4213,بنزین 2971 تومن شد,transport
4214,3707 تومن برای سینما دادم,entertainment
4215,477 تومن اتوبوس شد,transport
4216,2059 تومن تاکسی اینترنتی گرفتم,transport
4217,خرج تفریح 2420 تومن شد,entertainment
4218,تعمیرات خانه 4624 تومن شد,housing
4219,4552 تومن برای قبض برق دادم,housing
4220,2316 تومن از داروخانه خرید کردم,health
4221,برای غذا 363 تومن خرج کردم,food
4222,3973 تومن هدیه خریدم,other
4223,2481 تومن مترو شارژ کردم,transport
4224,شارژ موبایل 1442 تومن شد,other
4225,درمانگاه 3224 تومن شد,health
4226,1715 تومن اسنپ گرفتم,transport
4227,3009 تومن برای خرید پوشاک دادم,shopping
4228,4019 تومن غذا گرفتم,food
4229,بنزین 3127 تومن شد,transport
4230,تعمیرات خانه 3505 تومن شد,housing
4231,4699 تومن خرج غذا شد,food
4232,کتاب 4727 تومن شد,other
4233,بلیط تئاتر 3682 تومن شد,entertainment
4234,3734 تومن برای بازی دادم,entertainment
4235,درمانگاه 1932 تومن شد,health
4236,غذای رستوران 984 تومن شد,food
4237,2259 تومن خرج کنسرت شد,entertainment
4238,1559 تومن برای خرید سوپر دادم,shopping
4239,تاکسی 1384 تومن شد,transport
4240,3904 تومن قبض آب شد,housing
4241,2433 تومن برای اسنپ دادم,transport
4242,4354 تومن آزمایش دادم,health
4243,کرایه تاکسی 3456 تومن شد,transport
4244,310 تومن برای غذا دادم,food
4245,بنزین 685 تومن شد,transport
4246,4636 تومن برای بیمه دادم,other
4247,98 تومن تاکسی اینترنتی گرفتم,transport
4248,خرج خانه 2701 تومن شد,housing
4249,4174 تومن اسنپ گرفتم,transport
4250,4074 تومن اتوبوس شد,transport
4251,308 تومن خرج کنسرت شد,entertainment
4252,1973 تومن آزمایش دادم,health
4253,781 تومن آزمایش دادم,health
4254,3742 تومن غذا گرفتم,food
4255,خرج لوازم تحریر 4563 تومن شد,shopping
4256,کرایه تاکسی 4657 تومن شد,transport
4257,تعمیرات خانه 4670 تومن شد,housing
4258,1844 تومن غذا گرفتم,food
4259,قبض گاز 4142 تومن شد,housing
4260,4185 تومن خرید اینترنتی کردم,shopping
4261,3092 تومن برای قبض برق دادم,housing
4262,تاکسی 4365 تومن شد,transport
4263,3423 تومن برای قبض برق دادم,housing
4264,4577 تومن خرج پارک شد,entertainment
4265,خرج لوازم تحریر 1178 تومن شد,shopping
4266,بولینگ 102 تومن شد,entertainment
4267,4253 تومن خرید اینترنتی کردم,shopping
4268,برای غذا 921 تومن خرج کردم,food
4269,3741 تومن مترو شارژ کردم,transport
4270,4285 تومن اینترنت دادم,housing
4271,3663 تومن برای قبض برق دادم,housing
4272,1520 تومن برای کفش دادم,shopping
4273,تاکسی 3956 تومن شد,transport
4274,2225 تومن شهربازی رفتیم,entertainment
4275,1585 تومن برای قبض برق دادم,housing
4276,خرج لوازم تحریر 4708 تومن شد,shopping
4277,در رستوران غذا 3856 تومن شد,food
4278,1958 تومن برای بازی دادم,entertainment
4279,اجاره 3884 تومن شد,housing
4280,خرید دارو 1240 تومن شد,health
4281,4923 تومن برای بیمه دادم,other
4282,خرج متفرقه 3044 تومن شد,other
4283,تعمیرات خانه 3650 تومن شد,housing
4284,اجاره 3192 تومن شد,housing
4285,4292 تومن از داروخانه خرید کردم,health
4286,4048 تومن برای بازی دادم,entertainment
4287,2270 تومن تاکسی اینترنتی گرفتم,transport
4288,2813 تومن تاکسی اینترنتی گرفتم,transport
4289,2333 تومن غذا گرفتم,food
4290,خرج متفرقه 3343 تومن شد,other
4291,تاکسی 894 تومن شد,transport
4292,2683 تومن برای خرید غذا دادم,food
4293,درمانگاه 3639 تومن شد,health
4294,اجاره 324 تومن شد,housing
4295,2284 تومن اشتراک خریدم,other
4296,ویزیت پزشک 4214 تومن شد,health
4297,2091 تومن خرج غذا شد,food
4298,4906 تومن لباس خریدم,shopping
4299,تعمیرات خانه 3001 تومن شد,housing
4300,2024 تومن شهربازی رفتیم,entertainment
4301,1384 تومن آزمایش دادم,health
4302,2767 تومن تاکسی اینترنتی گرفتم,transport
4303,4008 تومن خرج پارک شد,entertainment
4304,4190 تومن برای خرید غذا دادم,food
4305,3788 تومن خرید اینترنتی کردم,shopping
4306,2837 تومن مترو شارژ کردم,transport
4307,2693 تومن غذا گرفتم,food
4308,2067 تومن برای کفش دادم,shopping
4309,کیف 4995 تومن شد,shopping
4310,کرایه تاکسی 806 تومن شد,transport
4311,تعمیرات خانه 2089 تومن شد,housing
4312,591 تومن اینترنت دادم,housing
4313,1619 تومن غذا گرفتم,food
4314,1132 تومن مترو شارژ کردم,transport
4315,3188 تومن قبض آب شد,housing
4316,خرید دارو 4263 تومن شد,health
4317,1195 تومن اتوبوس شد,transport
4318,درمانگاه 1167 تومن شد,health
4319,خرج خانه 3763 تومن شد,housing
4320,1446 تومن لباس خریدم,shopping
4321,4255 تومن خرید اینترنتی کردم,shopping
4322,اجاره 4975 تومن شد,housing
4323,4624 تومن اینترنت دادم,housing
4324,برای غذا 1226 تومن خرج کردم,food
4325,در رستوران غذا 4942 تومن شد,food
4326,بلیط تئاتر 1436 تومن شد,entertainment
4327,2291 تومن اسنپ گرفتم,transport
4328,2377 تومن برای کفش دادم,shopping
4329,خرج لوازم تحریر 1688 تومن شد,shopping
4330,دارو 3190 تومن شد,health
4331,4694 تومن تاکسی اینترنتی گرفتم,transport
4332,4792 تومن برای غذا دادم,food
4333,2526 تومن برای غذا دادم,food
4334,خرج غذا 2668 تومن شد,food
4335,کیف 2919 تومن شد,shopping
4336,ویزیت پزشک 2237 تومن شد,health
4337,685 تومن برای خرید سوپر دادم,shopping
4338,4981 تومن برای غذا دادم,food
4339,1115 تومن برای خرید پوشاک دادم,shopping
4340,تعمیرات خانه 3333 تومن شد,housing
4341,751 تومن برای خرید غذا دادم,food
4342,1427 تومن خرج پارک شد,entertainment
4343,غذا 3102 تومن شد,food
4344,4545 تومن تاکسی اینترنتی گرفتم,transport
4345,725 تومن برای بازی دادم,entertainment
4346,2107 تومن برای غذا دادم,food
4347,اجاره 1515 تومن شد,housing
4348,202 تومن اشتراک خریدم,other
4349,3518 تومن برای خرید پوشاک دادم,shopping
4350,822 تومن خرج غذا شد,food
4351,933 تومن اسنپ گرفتم,transport
4352,لوازم خانگی 732 تومن شد,shopping
4353,تعمیرات خانه 3270 تومن شد,housing
4354,4751 تومن خرج کنسرت شد,entertainment
4355,3046 تومن برای بازی دادم,entertainment
4356,511 تومن برای اسنپ دادم,transport
4357,تعمیرات خانه 356 تومن شد,housing
4358,4956 تومن اتوبوس شد,transport
4359,3997 تومن از داروخانه خرید کردم,health
4360,شارژ ساختمان 4629 تومن شد,housing
4361,لوازم خانگی 4880 تومن شد,shopping
4362,کیف 1843 تومن شد,shopping
4363,3764 تومن برای سینما دادم,entertainment
4364,3635 تومن برای غذا دادم,food
4365,3012 تومن غذا گرفتم,food
4366,1668 تومن مترو شارژ کردم,transport
4367,اجاره 3924 تومن شد,housing
4368,1742 تومن اینترنت دادم,housing
4369,ویزیت پزشک 2692 تومن شد,health
4370,2292 تومن برای اسنپ دادم,transport
4371,2222 تومن آزمایش دادم,health
4372,833 تومن برای خرید پوشاک دادم,shopping
4373,3974 تومن آزمایش دادم,health
4374,2168 تومن دکتر گرفتم,health
4375,3901 تومن برای غذا دادم,food
4376,کرایه تاکسی 2090 تومن شد,transport
4377,2939 تومن کمک خیریه کردم,other
4378,2406 تومن برای بیمه دادم,other
4379,ویزیت پزشک 1285 تومن شد,health
4380,1025 تومن آزمایش دادم,health
4381,غذای رستوران 4208 تومن شد,food
4382,1626 تومن اسنپ گرفتم,transport
4383,غذای رستوران 4398 تومن شد,food
4384,ویزیت پزشک 3202 تومن شد,health
4385,3042 تومن دکتر گرفتم,health
4386,در رستوران غذا 737 تومن شد,food
4387,151 تومن برای اسنپ دادم,transport
4388,1344 تومن برای خرید غذا دادم,food
4389,خرید دارو 1504 تومن شد,health
4390,برای غذا 588 تومن خرج کردم,food
4391,دندانپزشک 156 تومن شد,health
4392,برای غذا 1270 تومن خرج کردم,food
4393,غذا 3753 تومن شد,food
4394,خرج متفرقه 4067 تومن شد,other
4395,3320 تومن لباس خریدم,shopping
4396,659 تومن لباس خریدم,shopping
4397,بنزین 1066 تومن شد,transport
4398,دارو 2822 تومن شد,health
4399,بلیط تئاتر 1067 تومن شد,entertainment
4400,591 تومن برای بیمه دادم,other
4401,2595 تومن برای بازی دادم,entertainment
4402,2973 تومن اینترنت دادم,housing
4403,4440 تومن برای بازی دادم,entertainment
4404,280 تومن هدیه خریدم,other
4405,3610 تومن کمک خیریه کردم,other
4406,برای غذا 1946 تومن خرج کردم,food
4407,خرج غذا 861 تومن شد,food
4408,561 تومن برای بیمه دادم,other
4409,ویزیت پزشک 3535 تومن شد,health
4410,3476 تومن اشتراک خریدم,other
4411,3775 تومن خرج غذا شد,food
4412,قبض گاز 409 تومن شد,housing
4413,لوازم خانگی 1970 تومن شد,shopping
4414,288 تومن کمک خیریه کردم,other
4415,بنزین 892 تومن شد,transport
4416,کرایه تاکسی 2626 تومن شد,transport
4417,بولینگ 4144 تومن شد,entertainment
4418,4881 تومن آزمایش دادم,health
4419,4978 تومن کمک خیریه کردم,other
4420,اجاره 4807 تومن شد,housing
4421,خرج غذا 687 تومن شد,food
4422,بنزین 2788 تومن شد,transport
4423,دارو 3774 تومن شد,health
4424,خرج خانه 2524 تومن شد,housing
4425,3847 تومن لباس خریدم,shopping
4426,کرایه تاکسی 374 تومن شد,transport
4427,2582 تومن مترو شارژ کردم,transport
4428,3672 تومن غذا گرفتم,food
4429,خرید دارو 4038 تومن شد,health
4430,بلیط تئاتر 3062 تومن شد,entertainment
4431,خرج لوازم تحریر 3927 تومن شد,shopping
4432,غذای رستوران 4169 تومن شد,food
4433,کرایه تاکسی 2724 تومن شد,transport
4434,1044 تومن غذا گرفتم,food
4435,تاکسی 1083 تومن شد,transport
4436,4103 تومن خرید اینترنتی کردم,shopping
4437,1176 تومن شهربازی رفتیم,entertainment
4438,غذای رستوران 2936 تومن شد,food
4439,خرج خانه 1605 تومن شد,housing
4440,849 تومن خرج پارک شد,entertainment
4441,847 تومن برای بیمه دادم,other
4442,دارو 1438 تومن شد,health
4443,غذای رستوران 1973 تومن شد,food
4444,3752 تومن تاکسی اینترنتی گرفتم,transport
4445,کتاب 234 تومن شد,other
4446,958 تومن برای بازی دادم,entertainment
4447,4780 تومن برای کفش دادم,shopping
4448,811 تومن برای خرید سوپر دادم,shopping
4449,بنزین 428 تومن شد,transport
4450,شارژ ساختمان 1486 تومن شد,housing
4451,3002 تومن آزمایش دادم,health
4452,1149 تومن خرج پارک شد,entertainment
4453,1415 تومن برای خرید غذا دادم,food
4454,2017 تومن خرید اینترنتی کردم,shopping
4455,خرج تفریح 752 تومن شد,entertainment
4456,خرج لوازم تحریر 419 تومن شد,shopping
4457,تعمیرات خانه 3095 تومن شد,housing
4458,قبض گاز 4585 تومن شد,housing
4459,لوازم خانگی 3483 تومن شد,shopping
4460,2346 تومن مترو شارژ کردم,transport
4461,1733 تومن آزمایش دادم,health
4462,4640 تومن قبض آب شد,housing
4463,غذای رستوران 3059 تومن شد,food
4464,180 تومن برای کفش دادم,shopping
4465,بلیط تئاتر 3187 تومن شد,entertainment
4466,خرج متفرقه 1640 تومن شد,other
4467,1242 تومن برای خرید سوپر دادم,shopping
4468,2358 تومن اتوبوس شد,transport
4469,3875 تومن برای غذا دادم,food
4470,خرید دارو 4436 تومن شد,health
4471,4482 تومن برای غذا دادم,food
4472,933 تومن برای خرید پوشاک دادم,shopping
4473,2465 تومن برای خرید غذا دادم,food
4474,غذای رستوران 4784 تومن شد,food
4475,تاکسی 4257 تومن شد,transport
4476,دارو 920 تومن شد,health
4477,بنزین 1489 تومن شد,transport
4478,خرج غذا 2421 تومن شد,food
4479,خرج خانه 4079 تومن شد,housing
4480,3300 تومن از داروخانه خرید کردم,health
4481,غذا 3260 تومن شد,food
4482,4830 تومن دکتر گرفتم,health
4483,لوازم خانگی 1217 تومن شد,shopping
4484,118 تومن برای قبض برق دادم,housing
4485,درمانگاه 3677 تومن شد,health
4486,کیف 351 تومن شد,shopping
4487,لوازم خانگی 2817 تومن شد,shopping
4488,خرید دارو 1022 تومن شد,health
4489,کیف 590 تومن شد,shopping
4490,3843 تومن تاکسی اینترنتی گرفتم,transport
4491,3940 تومن برای سینما دادم,entertainment
4492,2970 تومن خرج سفر شد,other
4493,1457 تومن هدیه خریدم,other
4494,178 تومن برای سینما دادم,entertainment
4495,قبض گاز 2547 تومن شد,housing
4496,تاکسی 161 تومن شد,transport
4497,برای غذا 4554 تومن خرج کردم,food
4498,لوازم خانگی 2244 تومن شد,shopping
4499,1874 تومن برای سینما دادم,entertainment
4500,خرج تفریح 1856 تومن شد,entertainment
4501,1447 تومن آزمایش دادم,health
4502,109 تومن اشتراک خریدم,other
4503,1873 تومن قبض آب شد,housing
4504,4155 تومن دکتر گرفتم,health
4505,غذای رستوران 4943 تومن شد,food
4506,1310 تومن برای قبض برق دادم,housing
4507,862 تومن غذا گرفتم,food
4508,غذای رستوران 3878 تومن شد,food
4509,برای غذا 2043 تومن خرج کردم,food
4510,خرید دارو 1667 تومن شد,health
4511,2680 تومن خرج غذا شد,food
4512,1926 تومن برای غذا دادم,food
4513,2071 تومن مترو شارژ کردم,transport
4514,4687 تومن اشتراک خریدم,other
4515,970 تومن تاکسی اینترنتی گرفتم,transport
4516,برای غذا 657 تومن خرج کردم,food
4517,727 تومن برای سینما دادم,entertainment
4518,دارو 3434 تومن شد,health
4519,2648 تومن برای بیمه دادم,other
4520,4941 تومن برای قبض برق دادم,housing
4521,2681 تومن خرج غذا شد,food
4522,بولینگ 313 تومن شد,entertainment
4523,غذای رستوران 1785 تومن شد,food
4524,در رستوران غذا 2485 تومن شد,food
4525,2861 تومن آزمایش دادم,health
4526,برای غذا 1974 تومن خرج کردم,food
4527,برای غذا 352 تومن خرج کردم,food
4528,910 تومن برای اسنپ دادم,transport
4529,غذای رستوران 1270 تومن شد,food
4530,4734 تومن برای خرید سوپر دادم,shopping
4531,4486 تومن برای اسنپ دادم,transport
4532,شارژ ساختمان 3759 تومن شد,housing
4533,کرایه تاکسی 1620 تومن شد,transport
4534,برای غذا 4660 تومن خرج کردم,food
4535,کیف 2747 تومن شد,shopping
4536,1809 تومن اینترنت دادم,housing
4537,در رستوران غذا 4689 تومن شد,food
4538,4460 تومن خرج سفر شد,other
4539,شارژ ساختمان 83 تومن شد,housing
4540,اجاره 3948 تومن شد,housing
4541,خرید دارو 4572 تومن شد,health
4542,153 تومن برای قبض برق دادم,housing
4543,کتاب 4094 تومن شد,other
4544,3063 تومن برای خرید غذا دادم,food
4545,905 تومن برای اسنپ دادم,transport
4546,در رستوران غذا 4058 تومن شد,food
4547,518 تومن برای غذا دادم,food
4548,343 تومن برای قبض برق دادم,housing
4549,4686 تومن برای غذا دادم,food
4550,3808 تومن لباس خریدم,shopping
4551,بنزین 1699 تومن شد,transport
4552,2916 تومن غذا گرفتم,food
4553,774 تومن هدیه خریدم,other
4554,3553 تومن برای بازی دادم,entertainment
4555,ویزیت پزشک 4070 تومن شد,health
4556,4208 تومن لباس خریدم,shopping
4557,4612 تومن غذا گرفتم,food
4558,خرج غذا 1723 تومن شد,food
4559,4166 تومن اینترنت دادم,housing
4560,برای غذا 1121 تومن خرج کردم,food
4561,دندانپزشک 3789 تومن شد,health
4562,479 تومن اشتراک خریدم,other
4563,اجاره 1242 تومن شد,housing
4564,4741 تومن خرج کنسرت شد,entertainment
4565,1320 تومن برای خرید پوشاک دادم,shopping
4566,3411 تومن خرج پارک شد,entertainment
4567,در رستوران غذا 420 تومن شد,food
4568,3578 تومن اشتراک خریدم,other
4569,درمانگاه 2307 تومن شد,health
4570,656 تومن برای غذا دادم,food
4571,1177 تومن برای خرید سوپر دادم,shopping
4572,خرج لوازم تحریر 564 تومن شد,shopping
4573,3532 تومن خرج غذا شد,food
4574,3826 تومن برای سینما دادم,entertainment
4575,خرج تفریح 2063 تومن شد,entertainment
4576,497 تومن اتوبوس شد,transport
4577,3989 تومن قبض آب شد,housing
4578,2143 تومن کمک خیریه کردم,other
4579,4586 تومن خرج سفر شد,other
4580,غذای رستوران 4845 تومن شد,food
4581,2996 تومن آزمایش دادم,health
4582,1684 تومن برای غذا دادم,food
4583,3668 تومن آزمایش دادم,health
4584,2640 تومن برای خرید سوپر دادم,shopping
4585,دارو 4585 تومن شد,health
4586,بنزین 2477 تومن شد,transport
4587,2348 تومن اشتراک خریدم,other
4588,خرج غذا 2467 تومن شد,food
4589,909 تومن دکتر گرفتم,health
4590,شارژ ساختمان 542 تومن شد,housing
4591,4657 تومن برای خرید سوپر دادم,shopping
4592,دندانپزشک 1261 تومن شد,health
4593,اجاره 1903 تومن شد,housing
4594,3748 تومن خرج غذا شد,food
4595,2699 تومن برای قبض برق دادم,housing
4596,4697 تومن خرج غذا شد,food
4597,خرج تفریح 4661 تومن شد,entertainment
4598,تعمیرات خانه 4723 تومن شد,housing
4599,بولینگ 2613 تومن شد,entertainment
4600,خرج متفرقه 1291 تومن شد,other
4601,4127 تومن اشتراک خریدم,other
4602,2393 تومن از داروخانه خرید کردم,health
4603,2223 تومن برای غذا دادم,food
4604,کرایه تاکسی 1900 تومن شد,transport
4605,قبض گاز 178 تومن شد,housing
4606,خرج تفریح 1089 تومن شد,entertainment
4607,2236 تومن کمک خیریه کردم,other
4608,خرج خانه 2634 تومن شد,housing
4609,610 تومن برای سینما دادم,entertainment
4610,2524 تومن برای خرید غذا دادم,food
4611,4765 تومن غذا گرفتم,food
4612,1240 تومن خرج سفر شد,other
4613,4660 تومن تاکسی اینترنتی گرفتم,transport
4614,1724 تومن اسنپ گرفتم,transport
4615,خرج خانه 2377 تومن شد,housing
4616,1460 تومن کمک خیریه کردم,other
4617,درمانگاه 978 تومن شد,health
4618,کیف 4499 تومن شد,shopping
4619,در رستوران غذا 1744 تومن شد,food
4620,3265 تومن خرج کنسرت شد,entertainment
4621,2748 تومن برای خرید سوپر دادم,shopping
4622,116 تومن برای غذا دادم,food
4623,شارژ موبایل 3197 تومن شد,other
4624,4510 تومن قبض آب شد,housing
4625,2662 تومن شهربازی رفتیم,entertainment
4626,1717 تومن برای بیمه دادم,other
4627,1344 تومن هدیه خریدم,other
4628,غذا 4751 تومن شد,food
4629,3519 تومن اینترنت دادم,housing
4630,خرید دارو 813 تومن شد,health
4631,586 تومن کمک خیریه کردم,other
4632,1933 تومن اشتراک خریدم,other
4633,2133 تومن هدیه خریدم,other
4634,85 تومن برای خرید سوپر دادم,shopping
4635,2094 تومن دکتر گرفتم,health
4636,3290 تومن برای سینما دادم,entertainment
4637,2936 تومن اینترنت دادم,housing
4638,1701 تومن برای غذا دادم,food
4639,شارژ موبایل 587 تومن شد,other
4640,دارو 4857 تومن شد,health
4641,2342 تومن خرج پارک شد,entertainment
4642,خرج تفریح 4410 تومن شد,entertainment
4643,دندانپزشک 3560 تومن شد,health
4644,2277 تومن شهربازی رفتیم,entertainment
4645,شارژ موبایل 4829 تومن شد,other
4646,3829 تومن خرید اینترنتی کردم,shopping
4647,3909 تومن برای بیمه دادم,other
4648,1094 تومن برای خرید سوپر دادم,shopping
4649,کیف 748 تومن شد,shopping
4650,خرج خانه 4543 تومن شد,housing
4651,2580 تومن برای اسنپ دادم,transport
4652,خرج خانه 287 تومن شد,housing
4653,4924 تومن خرج غذا شد,food
4654,3979 تومن خرج پارک شد,entertainment
4655,2464 تومن تاکسی اینترنتی گرفتم,transport
4656,3122 تومن آزمایش دادم,health
4657,2535 تومن مترو شارژ کردم,transport
4658,خرج تفریح 394 تومن شد,entertainment
4659,بنزین 3926 تومن شد,transport
4660,ویزیت پزشک 2870 تومن شد,health
4661,1594 تومن خرج کنسرت شد,entertainment
4662,اجاره 1563 تومن شد,housing
4663,1257 تومن برای غذا دادم,food
4664,دندانپزشک 1150 تومن شد,health
4665,در رستوران غذا 2056 تومن شد,food
4666,خرج خانه 1422 تومن شد,housing
4667,خرید دارو 453 تومن شد,health
4668,4478 تومن برای بازی دادم,entertainment
4669,لوازم خانگی 3358 تومن شد,shopping
4670,4862 تومن لباس خریدم,shopping
4671,در رستوران غذا 4636 تومن شد,food
4672,کرایه تاکسی 4075 تومن شد,transport
4673,428 تومن غذا گرفتم,food
4674,3269 تومن برای بازی دادم,entertainment
4675,غذا 2659 تومن شد,food
4676,901 تومن آزمایش دادم,health
4677,3172 تومن خرید اینترنتی کردم,shopping
4678,کرایه تاکسی 1770 تومن شد,transport
4679,در رستوران غذا 2634 تومن شد,food
4680,4310 تومن اسنپ گرفتم,transport
4681,لوازم خانگی 286 تومن شد,shopping
4682,شارژ ساختمان 2397 تومن شد,housing
4683,شارژ ساختمان 1273 تومن شد,housing
4684,غذا 1605 تومن شد,food
4685,غذای رستوران 3675 تومن شد,food
4686,701 تومن برای اسنپ دادم,transport
4687,126 تومن برای سینما دادم,entertainment
4688,برای غذا 1402 تومن خرج کردم,food
4689,اجاره 1296 تومن شد,housing
4690,بلیط تئاتر 1140 تومن شد,entertainment
4691,بولینگ 3516 تومن شد,entertainment
4692,لوازم خانگی 3232 تومن شد,shopping
4693,اجاره 822 تومن شد,housing
4694,184 تومن هدیه خریدم,other
4695,4066 تومن کمک خیریه کردم,other
4696,خرید دارو 721 تومن شد,health
4697,خرج غذا 2138 تومن شد,food
4698,خرج لوازم تحریر 3288 تومن شد,shopping
4699,1864 تومن برای غذا دادم,food
4700,کتاب 3651 تومن شد,other
4701,غذای رستوران 1271 تومن شد,food
4702,582 تومن برای کفش دادم,shopping
4703,خرج غذا 4338 تومن شد,food
4704,خرج متفرقه 3187 تومن شد,other
4705,664 تومن دکتر گرفتم,health
4706,شارژ ساختمان 2463 تومن شد,housing
4707,3588 تومن برای خرید سوپر دادم,shopping
4708,خرج غذا 4651 تومن شد,food
4709,غذا 2580 تومن شد,food
4710,1196 تومن خرج کنسرت شد,entertainment
4711,1489 تومن دکتر گرفتم,health
4712,3953 تومن از داروخانه خرید کردم,health
4713,3887 تومن تاکسی اینترنتی گرفتم,transport
4714,4696 تومن برای غذا دادم,food
4715,خرج تفریح 4831 تومن شد,entertainment
4716,کیف 1699 تومن شد,shopping
4717,1113 تومن خرج غذا شد,food
4718,2125 تومن برای غذا دادم,food
4719,1316 تومن غذا گرفتم,food
4720,1606 تومن خرج کنسرت شد,entertainment
4721,1032 تومن برای غذا دادم,food
4722,خرید دارو 4630 تومن شد,health
4723,1485 تومن برای خرید غذا دادم,food
4724,3741 تومن از داروخانه خرید کردم,health
4725,423 تومن اشتراک خریدم,other
4726,ویزیت پزشک 3759 تومن شد,health
4727,538 تومن اتوبوس شد,transport
4728,3380 تومن خرج کنسرت شد,entertainment
4729,کرایه تاکسی 1222 تومن شد,transport
4730,دندانپزشک 3873 تومن شد,health
4731,462 تومن آزمایش دادم,health
4732,4114 تومن خرج پارک شد,entertainment
4733,تعمیرات خانه 1174 تومن شد,housing
4734,لوازم خانگی 4335 تومن شد,shopping
4735,بلیط تئاتر 2157 تومن شد,entertainment
4736,برای غذا 994 تومن خرج کردم,food
4737,شارژ موبایل 2385 تومن شد,other
4738,کرایه تاکسی 880 تومن شد,transport
4739,4753 تومن غذا گرفتم,food
4740,2807 تومن اتوبوس شد,transport
4741,غذا 3155 تومن شد,food
4742,672 تومن برای بازی دادم,entertainment
4743,108 تومن خرج غذا شد,food
4744,بنزین 2001 تومن شد,transport
4745,در رستوران غذا 4937 تومن شد,food
4746,1319 تومن خرج غذا شد,food
4747,غذا 1905 تومن شد,food
4748,4041 تومن از داروخانه خرید کردم,health
4749,3216 تومن قبض آب شد,housing
4750,4991 تومن شهربازی رفتیم,entertainment
4751,3928 تومن اتوبوس شد,transport
4752,621 تومن آزمایش دادم,health
4753,4175 تومن برای بیمه دادم,other
4754,1675 تومن تاکسی اینترنتی گرفتم,transport
4755,2354 تومن برای خرید غذا دادم,food
4756,2822 تومن لباس خریدم,shopping
4757,3282 تومن برای بازی دادم,entertainment
4758,564 تومن خرج غذا شد,food
4759,درمانگاه 356 تومن شد,health
4760,3279 تومن مترو شارژ کردم,transport
4761,بولینگ 2771 تومن شد,entertainment
4762,خرج لوازم تحریر 3967 تومن شد,shopping
4763,4647 تومن قبض آب شد,housing
4764,4603 تومن خرج سفر شد,other
4765,بلیط تئاتر 1089 تومن شد,entertainment
4766,خرج متفرقه 713 تومن شد,other
4767,782 تومن شهربازی رفتیم,entertainment
4768,کتاب 2660 تومن شد,other
4769,3542 تومن اسنپ گرفتم,transport
4770,2257 تومن برای غذا دادم,food
4771,کتاب 680 تومن شد,other
4772,2188 تومن برای بازی دادم,entertainment
4773,خرج متفرقه 1183 تومن شد,other
4774,1023 تومن مترو شارژ کردم,transport
4775,984 تومن دکتر گرفتم,health
4776,1622 تومن هدیه خریدم,other
4777,3414 تومن برای اسنپ دادم,transport
4778,خرج تفریح 317 تومن شد,entertainment
4779,4092 تومن قبض آب شد,housing
4780,2200 تومن برای قبض برق دادم,housing
4781,3819 تومن برای خرید پوشاک دادم,shopping
4782,شارژ موبایل 3637 تومن شد,other
4783,2289 تومن خرج پارک شد,entertainment
4784,2136 تومن برای غذا دادم,food
4785,در رستوران غذا 2386 تومن شد,food
4786,5000 تومن مترو شارژ کردم,transport
4787,4307 تومن اشتراک خریدم,other
4788,غذا 634 تومن شد,food
4789,خرید دارو 1876 تومن شد,health
4790,خرج متفرقه 4111 تومن شد,other
4791,2369 تومن اینترنت دادم,housing
4792,ویزیت پزشک 1517 تومن شد,health
4793,ویزیت پزشک 1581 تومن شد,health
4794,1032 تومن دکتر گرفتم,health
4795,4833 تومن برای خرید سوپر دادم,shopping
4796,4826 تومن آزمایش دادم,health
4797,1631 تومن هدیه خریدم,other
4798,خرج غذا 2235 تومن شد,food
4799,خرج متفرقه 4016 تومن شد,other
4800,861 تومن هدیه خریدم,other
4801,4174 تومن برای خرید سوپر دادم,shopping
4802,2756 تومن اینترنت دادم,housing
4803,4644 تومن برای بازی دادم,entertainment
4804,2619 تومن خرید اینترنتی کردم,shopping
4805,825 تومن خرج پارک شد,entertainment
4806,298 تومن برای خرید غذا دادم,food
4807,شارژ موبایل 4618 تومن شد,other
4808,2290 تومن تاکسی اینترنتی گرفتم,transport
4809,خرج لوازم تحریر 4846 تومن شد,shopping
4810,دندانپزشک 2189 تومن شد,health
4811,752 تومن از داروخانه خرید کردم,health
4812,3132 تومن خرج سفر شد,other
4813,2926 تومن قبض آب شد,housing
4814,خرج غذا 2801 تومن شد,food
4815,764 تومن برای اسنپ دادم,transport
4816,1477 تومن خرید اینترنتی کردم,shopping
4817,4176 تومن خرج سفر شد,other
4818,غذای رستوران 4144 تومن شد,food
4819,بنزین 4396 تومن شد,transport
4820,لوازم خانگی 2465 تومن شد,shopping
4821,2974 تومن برای غذا دادم,food
4822,کتاب 3892 تومن شد,other
4823,4835 تومن برای خرید غذا دادم,food
4824,خرج غذا 897 تومن شد,food
4825,برای غذا 2769 تومن خرج کردم,food
4826,3891 تومن برای خرید غذا دادم,food
4827,2517 تومن خرج غذا شد,food
4828,1927 تومن آزمایش دادم,health
4829,کتاب 2620 تومن شد,other
4830,اجاره 3968 تومن شد,housing
4831,شارژ موبایل 3852 تومن شد,other
4832,327 تومن کمک خیریه کردم,other
4833,بنزین 550 تومن شد,transport
4834,1868 تومن شهربازی رفتیم,entertainment
4835,کرایه تاکسی 2814 تومن شد,transport
4836,بولینگ 55 تومن شد,entertainment
4837,2781 تومن کمک خیریه کردم,other
4838,4687 تومن هدیه خریدم,other
4839,3697 تومن برای خرید پوشاک دادم,shopping
4840,2249 تومن برای بازی دادم,entertainment
4841,برای غذا 1075 تومن خرج کردم,food
4842,4617 تومن قبض آب شد,housing
4843,1371 تومن برای کفش دادم,shopping
4844,شارژ موبایل 667 تومن شد,other
4845,293 تومن مترو شارژ کردم,transport
4846,2004 تومن قبض آب شد,housing
4847,3373 تومن برای قبض برق دادم,housing
4848,2568 تومن اشتراک خریدم,other
4849,3159 تومن برای بیمه دادم,other
4850,کیف 690 تومن شد,shopping
4851,2599 تومن برای کفش دادم,shopping
4852,بلیط تئاتر 2620 تومن شد,entertainment
4853,3022 تومن برای خرید سوپر دادم,shopping
4854,2677 تومن برای قبض برق دادم,housing
4855,اجاره 1349 تومن شد,housing
4856,خرج غذا 549 تومن شد,food
4857,اجاره 1531 تومن شد,housing
4858,کتاب 3659 تومن شد,other
4859,4558 تومن خرج غذا شد,food
4860,کرایه تاکسی 2076 تومن شد,transport
4861,1730 تومن شهربازی رفتیم,entertainment
4862,خرید دارو 2462 تومن شد,health
4863,1453 تومن برای قبض برق دادم,housing
4864,2765 تومن آزمایش دادم,health
4865,شارژ موبایل 566 تومن شد,other
4866,3235 تومن برای سینما دادم,entertainment
4867,3950 تومن برای اسنپ دادم,transport
4868,308 تومن برای بیمه دادم,other
4869,2053 تومن برای سینما دادم,entertainment
4870,دارو 2093 تومن شد,health
4871,در رستوران غذا 2814 تومن شد,food
4872,3213 تومن خرج غذا شد,food
4873,4550 تومن تاکسی اینترنتی گرفتم,transport
4874,4917 تومن برای خرید سوپر دادم,shopping
4875,4055 تومن برای بازی دادم,entertainment
4876,لوازم خانگی 2016 تومن شد,shopping
4877,2327 تومن برای خرید غذا دادم,food
4878,لوازم خانگی 4092 تومن شد,shopping
4879,درمانگاه 4816 تومن شد,health
4880,2977 تومن اشتراک خریدم,other
4881,غذا 4167 تومن شد,food
4882,3441 تومن اتوبوس شد,transport
4883,2434 تومن خرید اینترنتی کردم,shopping
4884,124 تومن شهربازی رفتیم,entertainment
4885,1410 تومن برای کفش دادم,shopping
4886,1453 تومن خرج کنسرت شد,entertainment
4887,667 تومن برای خرید غذا دادم,food
4888,خرج خانه 3268 تومن شد,housing
4889,200 تومن اینترنت دادم,housing
4890,2996 تومن خرج پارک شد,entertainment
4891,کرایه تاکسی 2803 تومن شد,transport
4892,برای غذا 4968 تومن خرج کردم,food
4893,1889 تومن اسنپ گرفتم,transport
4894,4463 تومن تاکسی اینترنتی گرفتم,transport
4895,4137 تومن برای اسنپ دادم,transport
4896,غذا 1080 تومن شد,food
4897,3980 تومن کمک خیریه کردم,other
4898,2218 تومن مترو شارژ کردم,transport
4899,شارژ ساختمان 3760 تومن شد,housing
4900,3763 تومن هدیه خریدم,other
4901,بلیط تئاتر 4140 تومن شد,entertainment
4902,1169 تومن تاکسی اینترنتی گرفتم,transport
4903,1334 تومن خرید اینترنتی کردم,shopping
4904,2387 تومن برای کفش دادم,shopping
4905,خرج متفرقه 3184 تومن شد,other
4906,شارژ ساختمان 2963 تومن شد,housing
4907,549 تومن خرج کنسرت شد,entertainment
4908,خرج تفریح 600 تومن شد,entertainment
4909,تعمیرات خانه 4642 تومن شد,housing
4910,3823 تومن اینترنت دادم,housing
4911,شارژ موبایل 4328 تومن شد,other
4912,در رستوران غذا 815 تومن شد,food
4913,در رستوران غذا 3834 تومن شد,food
4914,2323 تومن خرج کنسرت شد,entertainment
4915,2431 تومن دکتر گرفتم,health
4916,درمانگاه 762 تومن شد,health
4917,3687 تومن برای خرید سوپر دادم,shopping
4918,2454 تومن خرج سفر شد,other
4919,خرج لوازم تحریر 2991 تومن شد,shopping
4920,خرج خانه 954 تومن شد,housing
4921,خرج غذا 982 تومن شد,food
4922,کتاب 4089 تومن شد,other
4923,3017 تومن دکتر گرفتم,health
4924,3448 تومن خرج غذا شد,food
4925,بلیط تئاتر 2513 تومن شد,entertainment
4926,خرج غذا 4627 تومن شد,food
4927,بلیط تئاتر 4533 تومن شد,entertainment
4928,1862 تومن آزمایش دادم,health
4929,خرید دارو 3911 تومن شد,health
4930,2845 تومن برای بیمه دادم,other
4931,خرج غذا 892 تومن شد,food
4932,2207 تومن آزمایش دادم,health
4933,4133 تومن برای خرید غذا دادم,food
4934,3525 تومن مترو شارژ کردم,transport
4935,لوازم خانگی 3537 تومن شد,shopping
4936,2061 تومن کمک خیریه کردم,other
4937,اجاره 1422 تومن شد,housing
4938,2130 تومن برای خرید غذا دادم,food
4939,شارژ موبایل 3425 تومن شد,other
4940,تاکسی 961 تومن شد,transport
4941,خرج غذا 4628 تومن شد,food
4942,3979 تومن تاکسی اینترنتی گرفتم,transport
4943,قبض گاز 2041 تومن شد,housing
4944,دارو 1083 تومن شد,health
4945,بلیط تئاتر 2468 تومن شد,entertainment
4946,3359 تومن برای خرید پوشاک دادم,shopping
4947,784 تومن برای بازی دادم,entertainment
4948,کرایه تاکسی 4268 تومن شد,transport
4949,2598 تومن خرج غذا شد,food
4950,کیف 2961 تومن شد,shopping
4951,3322 تومن از داروخانه خرید کردم,health
4952,در رستوران غذا 1776 تومن شد,food
4953,2547 تومن خرید اینترنتی کردم,shopping
4954,4741 تومن آزمایش دادم,health
4955,خرج لوازم تحریر 4425 تومن شد,shopping
4956,585 تومن مترو شارژ کردم,transport
4957,اجاره 4598 تومن شد,housing
4958,تعمیرات خانه 4540 تومن شد,housing
4959,خرج غذا 1935 تومن شد,food
4960,قبض گاز 3931 تومن شد,housing
4961,کتاب 3700 تومن شد,other
4962,خرج تفریح 3231 تومن شد,entertainment
4963,1803 تومن کمک خیریه کردم,other
4964,خرج متفرقه 387 تومن شد,other
4965,در رستوران غذا 4291 تومن شد,food
4966,بولینگ 1290 تومن شد,entertainment
4967,غذای رستوران 675 تومن شد,food
4968,1161 تومن خرج غذا شد,food
4969,خرج لوازم تحریر 1288 تومن شد,shopping
4970,بنزین 3765 تومن شد,transport
4971,744 تومن خرید اینترنتی کردم,shopping
4972,کیف 1336 تومن شد,shopping
4973,تعمیرات خانه 755 تومن شد,housing
4974,2473 تومن خرج غذا شد,food
4975,لوازم خانگی 3247 تومن شد,shopping
4976,3756 تومن خرج سفر شد,other
4977,4287 تومن آزمایش دادم,health
4978,4359 تومن خرج غذا شد,food
4979,کتاب 1192 تومن شد,other
4980,بنزین 2426 تومن شد,transport
4981,بولینگ 105 تومن شد,entertainment
4982,1784 تومن خرج سفر شد,other
4983,1422 تومن اینترنت دادم,housing
4984,خرج غذا 705 تومن شد,food
4985,2644 تومن برای بازی دادم,entertainment
4986,3766 تومن برای غذا دادم,food
4987,2505 تومن مترو شارژ کردم,transport
4988,درمانگاه 4179 تومن شد,health
4989,برای غذا 2367 تومن خرج کردم,food
4990,3721 تومن برای غذا دادم,food
4991,4883 تومن آزمایش دادم,health
4992,لوازم خانگی 4532 تومن شد,shopping
4993,1267 تومن خرید اینترنتی کردم,shopping
4994,1619 تومن کمک خیریه کردم,other
4995,غذای رستوران 1935 تومن شد,food
4996,شارژ موبایل 2425 تومن شد,other
4997,3821 تومن اینترنت دادم,housing
4998,4275 تومن برای خرید پوشاک دادم,shopping
4999,شارژ موبایل 3827 تومن شد,other
5000,4098 تومن برای بیمه دادم,other
