id,text,label
1,140 تومن برای خرید سوپر دادم,shopping
2,730 تومن اسنپ گرفتم,transport
3,4580 خرج لوازم تحریر شد,shopping
4,180 تومن کباب گرفتم,food
5,1210 خرج شام شد,food
6,دارو 2890 تومن شد,health
7,3610 خرج لوازم تحریر شد,shopping
8,2310 خرج کنسرت شد,entertainment
9,اجاره 3900 تومن شد,housing
10,1760 تومن برای کفش دادم,shopping
11,4920 تومن برای اسنپ دادم,transport
12,1960 تومن ساندویچ گرفتم,food
13,3110 تومن برای قبض برق دادم,housing
14,2760 تومن قهوه گرفتم,food
15,2840 تومن برای سینما دادم,entertainment
16,4550 تومن برای کیف دادم,shopping
17,3620 تومن دکتر گرفتم,health
18,3970 تومن برای شام دادم,food
19,4450 تومن شام گرفتم,food
20,2340 تومن برای شهربازی دادم,entertainment
21,اتوبوس 1830 تومن شد,transport
22,3610 تومن لباس گرفتم,shopping
23,890 خرج درمان شد,health
24,میوه خریدم 850,shopping
25,4750 خرج شهربازی شد,entertainment
26,1680 تومن بنزین گرفتم,transport
27,4140 تومن برای تاکسی دادم,transport
28,شهربازی 350 تومن شد,entertainment
29,درمان 1630 تومن شد,health
30,کفش خریدم 2040,shopping
31,اتوبوس 730 تومن شد,transport
32,2770 تومن برای کیف دادم,shopping
33,2210 خرج کیف شد,shopping
34,شهربازی 1140 تومن شد,entertainment
35,480 تومن آزمایش گرفتم,health
36,ناهار 3230 تومن شد,food
37,3070 تومن کفش گرفتم,shopping
38,بازی خریدم 3070,entertainment
39,4990 خرج ویزیت شد,health
40,3510 خرج ساندویچ شد,food
41,1760 تومن اینترنت خونه گرفتم,housing
42,قبض آب خریدم 820,housing
43,4990 خرج برگر شد,food
44,4690 تومن کرایه رفت و برگشت گرفتم,transport
45,4320 خرج لباس شد,shopping
46,800 تومن برای دکتر دادم,health
47,4900 خرج کرایه رفت و برگشت شد,transport
48,2520 تومن فلافل گرفتم,food
49,4510 تومن برای فلافل دادم,food
50,1250 خرج تاکسی شد,transport
51,ساندویچ خریدم 3760,food
52,صبحونه 3940 تومن شد,food
53,2450 خرج بنزین شد,transport
54,2720 خرج اتوبوس شد,transport
55,4770 خرج کنسرت شد,entertainment
56,1040 تومن برای لوازم تحریر دادم,shopping
57,3340 تومن برای اشتراک فیلم دادم,entertainment
58,2330 تومن تفریح گرفتم,entertainment
59,340 تومن برای اسنپ دادم,transport
60,1190 خرج صبحونه شد,food
61,380 تومن تاکسی گرفتم,transport
62,4650 تومن تاکسی گرفتم,transport
63,اجاره 2650 تومن شد,housing
64,اینترنت خونه 2500 تومن شد,housing
65,3720 خرج دکتر شد,health
66,آزمایش خریدم 1260,health
67,500 تومن کنسرت گرفتم,entertainment
68,کفش خریدم 1830,shopping
69,4440 تومن بازی گرفتم,entertainment
70,3320 تومن لوازم تحریر گرفتم,shopping
71,3740 تومن برای کباب دادم,food
72,شام 1000 تومن شد,food
73,آزمایش خریدم 730,health
74,اتوبوس 2380 تومن شد,transport
75,4150 خرج قهوه شد,food
76,3350 خرج پیتزا شد,food
77,ساندویچ 4760 تومن شد,food
78,مترو خریدم 2500,transport
79,4640 تومن مترو گرفتم,transport
80,مترو خریدم 30,transport
81,قبض آب خریدم 1480,housing
82,4030 خرج لوازم تحریر شد,shopping
83,لوازم تحریر 2510 تومن شد,shopping
84,1130 تومن اتوبوس گرفتم,transport
85,2790 تومن درمان گرفتم,health
86,310 تومن لباس گرفتم,shopping
87,2590 خرج آزمایش شد,health
88,4930 خرج تاکسی شد,transport
89,370 خرج ناهار شد,food
90,2080 تومن شام گرفتم,food
91,2980 خرج دکتر شد,health
92,2160 خرج ساندویچ شد,food
93,1630 تومن برای دندانپزشک دادم,health
94,3680 تومن برای بنزین دادم,transport
95,اتوبوس 2040 تومن شد,transport
96,لوازم تحریر خریدم 1550,shopping
97,اجاره خریدم 60,housing
98,530 تومن دندانپزشک گرفتم,health
99,2610 تومن برای دکتر دادم,health
100,4530 تومن اتوبوس گرفتم,transport
101,اتوبوس 1470 تومن شد,transport
102,3620 تومن برای تفریح دادم,entertainment
103,2720 تومن درمان گرفتم,health
104,1550 تومن کیف گرفتم,shopping
105,610 تومن اتوبوس گرفتم,transport
106,810 تومن برای کیف دادم,shopping
107,1090 تومن برای قبض گاز دادم,housing
108,3260 تومن برای بنزین دادم,transport
109,1300 تومن آزمایش گرفتم,health
110,4260 تومن برای کباب دادم,food
111,پیتزا 1720 تومن شد,food
112,لباس خریدم 840,shopping
113,2200 خرج درمان شد,health
114,ساندویچ 400 تومن شد,food
115,4290 تومن برای دارو دادم,health
116,دندانپزشک خریدم 770,health
117,1590 تومن برای تاکسی دادم,transport
118,فلافل 1090 تومن شد,food
119,1830 خرج خرید سوپر شد,shopping
120,تفریح 3850 تومن شد,entertainment
121,اسنپ 4110 تومن شد,transport
122,930 تومن برای سینما دادم,entertainment
123,اشتراک فیلم 4440 تومن شد,entertainment
124,4050 تومن شارژ ساختمان گرفتم,housing
125,سینما خریدم 4410,entertainment
126,اسنپ خریدم 4200,transport
127,قبض برق 4220 تومن شد,housing
128,تاکسی 3390 تومن شد,transport
129,1440 تومن شهربازی گرفتم,entertainment
130,3300 خرج قبض برق شد,housing
131,4330 خرج اشتراک فیلم شد,entertainment
132,610 تومن برای اجاره دادم,housing
133,4940 تومن برای کرایه رفت و برگشت دادم,transport
134,ساندویچ خریدم 3070,food
135,4040 تومن برای اینترنت خونه دادم,housing
136,2630 تومن تفریح گرفتم,entertainment
137,990 تومن برای تفریح دادم,entertainment
138,20 خرج کباب شد,food
139,درمان 3700 تومن شد,health
140,370 تومن برای قبض آب دادم,housing
141,3410 تومن ویزیت گرفتم,health
142,2610 تومن برای لباس دادم,shopping
143,کفش خریدم 1690,shopping
144,لباس 2850 تومن شد,shopping
145,مترو خریدم 3420,transport
146,لوازم تحریر 4640 تومن شد,shopping
147,دندانپزشک خریدم 1560,health
148,1570 تومن برای دارو دادم,health
149,4040 خرج مترو شد,transport
150,درمان خریدم 1660,health
151,بازی 3470 تومن شد,entertainment
152,آزمایش 4080 تومن شد,health
153,1470 خرج خرید سوپر شد,shopping
154,3190 تومن برای لوازم تحریر دادم,shopping
155,3460 تومن برای شام دادم,food
156,770 تومن اسنپ گرفتم,transport
157,2450 خرج شام شد,food
158,2140 خرج قهوه شد,food
159,بنزین خریدم 3580,transport
160,بازی 1260 تومن شد,entertainment
161,40 تومن لوازم تحریر گرفتم,shopping
162,920 خرج کنسرت شد,entertainment
163,سینما 2870 تومن شد,entertainment
164,قهوه خریدم 700,food
165,2880 خرج کیف شد,shopping
166,3150 خرج قبض آب شد,housing
167,تفریح 2300 تومن شد,entertainment
168,2320 تومن برای کفش دادم,shopping
169,1430 خرج بنزین شد,transport
170,1240 تومن برای اشتراک فیلم دادم,entertainment
171,3670 تومن برای سینما دادم,entertainment
172,1730 تومن برای اتوبوس دادم,transport
173,دارو 720 تومن شد,health
174,مترو 3570 تومن شد,transport
175,میوه خریدم 340,shopping
176,شهربازی خریدم 2790,entertainment
177,سینما خریدم 1070,entertainment
178,4860 تومن تفریح گرفتم,entertainment
179,2460 تومن آزمایش گرفتم,health
180,قبض برق خریدم 3870,housing
181,3840 خرج تفریح شد,entertainment
182,دکتر 2510 تومن شد,health
183,2500 تومن قبض آب گرفتم,housing
184,شهربازی خریدم 3440,entertainment
185,میوه خریدم 4320,shopping
186,2750 تومن کرایه رفت و برگشت گرفتم,transport
187,2900 تومن تفریح گرفتم,entertainment
188,کباب خریدم 710,food
189,تاکسی خریدم 1350,transport
190,2340 تومن برای شارژ ساختمان دادم,housing
191,قبض آب خریدم 1440,housing
192,2420 تومن اجاره گرفتم,housing
193,280 تومن برای کیف دادم,shopping
194,370 تومن بنزین گرفتم,transport
195,1040 تومن شام گرفتم,food
196,دکتر 1240 تومن شد,health
197,600 خرج اشتراک فیلم شد,entertainment
198,3600 تومن برای مترو دادم,transport
199,3120 خرج شارژ ساختمان شد,housing
200,لوازم تحریر 600 تومن شد,shopping
201,2980 تومن اجاره گرفتم,housing
202,قبض گاز خریدم 3480,housing
203,1030 تومن اشتراک فیلم گرفتم,entertainment
204,درمان 4270 تومن شد,health
205,4370 خرج برگر شد,food
206,1790 خرج پیتزا شد,food
207,1910 تومن اشتراک فیلم گرفتم,entertainment
208,1760 تومن درمان گرفتم,health
209,بازی خریدم 560,entertainment
210,اینترنت خونه خریدم 4580,housing
211,میوه 2240 تومن شد,shopping
212,4960 تومن برای کیف دادم,shopping
213,دندانپزشک خریدم 3980,health
214,4240 خرج بازی شد,entertainment
215,قبض برق 4380 تومن شد,housing
216,برگر خریدم 4530,food
217,2930 خرج مترو شد,transport
218,1740 تومن کفش گرفتم,shopping
219,شهربازی خریدم 950,entertainment
220,4100 تومن برای اتوبوس دادم,transport
221,4520 خرج قبض برق شد,housing
222,2860 تومن لباس گرفتم,shopping
223,دکتر 450 تومن شد,health
224,2520 خرج کفش شد,shopping
225,بنزین خریدم 2450,transport
226,490 تومن برای سینما دادم,entertainment
227,مترو 3560 تومن شد,transport
228,2990 تومن برای اینترنت خونه دادم,housing
229,2730 تومن برای تفریح دادم,entertainment
230,2830 تومن برای اشتراک فیلم دادم,entertainment
231,2340 تومن برای اینترنت خونه دادم,housing
232,1200 تومن قبض برق گرفتم,housing
233,1630 تومن میوه گرفتم,shopping
234,کیف 4880 تومن شد,shopping
235,اسنپ خریدم 3800,transport
236,3030 خرج اینترنت خونه شد,housing
237,ویزیت 530 تومن شد,health
238,شارژ ساختمان 1860 تومن شد,housing
239,3640 خرج اجاره شد,housing
240,250 تومن اتوبوس گرفتم,transport
241,ویزیت 3590 تومن شد,health
242,540 تومن کفش گرفتم,shopping
243,ویزیت خریدم 2420,health
244,960 تومن شهربازی گرفتم,entertainment
245,600 تومن قبض آب گرفتم,housing
246,390 خرج بازی شد,entertainment
247,لوازم تحریر 290 تومن شد,shopping
248,4870 تومن برای کرایه رفت و برگشت دادم,transport
249,620 خرج شام شد,food
250,3070 خرج تفریح شد,entertainment
251,کرایه رفت و برگشت خریدم 1960,transport
252,4420 خرج شهربازی شد,entertainment
253,2930 خرج شهربازی شد,entertainment
254,ساندویچ 4870 تومن شد,food
255,1370 تومن میوه گرفتم,shopping
256,900 خرج اسنپ شد,transport
257,ناهار خریدم 30,food
258,اشتراک فیلم خریدم 3060,entertainment
259,1200 تومن برای اجاره دادم,housing
260,لباس خریدم 3610,shopping
261,4750 تومن برای شام دادم,food
262,کیف 3400 تومن شد,shopping
263,سینما 2800 تومن شد,entertainment
264,4670 تومن برای میوه دادم,shopping
265,تاکسی 320 تومن شد,transport
266,3850 خرج قبض گاز شد,housing
267,قبض آب خریدم 650,housing
268,لباس خریدم 3600,shopping
269,قبض گاز خریدم 2780,housing
270,3080 تومن سینما گرفتم,entertainment
271,1670 خرج اشتراک فیلم شد,entertainment
272,اجاره 480 تومن شد,housing
273,3020 تومن کیف گرفتم,shopping
274,2970 تومن لباس گرفتم,shopping
275,مترو خریدم 2670,transport
276,شارژ ساختمان خریدم 3010,housing
277,4980 تومن کفش گرفتم,shopping
278,2110 تومن برای شهربازی دادم,entertainment
279,اینترنت خونه 550 تومن شد,housing
280,قبض آب خریدم 3570,housing
281,اینترنت خونه خریدم 4850,housing
282,2340 تومن دارو گرفتم,health
283,1670 تومن قبض برق گرفتم,housing
284,4240 تومن تفریح گرفتم,entertainment
285,کیف خریدم 2380,shopping
286,2670 تومن برای شام دادم,food
287,آزمایش خریدم 3220,health
288,1380 خرج شام شد,food
289,اتوبوس خریدم 2260,transport
290,3240 خرج پیتزا شد,food
291,830 تومن برای بنزین دادم,transport
292,دارو خریدم 2840,health
293,4320 تومن شام گرفتم,food
294,سینما 3330 تومن شد,entertainment
295,1510 خرج اشتراک فیلم شد,entertainment
296,لباس خریدم 2140,shopping
297,2350 خرج کنسرت شد,entertainment
298,990 خرج مترو شد,transport
299,درمان 4520 تومن شد,health
300,برگر خریدم 3970,food
301,1380 تومن قبض گاز گرفتم,housing
302,1540 خرج اینترنت خونه شد,housing
303,درمان 2520 تومن شد,health
304,2490 تومن برای تفریح دادم,entertainment
305,3920 خرج قبض گاز شد,housing
306,4790 تومن برای بازی دادم,entertainment
307,1240 خرج بنزین شد,transport
308,کنسرت خریدم 4400,entertainment
309,فلافل خریدم 3830,food
310,کفش 1990 تومن شد,shopping
311,660 خرج سینما شد,entertainment
312,4470 تومن ویزیت گرفتم,health
313,سینما خریدم 2710,entertainment
314,ناهار 2110 تومن شد,food
315,4020 تومن برای قهوه دادم,food
316,قبض گاز خریدم 3560,housing
317,4380 تومن برای خرید سوپر دادم,shopping
318,1960 تومن برای کیف دادم,shopping
319,لوازم تحریر خریدم 4560,shopping
320,3180 تومن دارو گرفتم,health
321,3520 تومن برای بنزین دادم,transport
322,بنزین خریدم 480,transport
323,ساندویچ 2290 تومن شد,food
324,4640 تومن لباس گرفتم,shopping
325,4090 تومن فلافل گرفتم,food
326,قبض برق خریدم 1930,housing
327,اسنپ خریدم 2730,transport
328,درمان 4070 تومن شد,health
329,420 خرج اسنپ شد,transport
330,تفریح 3510 تومن شد,entertainment
331,تفریح 750 تومن شد,entertainment
332,اشتراک فیلم خریدم 1320,entertainment
333,اینترنت خونه خریدم 60,housing
334,اینترنت خونه 2810 تومن شد,housing
335,4850 تومن برای قهوه دادم,food
336,ویزیت خریدم 3290,health
337,2350 تومن برای لباس دادم,shopping
338,مترو خریدم 4380,transport
339,1970 خرج شام شد,food
340,1530 تومن برای قبض گاز دادم,housing
341,1420 تومن کباب گرفتم,food
342,4000 تومن درمان گرفتم,health
343,2560 تومن برای درمان دادم,health
344,4120 تومن برای کرایه رفت و برگشت دادم,transport
345,990 خرج بنزین شد,transport
346,اینترنت خونه 3880 تومن شد,housing
347,4640 تومن خرید سوپر گرفتم,shopping
348,190 خرج قبض آب شد,housing
349,690 تومن اینترنت خونه گرفتم,housing
350,قبض برق خریدم 3840,housing
351,690 خرج اسنپ شد,transport
352,2580 تومن برای قبض گاز دادم,housing
353,اتوبوس خریدم 4690,transport
354,4470 تومن برای اینترنت خونه دادم,housing
355,4950 تومن قهوه گرفتم,food
356,اسنپ خریدم 4420,transport
357,ویزیت خریدم 480,health
358,2760 تومن برگر گرفتم,food
359,3460 تومن برای شهربازی دادم,entertainment
360,4230 تومن برای آزمایش دادم,health
361,2430 تومن شام گرفتم,food
362,1690 خرج دندانپزشک شد,health
363,بنزین خریدم 340,transport
364,لباس خریدم 3340,shopping
365,250 تومن ناهار گرفتم,food
366,610 تومن قبض آب گرفتم,housing
367,کرایه رفت و برگشت خریدم 710,transport
368,3450 خرج شهربازی شد,entertainment
369,تفریح 3820 تومن شد,entertainment
370,اشتراک فیلم خریدم 520,entertainment
371,4820 تومن برای آزمایش دادم,health
372,فلافل خریدم 1130,food
373,4390 تومن برای کنسرت دادم,entertainment
374,2800 تومن برای فلافل دادم,food
375,کباب 1430 تومن شد,food
376,قهوه 480 تومن شد,food
377,3070 تومن لوازم تحریر گرفتم,shopping
378,فلافل 1260 تومن شد,food
379,370 خرج دکتر شد,health
380,کرایه رفت و برگشت 1120 تومن شد,transport
381,4050 خرج شارژ ساختمان شد,housing
382,برگر 4410 تومن شد,food
383,کرایه رفت و برگشت 1300 تومن شد,transport
384,690 تومن پیتزا گرفتم,food
385,3030 تومن برای شارژ ساختمان دادم,housing
386,1370 تومن ناهار گرفتم,food
387,2170 خرج بنزین شد,transport
388,ساندویچ خریدم 2450,food
389,3050 تومن قبض گاز گرفتم,housing
390,1150 خرج تفریح شد,entertainment
391,صبحونه خریدم 1560,food
392,خرید سوپر خریدم 330,shopping
393,3530 تومن بازی گرفتم,entertainment
394,اشتراک فیلم خریدم 4670,entertainment
395,1660 خرج ساندویچ شد,food
396,660 تومن برای تاکسی دادم,transport
397,3010 خرج درمان شد,health
398,1970 خرج لباس شد,shopping
399,2340 خرج ویزیت شد,health
400,520 تومن آزمایش گرفتم,health
401,4510 خرج لوازم تحریر شد,shopping
402,میوه خریدم 2220,shopping
403,مترو خریدم 1750,transport
404,3750 تومن بازی گرفتم,entertainment
405,1620 تومن برای قبض آب دادم,housing
406,شارژ ساختمان خریدم 3530,housing
407,4270 تومن ساندویچ گرفتم,food
408,510 تومن برای کباب دادم,food
409,320 خرج کرایه رفت و برگشت شد,transport
410,1700 تومن دندانپزشک گرفتم,health
411,شهربازی خریدم 4490,entertainment
412,4970 تومن برای خرید سوپر دادم,shopping
413,1820 تومن ویزیت گرفتم,health
414,دندانپزشک 1100 تومن شد,health
415,1160 تومن کفش گرفتم,shopping
416,1900 تومن قبض گاز گرفتم,housing
417,قبض گاز خریدم 1170,housing
418,3160 خرج دندانپزشک شد,health
419,برگر 160 تومن شد,food
420,3920 تومن برای اینترنت خونه دادم,housing
421,قبض برق 50 تومن شد,housing
422,کرایه رفت و برگشت خریدم 3380,transport
423,3810 تومن ناهار گرفتم,food
424,صبحونه خریدم 1120,food
425,بازی 1760 تومن شد,entertainment
426,3710 تومن برای قبض برق دادم,housing
427,450 تومن دندانپزشک گرفتم,health
428,3880 خرج اسنپ شد,transport
429,ساندویچ خریدم 1410,food
430,2500 خرج کفش شد,shopping
431,بازی 1410 تومن شد,entertainment
432,دارو خریدم 1780,health
433,3490 خرج برگر شد,food
434,3430 تومن برای تفریح دادم,entertainment
435,2040 خرج شام شد,food
436,1060 تومن برای پیتزا دادم,food
437,3930 تومن برای اسنپ دادم,transport
438,630 تومن قبض برق گرفتم,housing
439,اشتراک فیلم 2220 تومن شد,entertainment
440,مترو 2740 تومن شد,transport
441,4280 تومن برای دندانپزشک دادم,health
442,4430 تومن کباب گرفتم,food
443,2370 تومن سینما گرفتم,entertainment
444,2210 خرج قبض گاز شد,housing
445,اشتراک فیلم خریدم 3290,entertainment
446,2090 تومن اجاره گرفتم,housing
447,4120 خرج شارژ ساختمان شد,housing
448,4720 تومن برای اشتراک فیلم دادم,entertainment
449,4340 تومن کباب گرفتم,food
450,مترو خریدم 3030,transport
451,2040 تومن برای دارو دادم,health
452,1150 تومن برای لباس دادم,shopping
453,2630 تومن تاکسی گرفتم,transport
454,1010 تومن برای دندانپزشک دادم,health
455,اینترنت خونه 4920 تومن شد,housing
456,760 تومن برای تاکسی دادم,transport
457,اسنپ 3100 تومن شد,transport
458,خرید سوپر خریدم 920,shopping
459,3910 خرج تفریح شد,entertainment
460,4750 خرج اشتراک فیلم شد,entertainment
461,3210 تومن برای لوازم تحریر دادم,shopping
462,لباس خریدم 790,shopping
463,2280 تومن برای قهوه دادم,food
464,300 تومن برای قبض گاز دادم,housing
465,دارو خریدم 1600,health
466,310 تومن برای سینما دادم,entertainment
467,3320 تومن اجاره گرفتم,housing
468,دندانپزشک خریدم 2610,health
469,2850 تومن تفریح گرفتم,entertainment
470,تفریح 3350 تومن شد,entertainment
471,2450 خرج قبض گاز شد,housing
472,2320 تومن تاکسی گرفتم,transport
473,450 خرج اینترنت خونه شد,housing
474,میوه 220 تومن شد,shopping
475,2260 خرج کفش شد,shopping
476,830 تومن برای دندانپزشک دادم,health
477,قبض برق خریدم 2000,housing
478,3080 تومن اینترنت خونه گرفتم,housing
479,1730 تومن لوازم تحریر گرفتم,shopping
480,اجاره خریدم 2870,housing
481,3720 خرج قبض برق شد,housing
482,430 خرج اتوبوس شد,transport
483,4710 تومن برای میوه دادم,shopping
484,اینترنت خونه خریدم 3590,housing
485,3640 تومن کرایه رفت و برگشت گرفتم,transport
486,1940 تومن برای قبض گاز دادم,housing
487,3610 خرج بنزین شد,transport
488,2620 تومن برای کباب دادم,food
489,فلافل 1600 تومن شد,food
490,اتوبوس خریدم 4870,transport
491,اسنپ 720 تومن شد,transport
492,4340 تومن برگر گرفتم,food
493,4290 خرج دندانپزشک شد,health
494,4500 خرج فلافل شد,food
495,کرایه رفت و برگشت 1940 تومن شد,transport
496,4270 خرج اسنپ شد,transport
497,2260 تومن بنزین گرفتم,transport
498,شهربازی 3480 تومن شد,entertainment
499,تفریح خریدم 1470,entertainment
500,1240 تومن برای کرایه رفت و برگشت دادم,transport
501,1900 خرج کنسرت شد,entertainment
502,3950 تومن برای بازی دادم,entertainment
503,تفریح خریدم 2720,entertainment
504,4120 خرج اسنپ شد,transport
505,اتوبوس خریدم 280,transport
506,4800 تومن قبض گاز گرفتم,housing
507,4370 تومن کیف گرفتم,shopping
508,اجاره 3920 تومن شد,housing
509,4650 خرج قبض آب شد,housing
510,مترو 480 تومن شد,transport
511,4780 تومن شهربازی گرفتم,entertainment
512,2040 خرج سینما شد,entertainment
513,1990 تومن شارژ ساختمان گرفتم,housing
514,160 تومن برای شارژ ساختمان دادم,housing
515,فلافل 4070 تومن شد,food
516,تاکسی خریدم 1480,transport
517,میوه خریدم 3900,shopping
518,40 تومن تفریح گرفتم,entertainment
519,برگر 1120 تومن شد,food
520,3130 خرج درمان شد,health
521,3990 تومن برای سینما دادم,entertainment
522,640 تومن اتوبوس گرفتم,transport
523,3290 خرج مترو شد,transport
524,سینما خریدم 580,entertainment
525,100 خرج دندانپزشک شد,health
526,دکتر 3690 تومن شد,health
527,20 خرج قبض آب شد,housing
528,شارژ ساختمان خریدم 2940,housing
529,3440 تومن بنزین گرفتم,transport
530,360 خرج ویزیت شد,health
531,4040 خرج دندانپزشک شد,health
532,دارو خریدم 2010,health
533,1930 تومن برای کباب دادم,food
534,1840 تومن خرید سوپر گرفتم,shopping
535,3770 تومن شارژ ساختمان گرفتم,housing
536,3890 تومن برای درمان دادم,health
537,1820 خرج تاکسی شد,transport
538,اینترنت خونه خریدم 910,housing
539,کفش 3250 تومن شد,shopping
540,تاکسی خریدم 3680,transport
541,1050 تومن برگر گرفتم,food
542,1630 تومن برای تاکسی دادم,transport
543,4190 خرج آزمایش شد,health
544,شهربازی 200 تومن شد,entertainment
545,4430 تومن قبض برق گرفتم,housing
546,1410 تومن لباس گرفتم,shopping
547,قبض آب خریدم 4570,housing
548,کفش خریدم 4600,shopping
549,شارژ ساختمان خریدم 2560,housing
550,1380 تومن قبض گاز گرفتم,housing
551,کفش خریدم 420,shopping
552,2810 تومن برای دکتر دادم,health
553,420 تومن برای اجاره دادم,housing
554,لباس خریدم 1580,shopping
555,درمان 2200 تومن شد,health
556,کفش خریدم 1810,shopping
557,فلافل خریدم 3160,food
558,4070 تومن اینترنت خونه گرفتم,housing
559,1880 خرج کباب شد,food
560,830 تومن لوازم تحریر گرفتم,shopping
561,کرایه رفت و برگشت خریدم 3490,transport
562,ناهار 360 تومن شد,food
563,لباس خریدم 1870,shopping
564,دارو 3110 تومن شد,health
565,4870 تومن برای کفش دادم,shopping
566,3920 تومن قبض آب گرفتم,housing
567,2730 تومن برای دکتر دادم,health
568,3340 تومن برای شهربازی دادم,entertainment
569,تاکسی 150 تومن شد,transport
570,2000 خرج تفریح شد,entertainment
571,3980 تومن برای برگر دادم,food
572,1110 خرج کفش شد,shopping
573,اینترنت خونه خریدم 4710,housing
574,710 تومن تاکسی گرفتم,transport
575,کنسرت خریدم 4620,entertainment
576,3430 تومن برای فلافل دادم,food
577,2830 خرج خرید سوپر شد,shopping
578,قبض برق 4370 تومن شد,housing
579,لوازم تحریر 4760 تومن شد,shopping
580,1160 تومن قبض گاز گرفتم,housing
581,اسنپ خریدم 1230,transport
582,2850 خرج فلافل شد,food
583,4130 خرج قبض آب شد,housing
584,4540 تومن کرایه رفت و برگشت گرفتم,transport
585,برگر خریدم 2050,food
586,آزمایش خریدم 3950,health
587,660 تومن برای دارو دادم,health
588,خرید سوپر خریدم 2320,shopping
589,کیف 1780 تومن شد,shopping
590,درمان 3020 تومن شد,health
591,2590 تومن مترو گرفتم,transport
592,800 تومن برای صبحونه دادم,food
593,اسنپ 1670 تومن شد,transport
594,4600 تومن برای قبض گاز دادم,housing
595,1020 خرج برگر شد,food
596,3220 تومن برای شارژ ساختمان دادم,housing
597,490 خرج دندانپزشک شد,health
598,3050 خرج میوه شد,shopping
599,3390 خرج اسنپ شد,transport
600,1740 خرج کیف شد,shopping
601,430 تومن پیتزا گرفتم,food
602,کیف 1370 تومن شد,shopping
603,3180 تومن آزمایش گرفتم,health
604,2810 تومن برای اشتراک فیلم دادم,entertainment
605,لباس 2490 تومن شد,shopping
606,کفش خریدم 1540,shopping
607,پیتزا خریدم 820,food
608,بازی 2390 تومن شد,entertainment
609,750 تومن برای قبض گاز دادم,housing
610,3770 تومن برای لباس دادم,shopping
611,3910 تومن برای کنسرت دادم,entertainment
612,560 تومن برای دندانپزشک دادم,health
613,640 تومن برای مترو دادم,transport
614,740 تومن کنسرت گرفتم,entertainment
615,برگر خریدم 4860,food
616,آزمایش 1290 تومن شد,health
617,3710 تومن برای قبض گاز دادم,housing
618,2570 خرج اسنپ شد,transport
619,4520 تومن برای بازی دادم,entertainment
620,سینما خریدم 480,entertainment
621,آزمایش 4960 تومن شد,health
622,1820 تومن کرایه رفت و برگشت گرفتم,transport
623,2550 خرج برگر شد,food
624,2420 تومن برای لوازم تحریر دادم,shopping
625,4350 تومن دارو گرفتم,health
626,4530 تومن برای کنسرت دادم,entertainment
627,لباس خریدم 3930,shopping
628,2070 تومن اجاره گرفتم,housing
629,1010 تومن برای دندانپزشک دادم,health
630,ویزیت خریدم 390,health
631,3930 خرج آزمایش شد,health
632,3500 خرج قبض گاز شد,housing
633,ناهار خریدم 510,food
634,2870 تومن برای قبض برق دادم,housing
635,3100 خرج اسنپ شد,transport
636,220 تومن تفریح گرفتم,entertainment
637,3670 تومن برای ناهار دادم,food
638,تفریح 2350 تومن شد,entertainment
639,730 تومن برای دندانپزشک دادم,health
640,ویزیت خریدم 850,health
641,4330 تومن برای درمان دادم,health
642,2610 خرج ویزیت شد,health
643,3640 خرج آزمایش شد,health
644,4190 تومن قبض آب گرفتم,housing
645,3460 تومن قبض برق گرفتم,housing
646,1590 تومن تفریح گرفتم,entertainment
647,1370 خرج آزمایش شد,health
648,3710 تومن دکتر گرفتم,health
649,890 خرج آزمایش شد,health
650,لوازم تحریر خریدم 3190,shopping
651,1260 تومن بنزین گرفتم,transport
652,درمان 580 تومن شد,health
653,قهوه خریدم 1620,food
654,مترو 3550 تومن شد,transport
655,3980 خرج تفریح شد,entertainment
656,3740 تومن اشتراک فیلم گرفتم,entertainment
657,میوه 2670 تومن شد,shopping
658,ویزیت خریدم 3410,health
659,آزمایش 1620 تومن شد,health
660,1770 خرج تفریح شد,entertainment
661,3970 تومن برای اینترنت خونه دادم,housing
662,آزمایش 1000 تومن شد,health
663,قبض گاز 1540 تومن شد,housing
664,قبض برق 3620 تومن شد,housing
665,2520 تومن برای لوازم تحریر دادم,shopping
666,2880 تومن برای شهربازی دادم,entertainment
667,2950 خرج اجاره شد,housing
668,4210 تومن برای بازی دادم,entertainment
669,230 تومن برای اتوبوس دادم,transport
670,خرید سوپر خریدم 1790,shopping
671,لباس خریدم 3840,shopping
672,4250 خرج اسنپ شد,transport
673,3580 تومن برای قبض گاز دادم,housing
674,3170 خرج تاکسی شد,transport
675,270 خرج اسنپ شد,transport
676,1210 تومن بنزین گرفتم,transport
677,کباب خریدم 1710,food
678,40 خرج ناهار شد,food
679,مترو خریدم 3360,transport
680,1040 تومن برای اشتراک فیلم دادم,entertainment
681,3320 تومن قبض برق گرفتم,housing
682,2750 تومن شام گرفتم,food
683,مترو 4530 تومن شد,transport
684,کباب خریدم 4050,food
685,4940 تومن برای بنزین دادم,transport
686,1540 خرج پیتزا شد,food
687,4770 تومن برای دارو دادم,health
688,3300 خرج قبض آب شد,housing
689,آزمایش 4570 تومن شد,health
690,آزمایش 1410 تومن شد,health
691,فلافل خریدم 850,food
692,لباس 3690 تومن شد,shopping
693,4060 تومن برای فلافل دادم,food
694,درمان 3890 تومن شد,health
695,کرایه رفت و برگشت خریدم 4400,transport
696,1690 تومن تفریح گرفتم,entertainment
697,اشتراک فیلم 500 تومن شد,entertainment
698,مترو 1670 تومن شد,transport
699,برگر 1980 تومن شد,food
700,4900 تومن برای شهربازی دادم,entertainment
701,3720 خرج قبض گاز شد,housing
702,3360 تومن برای برگر دادم,food
703,330 تومن میوه گرفتم,shopping
704,شهربازی خریدم 830,entertainment
705,4740 تومن برای کیف دادم,shopping
706,3290 تومن برای خرید سوپر دادم,shopping
707,قبض گاز 1150 تومن شد,housing
708,مترو خریدم 800,transport
709,کیف خریدم 1930,shopping
710,کیف خریدم 4690,shopping
711,درمان 4240 تومن شد,health
712,3880 خرج بنزین شد,transport
713,2300 خرج صبحونه شد,food
714,410 خرج لباس شد,shopping
715,4260 خرج پیتزا شد,food
716,2950 خرج دکتر شد,health
717,1690 خرج اسنپ شد,transport
718,سینما 3500 تومن شد,entertainment
719,2520 تومن کیف گرفتم,shopping
720,4160 تومن آزمایش گرفتم,health
721,کنسرت خریدم 2640,entertainment
722,310 خرج تفریح شد,entertainment
723,4150 تومن برای اشتراک فیلم دادم,entertainment
724,2040 تومن برای خرید سوپر دادم,shopping
725,2980 تومن شام گرفتم,food
726,1780 تومن کباب گرفتم,food
727,4800 تومن دارو گرفتم,health
728,سینما خریدم 1480,entertainment
729,اسنپ خریدم 3940,transport
730,قبض آب خریدم 2310,housing
731,3510 خرج سینما شد,entertainment
732,4420 تومن برای بنزین دادم,transport
733,ناهار خریدم 2770,food
734,دکتر 3740 تومن شد,health
735,پیتزا خریدم 1540,food
736,لوازم تحریر خریدم 2800,shopping
737,آزمایش 4230 تومن شد,health
738,مترو 1790 تومن شد,transport
739,4810 تومن شارژ ساختمان گرفتم,housing
740,3160 تومن کباب گرفتم,food
741,360 تومن اسنپ گرفتم,transport
742,2300 خرج دارو شد,health
743,4480 تومن لوازم تحریر گرفتم,shopping
744,بنزین خریدم 240,transport
745,کنسرت 2780 تومن شد,entertainment
746,2590 تومن برای ناهار دادم,food
747,2960 تومن برای بنزین دادم,transport
748,3970 تومن برای دندانپزشک دادم,health
749,اتوبوس 4500 تومن شد,transport
750,کیف خریدم 1150,shopping
751,330 خرج قبض برق شد,housing
752,درمان 4680 تومن شد,health
753,2200 خرج لوازم تحریر شد,shopping
754,4990 تومن برای سینما دادم,entertainment
755,1970 خرج لوازم تحریر شد,shopping
756,اینترنت خونه خریدم 2150,housing
757,اتوبوس 1940 تومن شد,transport
758,آزمایش 1250 تومن شد,health
759,اینترنت خونه خریدم 750,housing
760,صبحونه خریدم 2130,food
761,دندانپزشک خریدم 700,health
762,1060 تومن برای اتوبوس دادم,transport
763,خرید سوپر خریدم 4740,shopping
764,اجاره 2760 تومن شد,housing
765,1950 خرج برگر شد,food
766,4490 تومن دارو گرفتم,health
767,3720 خرج کرایه رفت و برگشت شد,transport
768,1080 تومن برای مترو دادم,transport
769,اجاره 1100 تومن شد,housing
770,خرید سوپر خریدم 3840,shopping
771,بنزین 3110 تومن شد,transport
772,2840 تومن برای کنسرت دادم,entertainment
773,2400 خرج قبض آب شد,housing
774,1590 تومن برای لباس دادم,shopping
775,قبض گاز خریدم 4530,housing
776,سینما خریدم 4130,entertainment
777,1910 تومن برای شارژ ساختمان دادم,housing
778,سینما 2900 تومن شد,entertainment
779,100 تومن برای میوه دادم,shopping
780,دندانپزشک خریدم 2980,health
781,1020 تومن برای شارژ ساختمان دادم,housing
782,مترو 2930 تومن شد,transport
783,3370 تومن برای تفریح دادم,entertainment
784,قبض آب خریدم 4960,housing
785,3770 تومن برای کنسرت دادم,entertainment
786,3700 خرج اسنپ شد,transport
787,4710 خرج کنسرت شد,entertainment
788,2700 تومن خرید سوپر گرفتم,shopping
789,3930 تومن پیتزا گرفتم,food
790,کنسرت 4330 تومن شد,entertainment
791,ناهار 60 تومن شد,food
792,1930 تومن آزمایش گرفتم,health
793,3430 خرج درمان شد,health
794,2510 تومن اشتراک فیلم گرفتم,entertainment
795,صبحونه خریدم 2840,food
796,2730 تومن برای پیتزا دادم,food
797,100 خرج ویزیت شد,health
798,لوازم تحریر 2220 تومن شد,shopping
799,ساندویچ 2700 تومن شد,food
800,3190 خرج اسنپ شد,transport
801,قبض برق خریدم 1380,housing
802,فلافل خریدم 4930,food
803,تفریح 1260 تومن شد,entertainment
804,4250 تومن اینترنت خونه گرفتم,housing
805,3900 تومن لوازم تحریر گرفتم,shopping
806,کباب خریدم 1960,food
807,300 تومن آزمایش گرفتم,health
808,میوه خریدم 440,shopping
809,4030 تومن برای اشتراک فیلم دادم,entertainment
810,4600 خرج دارو شد,health
811,1100 خرج شام شد,food
812,250 تومن شهربازی گرفتم,entertainment
813,4620 خرج لباس شد,shopping
814,درمان 180 تومن شد,health
815,اجاره 4940 تومن شد,housing
816,دکتر خریدم 3870,health
817,850 خرج برگر شد,food
818,کرایه رفت و برگشت خریدم 4290,transport
819,کیف خریدم 1710,shopping
820,4060 تومن میوه گرفتم,shopping
821,1790 تومن درمان گرفتم,health
822,1200 تومن کباب گرفتم,food
823,3950 خرج قبض گاز شد,housing
824,4980 تومن برای آزمایش دادم,health
825,برگر خریدم 4030,food
826,1840 خرج کنسرت شد,entertainment
827,970 خرج بازی شد,entertainment
828,450 خرج کفش شد,shopping
829,3670 تومن شارژ ساختمان گرفتم,housing
830,برگر خریدم 800,food
831,لوازم تحریر خریدم 800,shopping
832,560 تومن قبض برق گرفتم,housing
833,2290 تومن برای برگر دادم,food
834,690 تومن اجاره گرفتم,housing
835,2310 خرج مترو شد,transport
836,2100 تومن دندانپزشک گرفتم,health
837,1830 خرج ساندویچ شد,food
838,فلافل خریدم 4440,food
839,برگر خریدم 2130,food
840,صبحونه 4650 تومن شد,food
841,دندانپزشک خریدم 880,health
842,1390 تومن برای اسنپ دادم,transport
843,760 تومن قبض آب گرفتم,housing
844,مترو خریدم 1430,transport
845,4020 تومن قبض آب گرفتم,housing
846,قبض برق 4850 تومن شد,housing
847,2550 خرج لوازم تحریر شد,shopping
848,2360 تومن دکتر گرفتم,health
849,اتوبوس خریدم 50,transport
850,1960 تومن برای قبض گاز دادم,housing
851,2220 خرج شهربازی شد,entertainment
852,1660 خرج اتوبوس شد,transport
853,2470 تومن برای میوه دادم,shopping
854,4970 تومن برای مترو دادم,transport
855,اینترنت خونه خریدم 3570,housing
856,دکتر خریدم 1680,health
857,1880 تومن قبض آب گرفتم,housing
858,3050 خرج دکتر شد,health
859,3950 خرج بنزین شد,transport
860,قهوه 4840 تومن شد,food
861,4270 تومن شهربازی گرفتم,entertainment
862,اشتراک فیلم 2570 تومن شد,entertainment
863,1250 تومن برای لباس دادم,shopping
864,میوه خریدم 3680,shopping
865,2310 خرج سینما شد,entertainment
866,2070 خرج تفریح شد,entertainment
867,2160 خرج درمان شد,health
868,3610 خرج فلافل شد,food
869,4700 تومن درمان گرفتم,health
870,3380 تومن برای شام دادم,food
871,3150 تومن بنزین گرفتم,transport
872,درمان خریدم 3480,health
873,560 تومن قبض آب گرفتم,housing
874,1150 خرج برگر شد,food
875,2870 خرج کیف شد,shopping
876,کیف خریدم 1150,shopping
877,2390 خرج قبض آب شد,housing
878,790 تومن برای کیف دادم,shopping
879,550 تومن برای قهوه دادم,food
880,سینما 610 تومن شد,entertainment
881,قبض برق خریدم 1770,housing
882,2490 تومن برای کرایه رفت و برگشت دادم,transport
883,سینما خریدم 2260,entertainment
884,1550 تومن اجاره گرفتم,housing
885,130 تومن برای خرید سوپر دادم,shopping
886,خرید سوپر 3480 تومن شد,shopping
887,میوه 2660 تومن شد,shopping
888,1710 خرج دکتر شد,health
889,بازی خریدم 1200,entertainment
890,میوه خریدم 970,shopping
891,3790 خرج سینما شد,entertainment
892,مترو خریدم 3050,transport
893,سینما 3620 تومن شد,entertainment
894,3870 تومن اتوبوس گرفتم,transport
895,4110 خرج دارو شد,health
896,اتوبوس 1680 تومن شد,transport
897,سینما خریدم 1360,entertainment
898,1620 خرج درمان شد,health
899,2020 خرج تفریح شد,entertainment
900,فلافل خریدم 1820,food
901,4180 تومن برای دکتر دادم,health
902,دندانپزشک 450 تومن شد,health
903,1240 تومن برای اجاره دادم,housing
904,ناهار 1930 تومن شد,food
905,2160 خرج آزمایش شد,health
906,کرایه رفت و برگشت خریدم 1980,transport
907,3270 خرج مترو شد,transport
908,لوازم تحریر 4780 تومن شد,shopping
909,2520 تومن برای دکتر دادم,health
910,اسنپ خریدم 1630,transport
911,4450 تومن برای دارو دادم,health
912,قهوه 710 تومن شد,food
913,تفریح خریدم 2600,entertainment
914,اشتراک فیلم خریدم 2530,entertainment
915,کفش 2520 تومن شد,shopping
916,پیتزا 4090 تومن شد,food
917,اجاره 1420 تومن شد,housing
918,ویزیت خریدم 880,health
919,درمان خریدم 3970,health
920,590 خرج دندانپزشک شد,health
921,3980 خرج برگر شد,food
922,4230 تومن قبض گاز گرفتم,housing
923,کفش 2810 تومن شد,shopping
924,سینما 3780 تومن شد,entertainment
925,2320 تومن برای اجاره دادم,housing
926,2260 تومن اجاره گرفتم,housing
927,4170 خرج اسنپ شد,transport
928,4420 خرج لباس شد,shopping
929,860 خرج کفش شد,shopping
930,اسنپ 4180 تومن شد,transport
931,2740 تومن برای فلافل دادم,food
932,880 تومن برای دندانپزشک دادم,health
933,1500 خرج لباس شد,shopping
934,4620 تومن قبض گاز گرفتم,housing
935,4720 تومن مترو گرفتم,transport
936,اینترنت خونه 660 تومن شد,housing
937,3660 تومن برای اسنپ دادم,transport
938,بنزین خریدم 2030,transport
939,3250 تومن برای کرایه رفت و برگشت دادم,transport
940,کفش خریدم 1940,shopping
941,2080 خرج ساندویچ شد,food
942,3570 تومن برای لباس دادم,shopping
943,1690 خرج بازی شد,entertainment
944,ساندویچ خریدم 3760,food
945,3590 تومن برای لوازم تحریر دادم,shopping
946,صبحونه 2050 تومن شد,food
947,2550 تومن برای کنسرت دادم,entertainment
948,1740 خرج قبض برق شد,housing
949,دکتر خریدم 2910,health
950,3920 تومن اینترنت خونه گرفتم,housing
951,ساندویچ خریدم 3220,food
952,ساندویچ 4770 تومن شد,food
953,بازی خریدم 20,entertainment
954,بنزین 4670 تومن شد,transport
955,830 تومن برای لباس دادم,shopping
956,1300 تومن فلافل گرفتم,food
957,اینترنت خونه 4640 تومن شد,housing
958,3220 تومن برای کباب دادم,food
959,لوازم تحریر 3880 تومن شد,shopping
960,480 تومن اشتراک فیلم گرفتم,entertainment
961,2460 تومن شام گرفتم,food
962,1170 خرج کرایه رفت و برگشت شد,transport
963,60 تومن کفش گرفتم,shopping
964,4200 تومن لباس گرفتم,shopping
965,اشتراک فیلم خریدم 690,entertainment
966,1980 تومن شام گرفتم,food
967,540 تومن برای خرید سوپر دادم,shopping
968,قبض برق خریدم 720,housing
969,بنزین 3480 تومن شد,transport
970,2900 تومن صبحونه گرفتم,food
971,درمان خریدم 860,health
972,اینترنت خونه 1110 تومن شد,housing
973,تفریح خریدم 3530,entertainment
974,4610 تومن تاکسی گرفتم,transport
975,تاکسی خریدم 3030,transport
976,قبض آب 1630 تومن شد,housing
977,3320 تومن اتوبوس گرفتم,transport
978,3090 خرج کرایه رفت و برگشت شد,transport
979,1470 تومن کیف گرفتم,shopping
980,1070 خرج لباس شد,shopping
981,دندانپزشک خریدم 980,health
982,اینترنت خونه 290 تومن شد,housing
983,بازی 590 تومن شد,entertainment
984,3060 تومن اشتراک فیلم گرفتم,entertainment
985,1860 تومن برای دارو دادم,health
986,4420 خرج مترو شد,transport
987,شهربازی 2810 تومن شد,entertainment
988,100 خرج سینما شد,entertainment
989,پیتزا 1360 تومن شد,food
990,پیتزا خریدم 4870,food
991,3230 خرج ویزیت شد,health
992,بازی خریدم 3610,entertainment
993,2770 خرج صبحونه شد,food
994,440 تومن برای اتوبوس دادم,transport
995,صبحونه 4730 تومن شد,food
996,کرایه رفت و برگشت خریدم 1690,transport
997,3920 تومن درمان گرفتم,health
998,اینترنت خونه 2250 تومن شد,housing
999,شام خریدم 460,food
1000,3150 خرج قهوه شد,food
1001,برگر 3430 تومن شد,food
1002,پیتزا 3640 تومن شد,food
1003,خرید سوپر خریدم 850,shopping
1004,2660 تومن برای قبض گاز دادم,housing
1005,660 تومن برای اتوبوس دادم,transport
1006,3960 تومن خرید سوپر گرفتم,shopping
1007,1410 خرج قبض آب شد,housing
1008,3660 خرج برگر شد,food
1009,خرید سوپر خریدم 2560,shopping
1010,ویزیت خریدم 300,health
1011,دکتر 1900 تومن شد,health
1012,4590 خرج اجاره شد,housing
1013,لوازم تحریر 610 تومن شد,shopping
1014,30 تومن کیف گرفتم,shopping
1015,شام خریدم 250,food
1016,قبض آب 4730 تومن شد,housing
1017,تاکسی خریدم 2850,transport
1018,اتوبوس خریدم 1290,transport
1019,1400 تومن لباس گرفتم,shopping
1020,630 خرج ویزیت شد,health
1021,خرید سوپر 930 تومن شد,shopping
1022,دارو خریدم 4900,health
1023,4450 تومن برای قهوه دادم,food
1024,460 خرج قبض برق شد,housing
1025,سینما 1900 تومن شد,entertainment
1026,4030 تومن برای قبض گاز دادم,housing
1027,کیف خریدم 1260,shopping
1028,قبض گاز خریدم 4990,housing
1029,4630 خرج بنزین شد,transport
1030,اسنپ خریدم 50,transport
1031,2790 تومن برای شام دادم,food
1032,4510 تومن لوازم تحریر گرفتم,shopping
1033,اجاره خریدم 3900,housing
1034,1590 تومن لوازم تحریر گرفتم,shopping
1035,کرایه رفت و برگشت خریدم 1230,transport
1036,سینما 4990 تومن شد,entertainment
1037,490 تومن لباس گرفتم,shopping
1038,2130 تومن برای کرایه رفت و برگشت دادم,transport
1039,450 خرج اشتراک فیلم شد,entertainment
1040,صبحونه خریدم 700,food
1041,پیتزا 2240 تومن شد,food
1042,1350 تومن برای اتوبوس دادم,transport
1043,4270 تومن برای اشتراک فیلم دادم,entertainment
1044,قبض آب 1410 تومن شد,housing
1045,710 خرج شام شد,food
1046,ناهار 560 تومن شد,food
1047,بازی خریدم 1620,entertainment
1048,صبحونه 1850 تومن شد,food
1049,2390 تومن برای شهربازی دادم,entertainment
1050,820 تومن برای ساندویچ دادم,food
1051,3100 تومن لوازم تحریر گرفتم,shopping
1052,770 تومن اتوبوس گرفتم,transport
1053,4970 تومن برای میوه دادم,shopping
1054,270 تومن برای تفریح دادم,entertainment
1055,شارژ ساختمان خریدم 170,housing
1056,3850 خرج تفریح شد,entertainment
1057,2380 تومن تاکسی گرفتم,transport
1058,80 تومن تاکسی گرفتم,transport
1059,اسنپ خریدم 1030,transport
1060,3240 تومن اینترنت خونه گرفتم,housing
1061,1340 تومن دندانپزشک گرفتم,health
1062,ساندویچ خریدم 1030,food
1063,4650 تومن برای تاکسی دادم,transport
1064,پیتزا خریدم 4840,food
1065,4750 خرج ناهار شد,food
1066,اشتراک فیلم خریدم 2040,entertainment
1067,کباب خریدم 3510,food
1068,اتوبوس 1110 تومن شد,transport
1069,قبض برق 2300 تومن شد,housing
1070,3330 تومن برای شام دادم,food
1071,4530 خرج بازی شد,entertainment
1072,460 تومن برای سینما دادم,entertainment
1073,کنسرت 2160 تومن شد,entertainment
1074,1290 خرج کیف شد,shopping
1075,4020 تومن برای کباب دادم,food
1076,تفریح خریدم 4020,entertainment
1077,2590 تومن برای قبض گاز دادم,housing
1078,940 تومن شهربازی گرفتم,entertainment
1079,1140 تومن قبض گاز گرفتم,housing
1080,اجاره خریدم 4160,housing
1081,3940 خرج ویزیت شد,health
1082,اسنپ 530 تومن شد,transport
1083,1380 خرج میوه شد,shopping
1084,خرید سوپر 3930 تومن شد,shopping
1085,آزمایش 1830 تومن شد,health
1086,3050 تومن برای اسنپ دادم,transport
1087,1850 خرج لوازم تحریر شد,shopping
1088,4870 خرج فلافل شد,food
1089,دکتر 2900 تومن شد,health
1090,تفریح 1600 تومن شد,entertainment
1091,480 تومن سینما گرفتم,entertainment
1092,1140 تومن کرایه رفت و برگشت گرفتم,transport
1093,20 تومن برای آزمایش دادم,health
1094,دکتر 4140 تومن شد,health
1095,920 تومن برای اینترنت خونه دادم,housing
1096,770 خرج پیتزا شد,food
1097,3980 تومن میوه گرفتم,shopping
1098,4930 تومن ویزیت گرفتم,health
1099,اینترنت خونه خریدم 4840,housing
1100,1740 تومن برای دارو دادم,health
1101,شارژ ساختمان خریدم 820,housing
1102,3340 تومن برای کفش دادم,shopping
1103,4970 خرج بنزین شد,transport
1104,4040 تومن برای کیف دادم,shopping
1105,بنزین 3030 تومن شد,transport
1106,3770 تومن برای شهربازی دادم,entertainment
1107,3750 تومن اسنپ گرفتم,transport
1108,2020 خرج کیف شد,shopping
1109,3100 تومن برای ناهار دادم,food
1110,3290 خرج دکتر شد,health
1111,740 تومن برای قهوه دادم,food
1112,1230 تومن برای خرید سوپر دادم,shopping
1113,3270 تومن شارژ ساختمان گرفتم,housing
1114,3290 تومن برای لوازم تحریر دادم,shopping
1115,سینما 1370 تومن شد,entertainment
1116,360 تومن برای بنزین دادم,transport
1117,3700 تومن اجاره گرفتم,housing
1118,کباب خریدم 2260,food
1119,مترو خریدم 2540,transport
1120,1940 تومن قبض گاز گرفتم,housing
1121,تفریح 3350 تومن شد,entertainment
1122,390 تومن مترو گرفتم,transport
1123,1650 تومن برای اجاره دادم,housing
1124,ساندویچ 1770 تومن شد,food
1125,3760 تومن کنسرت گرفتم,entertainment
1126,1750 خرج دارو شد,health
1127,3620 تومن آزمایش گرفتم,health
1128,860 خرج اشتراک فیلم شد,entertainment
1129,290 تومن کنسرت گرفتم,entertainment
1130,شارژ ساختمان خریدم 990,housing
1131,3710 خرج کیف شد,shopping
1132,1460 تومن برای اینترنت خونه دادم,housing
1133,تاکسی خریدم 270,transport
1134,دندانپزشک خریدم 4320,health
1135,1860 تومن تاکسی گرفتم,transport
1136,1520 خرج سینما شد,entertainment
1137,510 تومن کنسرت گرفتم,entertainment
1138,3280 تومن برای اسنپ دادم,transport
1139,4340 تومن قهوه گرفتم,food
1140,قبض آب خریدم 2430,housing
1141,480 خرج لباس شد,shopping
1142,کنسرت خریدم 1910,entertainment
1143,2300 تومن شارژ ساختمان گرفتم,housing
1144,2400 تومن برای قبض آب دادم,housing
1145,2900 تومن اتوبوس گرفتم,transport
1146,3430 تومن بنزین گرفتم,transport
1147,4150 خرج فلافل شد,food
1148,1180 خرج تفریح شد,entertainment
1149,4210 خرج کباب شد,food
1150,تفریح خریدم 3530,entertainment
1151,2450 تومن برای دکتر دادم,health
1152,4640 تومن کباب گرفتم,food
1153,4630 خرج دندانپزشک شد,health
1154,درمان 3190 تومن شد,health
1155,قهوه 900 تومن شد,food
1156,660 تومن اسنپ گرفتم,transport
1157,سینما خریدم 3510,entertainment
1158,770 خرج بنزین شد,transport
1159,4680 تومن قبض برق گرفتم,housing
1160,کباب خریدم 2860,food
1161,4400 تومن برای ویزیت دادم,health
1162,4710 تومن آزمایش گرفتم,health
1163,3020 خرج کیف شد,shopping
1164,سینما 2140 تومن شد,entertainment
1165,3030 خرج کرایه رفت و برگشت شد,transport
1166,2900 تومن ساندویچ گرفتم,food
1167,4520 تومن برای قبض گاز دادم,housing
1168,شهربازی خریدم 1980,entertainment
1169,2440 تومن دندانپزشک گرفتم,health
1170,اتوبوس 2080 تومن شد,transport
1171,دندانپزشک خریدم 3500,health
1172,4570 تومن برای کباب دادم,food
1173,میوه خریدم 270,shopping
1174,120 تومن برای قبض برق دادم,housing
1175,قبض برق خریدم 1450,housing
1176,لوازم تحریر 520 تومن شد,shopping
1177,اتوبوس خریدم 3820,transport
1178,قبض برق خریدم 3750,housing
1179,درمان 470 تومن شد,health
1180,کنسرت خریدم 4690,entertainment
1181,3900 خرج کفش شد,shopping
1182,اجاره 2650 تومن شد,housing
1183,3650 خرج برگر شد,food
1184,4010 خرج کنسرت شد,entertainment
1185,دارو 900 تومن شد,health
1186,1290 تومن تاکسی گرفتم,transport
1187,4720 تومن برای سینما دادم,entertainment
1188,1420 تومن برای میوه دادم,shopping
1189,2050 تومن تفریح گرفتم,entertainment
1190,1250 تومن برای خرید سوپر دادم,shopping
1191,تفریح 2300 تومن شد,entertainment
1192,2840 تومن برای تفریح دادم,entertainment
1193,4300 تومن برای شارژ ساختمان دادم,housing
1194,480 تومن برای لوازم تحریر دادم,shopping
1195,کباب 270 تومن شد,food
1196,دکتر 4400 تومن شد,health
1197,میوه 3480 تومن شد,shopping
1198,2110 خرج اینترنت خونه شد,housing
1199,پیتزا 2440 تومن شد,food
1200,3090 تومن میوه گرفتم,shopping
1201,3130 تومن برای اتوبوس دادم,transport
1202,3310 تومن برای لوازم تحریر دادم,shopping
1203,4380 تومن برای بازی دادم,entertainment
1204,شهربازی خریدم 1130,entertainment
1205,2680 خرج اینترنت خونه شد,housing
1206,540 تومن تفریح گرفتم,entertainment
1207,4960 تومن برای درمان دادم,health
1208,3060 خرج درمان شد,health
1209,3520 تومن قبض برق گرفتم,housing
1210,1740 تومن برای سینما دادم,entertainment
1211,4430 تومن برای لباس دادم,shopping
1212,3660 تومن برای اینترنت خونه دادم,housing
1213,اسنپ 2660 تومن شد,transport
1214,3400 تومن برای کباب دادم,food
1215,3710 تومن میوه گرفتم,shopping
1216,1530 تومن برای کفش دادم,shopping
1217,2000 تومن بازی گرفتم,entertainment
1218,درمان 2940 تومن شد,health
1219,اینترنت خونه 3670 تومن شد,housing
1220,کیف خریدم 3280,shopping
1221,2610 تومن برای لباس دادم,shopping
1222,4500 خرج بنزین شد,transport
1223,اتوبوس خریدم 510,transport
1224,1340 خرج بنزین شد,transport
1225,4620 تومن برای بنزین دادم,transport
1226,1150 تومن برای خرید سوپر دادم,shopping
1227,4480 تومن برای بنزین دادم,transport
1228,1920 تومن برای شهربازی دادم,entertainment
1229,2390 تومن ویزیت گرفتم,health
1230,4450 خرج سینما شد,entertainment
1231,دندانپزشک خریدم 380,health
1232,کرایه رفت و برگشت خریدم 630,transport
1233,2130 تومن ویزیت گرفتم,health
1234,1040 تومن برای اسنپ دادم,transport
1235,تفریح خریدم 4590,entertainment
1236,اتوبوس 4430 تومن شد,transport
1237,قهوه 1720 تومن شد,food
1238,310 تومن اینترنت خونه گرفتم,housing
1239,شهربازی 1090 تومن شد,entertainment
1240,2520 تومن دکتر گرفتم,health
1241,کرایه رفت و برگشت خریدم 2240,transport
1242,بازی خریدم 4960,entertainment
1243,210 خرج سینما شد,entertainment
1244,1930 تومن بنزین گرفتم,transport
1245,990 تومن قبض گاز گرفتم,housing
1246,خرید سوپر 3220 تومن شد,shopping
1247,4510 تومن برای بنزین دادم,transport
1248,شارژ ساختمان خریدم 540,housing
1249,دندانپزشک 1580 تومن شد,health
1250,1540 تومن برای پیتزا دادم,food
1251,2680 خرج اشتراک فیلم شد,entertainment
1252,ویزیت 2240 تومن شد,health
1253,قبض آب 1850 تومن شد,housing
1254,مترو 110 تومن شد,transport
1255,بنزین 690 تومن شد,transport
1256,3030 خرج خرید سوپر شد,shopping
1257,1890 تومن تاکسی گرفتم,transport
1258,1320 خرج اشتراک فیلم شد,entertainment
1259,3060 تومن دارو گرفتم,health
1260,3360 تومن خرید سوپر گرفتم,shopping
1261,ساندویچ خریدم 2150,food
1262,2820 تومن برای سینما دادم,entertainment
1263,اشتراک فیلم 800 تومن شد,entertainment
1264,3240 تومن لوازم تحریر گرفتم,shopping
1265,3400 تومن قبض آب گرفتم,housing
1266,1400 خرج کیف شد,shopping
1267,درمان خریدم 720,health
1268,3700 خرج صبحونه شد,food
1269,600 تومن برگر گرفتم,food
1270,کنسرت 3130 تومن شد,entertainment
1271,1050 تومن برای قبض گاز دادم,housing
1272,کفش 1530 تومن شد,shopping
1273,صبحونه 2560 تومن شد,food
1274,کفش 1710 تومن شد,shopping
1275,3450 تومن پیتزا گرفتم,food
1276,780 تومن قهوه گرفتم,food
1277,3720 تومن دارو گرفتم,health
1278,اینترنت خونه خریدم 1200,housing
1279,2390 تومن قبض برق گرفتم,housing
1280,4490 تومن ناهار گرفتم,food
1281,4120 تومن برای قبض برق دادم,housing
1282,610 تومن اشتراک فیلم گرفتم,entertainment
1283,پیتزا 4380 تومن شد,food
1284,890 تومن برای لوازم تحریر دادم,shopping
1285,4910 خرج قبض آب شد,housing
1286,490 تومن برای اینترنت خونه دادم,housing
1287,شارژ ساختمان خریدم 600,housing
1288,بازی خریدم 1410,entertainment
1289,کفش خریدم 4110,shopping
1290,میوه 590 تومن شد,shopping
1291,لوازم تحریر 320 تومن شد,shopping
1292,4680 خرج کباب شد,food
1293,تفریح خریدم 3490,entertainment
1294,1960 تومن برای کرایه رفت و برگشت دادم,transport
1295,دارو 4430 تومن شد,health
1296,بازی خریدم 590,entertainment
1297,340 تومن برای سینما دادم,entertainment
1298,80 خرج لباس شد,shopping
1299,3720 خرج کیف شد,shopping
1300,4490 تومن برای بنزین دادم,transport
1301,3540 خرج دندانپزشک شد,health
1302,کباب 3400 تومن شد,food
1303,شهربازی خریدم 3410,entertainment
1304,4580 خرج کرایه رفت و برگشت شد,transport
1305,پیتزا 3310 تومن شد,food
1306,آزمایش خریدم 4380,health
1307,تاکسی خریدم 3860,transport
1308,1710 تومن برای شارژ ساختمان دادم,housing
1309,1160 خرج صبحونه شد,food
1310,کفش 2080 تومن شد,shopping
1311,2290 خرج قهوه شد,food
1312,سینما خریدم 4400,entertainment
1313,شهربازی خریدم 620,entertainment
1314,110 تومن لوازم تحریر گرفتم,shopping
1315,200 خرج بازی شد,entertainment
1316,4240 تومن دارو گرفتم,health
1317,3280 تومن برای دندانپزشک دادم,health
1318,دندانپزشک خریدم 1070,health
1319,4240 تومن قبض برق گرفتم,housing
1320,1710 خرج مترو شد,transport
1321,2440 تومن برای دندانپزشک دادم,health
1322,600 تومن کفش گرفتم,shopping
1323,30 تومن برای میوه دادم,shopping
1324,4950 تومن برای اینترنت خونه دادم,housing
1325,1930 تومن دندانپزشک گرفتم,health
1326,ناهار 2540 تومن شد,food
1327,لوازم تحریر خریدم 3710,shopping
1328,برگر 3140 تومن شد,food
1329,تاکسی خریدم 4780,transport
1330,مترو 4240 تومن شد,transport
1331,لباس خریدم 570,shopping
1332,ساندویچ خریدم 3970,food
1333,3030 خرج اشتراک فیلم شد,entertainment
1334,40 خرج مترو شد,transport
1335,خرید سوپر خریدم 2850,shopping
1336,4750 خرج آزمایش شد,health
1337,بنزین 2980 تومن شد,transport
1338,میوه خریدم 550,shopping
1339,3120 تومن برای کیف دادم,shopping
1340,2160 خرج آزمایش شد,health
1341,میوه خریدم 1420,shopping
1342,قبض برق 2330 تومن شد,housing
1343,3100 خرج مترو شد,transport
1344,2820 تومن برای اینترنت خونه دادم,housing
1345,4800 خرج لوازم تحریر شد,shopping
1346,میوه 1040 تومن شد,shopping
1347,1500 تومن برای درمان دادم,health
1348,میوه 3650 تومن شد,shopping
1349,3570 تومن برای دندانپزشک دادم,health
1350,3910 تومن برای خرید سوپر دادم,shopping
1351,3000 خرج آزمایش شد,health
1352,2150 خرج لوازم تحریر شد,shopping
1353,4150 تومن قبض آب گرفتم,housing
1354,دارو خریدم 140,health
1355,3450 تومن تاکسی گرفتم,transport
1356,اتوبوس 3860 تومن شد,transport
1357,اینترنت خونه 1300 تومن شد,housing
1358,1060 خرج برگر شد,food
1359,فلافل خریدم 4180,food
1360,صبحونه 4440 تومن شد,food
1361,لوازم تحریر خریدم 2890,shopping
1362,4030 تومن برای کرایه رفت و برگشت دادم,transport
1363,لوازم تحریر خریدم 260,shopping
1364,4910 تومن برای بازی دادم,entertainment
1365,80 تومن برای دارو دادم,health
1366,کرایه رفت و برگشت خریدم 4460,transport
1367,3620 تومن برای بنزین دادم,transport
1368,3800 خرج دندانپزشک شد,health
1369,بنزین 4950 تومن شد,transport
1370,920 تومن قبض آب گرفتم,housing
1371,3780 خرج اسنپ شد,transport
1372,کباب خریدم 220,food
1373,قبض گاز 1370 تومن شد,housing
1374,4350 تومن برای کرایه رفت و برگشت دادم,transport
1375,فلافل 2400 تومن شد,food
1376,4770 تومن برای ناهار دادم,food
1377,3980 خرج دارو شد,health
1378,2530 خرج لباس شد,shopping
1379,390 تومن برای ویزیت دادم,health
1380,دکتر 4910 تومن شد,health
1381,4040 خرج دارو شد,health
1382,2800 خرج مترو شد,transport
1383,سینما 1800 تومن شد,entertainment
1384,1710 تومن برای بنزین دادم,transport
1385,1130 خرج قبض برق شد,housing
1386,2890 تومن آزمایش گرفتم,health
1387,فلافل 2300 تومن شد,food
1388,4720 خرج کیف شد,shopping
1389,3510 تومن برای تاکسی دادم,transport
1390,1990 تومن برای سینما دادم,entertainment
1391,1460 تومن درمان گرفتم,health
1392,2650 خرج ویزیت شد,health
1393,240 تومن برای بازی دادم,entertainment
1394,1660 خرج میوه شد,shopping
1395,870 خرج ساندویچ شد,food
1396,3220 تومن دارو گرفتم,health
1397,بنزین 3240 تومن شد,transport
1398,4290 تومن کفش گرفتم,shopping
1399,کرایه رفت و برگشت خریدم 4260,transport
1400,خرید سوپر 3840 تومن شد,shopping
1401,3690 تومن برای قهوه دادم,food
1402,390 تومن ساندویچ گرفتم,food
1403,2870 تومن اتوبوس گرفتم,transport
1404,4680 تومن برای دکتر دادم,health
1405,بازی خریدم 2320,entertainment
1406,شهربازی خریدم 100,entertainment
1407,2750 تومن خرید سوپر گرفتم,shopping
1408,3180 تومن لوازم تحریر گرفتم,shopping
1409,250 تومن کیف گرفتم,shopping
1410,560 تومن برای قبض گاز دادم,housing
1411,3120 تومن لباس گرفتم,shopping
1412,قبض آب خریدم 1970,housing
1413,خرید سوپر 2440 تومن شد,shopping
1414,دکتر خریدم 710,health
1415,ویزیت 4930 تومن شد,health
1416,4560 تومن برای اینترنت خونه دادم,housing
1417,4490 خرج صبحونه شد,food
1418,230 تومن تاکسی گرفتم,transport
1419,2030 خرج دندانپزشک شد,health
1420,دارو 1580 تومن شد,health
1421,4640 تومن برای لوازم تحریر دادم,shopping
1422,4650 خرج مترو شد,transport
1423,اسنپ 960 تومن شد,transport
1424,1010 تومن ویزیت گرفتم,health
1425,4110 خرج بنزین شد,transport
1426,2380 خرج صبحونه شد,food
1427,3450 تومن برگر گرفتم,food
1428,1030 خرج اجاره شد,housing
1429,شهربازی 1840 تومن شد,entertainment
1430,1220 تومن لوازم تحریر گرفتم,shopping
1431,قبض گاز 370 تومن شد,housing
1432,2320 تومن برای قبض آب دادم,housing
1433,1580 خرج درمان شد,health
1434,2920 تومن برای کرایه رفت و برگشت دادم,transport
1435,880 تومن قبض آب گرفتم,housing
1436,شارژ ساختمان 4040 تومن شد,housing
1437,لوازم تحریر خریدم 3300,shopping
1438,700 تومن برای قبض برق دادم,housing
1439,2300 تومن برای بازی دادم,entertainment
1440,2840 تومن قبض آب گرفتم,housing
1441,3120 تومن بنزین گرفتم,transport
1442,4580 خرج شارژ ساختمان شد,housing
1443,3770 تومن اتوبوس گرفتم,transport
1444,4580 تومن خرید سوپر گرفتم,shopping
1445,170 خرج درمان شد,health
1446,3950 خرج آزمایش شد,health
1447,2840 تومن برای تاکسی دادم,transport
1448,دندانپزشک 2430 تومن شد,health
1449,1160 خرج قبض آب شد,housing
1450,لباس خریدم 700,shopping
1451,دندانپزشک خریدم 480,health
1452,قبض گاز 70 تومن شد,housing
1453,860 خرج درمان شد,health
1454,مترو 830 تومن شد,transport
1455,دندانپزشک 3390 تومن شد,health
1456,2490 تومن برای لوازم تحریر دادم,shopping
1457,شام خریدم 3910,food
1458,1370 تومن برای تاکسی دادم,transport
1459,تاکسی 3440 تومن شد,transport
1460,ویزیت خریدم 2000,health
1461,220 تومن برای سینما دادم,entertainment
1462,3260 تومن برای صبحونه دادم,food
1463,2980 خرج لباس شد,shopping
1464,دکتر خریدم 1940,health
1465,3360 تومن قبض گاز گرفتم,housing
1466,ویزیت 1940 تومن شد,health
1467,1820 تومن برای آزمایش دادم,health
1468,4560 خرج بازی شد,entertainment
1469,صبحونه 4530 تومن شد,food
1470,1190 تومن کنسرت گرفتم,entertainment
1471,درمان 1450 تومن شد,health
1472,820 تومن برای اسنپ دادم,transport
1473,4200 تومن درمان گرفتم,health
1474,2140 تومن برای میوه دادم,shopping
1475,خرید سوپر خریدم 2480,shopping
1476,کنسرت 3040 تومن شد,entertainment
1477,کفش 130 تومن شد,shopping
1478,2950 خرج ناهار شد,food
1479,3240 خرج اسنپ شد,transport
1480,ناهار 300 تومن شد,food
1481,شارژ ساختمان خریدم 2660,housing
1482,3280 تومن دندانپزشک گرفتم,health
1483,3400 تومن برای لوازم تحریر دادم,shopping
1484,2310 خرج شام شد,food
1485,بازی 890 تومن شد,entertainment
1486,750 خرج تفریح شد,entertainment
1487,3390 خرج کرایه رفت و برگشت شد,transport
1488,3720 تومن برای شارژ ساختمان دادم,housing
1489,3040 تومن تفریح گرفتم,entertainment
1490,مترو 1990 تومن شد,transport
1491,1050 خرج پیتزا شد,food
1492,درمان 2160 تومن شد,health
1493,دارو خریدم 920,health
1494,210 خرج دندانپزشک شد,health
1495,دارو خریدم 490,health
1496,4630 خرج میوه شد,shopping
1497,دارو خریدم 4610,health
1498,1910 تومن آزمایش گرفتم,health
1499,کیف 2210 تومن شد,shopping
1500,1810 خرج بازی شد,entertainment
1501,2960 تومن لوازم تحریر گرفتم,shopping
1502,کنسرت خریدم 1320,entertainment
1503,1470 خرج تاکسی شد,transport
1504,آزمایش 1330 تومن شد,health
1505,2970 خرج پیتزا شد,food
1506,صبحونه خریدم 50,food
1507,3540 تومن برای میوه دادم,shopping
1508,شهربازی 560 تومن شد,entertainment
1509,3010 تومن برای اشتراک فیلم دادم,entertainment
1510,2180 خرج قبض گاز شد,housing
1511,قبض گاز خریدم 1430,housing
1512,2840 خرج مترو شد,transport
1513,1910 خرج کنسرت شد,entertainment
1514,1310 تومن برای آزمایش دادم,health
1515,ویزیت خریدم 3980,health
1516,4390 تومن میوه گرفتم,shopping
1517,میوه 2300 تومن شد,shopping
1518,شام خریدم 2620,food
1519,3160 تومن قبض گاز گرفتم,housing
1520,4950 تومن مترو گرفتم,transport
1521,2430 خرج ناهار شد,food
1522,340 تومن برای سینما دادم,entertainment
1523,420 خرج اتوبوس شد,transport
1524,کباب خریدم 4780,food
1525,2680 تومن برای درمان دادم,health
1526,کیف 310 تومن شد,shopping
1527,2260 تومن کفش گرفتم,shopping
1528,4780 خرج بنزین شد,transport
1529,190 خرج شارژ ساختمان شد,housing
1530,دندانپزشک 3590 تومن شد,health
1531,3470 تومن دکتر گرفتم,health
1532,3370 تومن شارژ ساختمان گرفتم,housing
1533,تاکسی خریدم 1430,transport
1534,اینترنت خونه خریدم 2040,housing
1535,2670 تومن دکتر گرفتم,health
1536,370 تومن لوازم تحریر گرفتم,shopping
1537,3730 خرج ویزیت شد,health
1538,1790 تومن برای ویزیت دادم,health
1539,کرایه رفت و برگشت 4950 تومن شد,transport
1540,2960 تومن بازی گرفتم,entertainment
1541,2100 خرج شارژ ساختمان شد,housing
1542,390 خرج صبحونه شد,food
1543,4860 تومن قبض برق گرفتم,housing
1544,4500 خرج ویزیت شد,health
1545,ویزیت خریدم 3570,health
1546,تفریح 2490 تومن شد,entertainment
1547,قبض آب خریدم 3500,housing
1548,2480 تومن دارو گرفتم,health
1549,اجاره 1970 تومن شد,housing
1550,1190 تومن برای لوازم تحریر دادم,shopping
1551,2660 خرج شهربازی شد,entertainment
1552,1290 تومن برای برگر دادم,food
1553,3460 تومن برای کباب دادم,food
1554,صبحونه 4780 تومن شد,food
1555,شهربازی 1830 تومن شد,entertainment
1556,ویزیت 950 تومن شد,health
1557,اشتراک فیلم 1040 تومن شد,entertainment
1558,4480 تومن برای میوه دادم,shopping
1559,اسنپ 1050 تومن شد,transport
1560,810 تومن ویزیت گرفتم,health
1561,ساندویچ خریدم 3480,food
1562,3930 خرج دارو شد,health
1563,1920 خرج قهوه شد,food
1564,4610 خرج قبض آب شد,housing
1565,950 خرج قبض آب شد,housing
1566,1150 خرج قبض آب شد,housing
1567,تاکسی خریدم 2710,transport
1568,180 خرج تفریح شد,entertainment
1569,قبض آب 4420 تومن شد,housing
1570,3590 خرج سینما شد,entertainment
1571,3540 تومن شهربازی گرفتم,entertainment
1572,1960 خرج شام شد,food
1573,1870 خرج فلافل شد,food
1574,2820 تومن برای شارژ ساختمان دادم,housing
1575,2430 خرج اتوبوس شد,transport
1576,قبض برق خریدم 960,housing
1577,2160 تومن برای کنسرت دادم,entertainment
1578,قبض آب خریدم 1450,housing
1579,690 خرج کرایه رفت و برگشت شد,transport
1580,4180 تومن میوه گرفتم,shopping
1581,لباس 4130 تومن شد,shopping
1582,آزمایش خریدم 4400,health
1583,اسنپ 4110 تومن شد,transport
1584,سینما خریدم 920,entertainment
1585,4590 خرج کنسرت شد,entertainment
1586,درمان خریدم 1630,health
1587,2890 خرج قبض برق شد,housing
1588,کباب 520 تومن شد,food
1589,4180 تومن برای شام دادم,food
1590,اشتراک فیلم خریدم 510,entertainment
1591,1350 تومن برای لباس دادم,shopping
1592,2870 تومن برای قبض گاز دادم,housing
1593,2120 تومن اجاره گرفتم,housing
1594,4950 خرج اینترنت خونه شد,housing
1595,2960 خرج کرایه رفت و برگشت شد,transport
1596,1830 تومن برای اتوبوس دادم,transport
1597,کیف خریدم 2510,shopping
1598,3160 تومن برای کباب دادم,food
1599,اشتراک فیلم 4910 تومن شد,entertainment
1600,4150 تومن برای بنزین دادم,transport
1601,3150 خرج اشتراک فیلم شد,entertainment
1602,سینما 420 تومن شد,entertainment
1603,1620 تومن برای شارژ ساختمان دادم,housing
1604,3650 تومن برای لباس دادم,shopping
1605,2040 تومن برای درمان دادم,health
1606,3840 خرج شهربازی شد,entertainment
1607,آزمایش 2130 تومن شد,health
1608,تاکسی 660 تومن شد,transport
1609,4830 تومن لباس گرفتم,shopping
1610,2050 تومن اسنپ گرفتم,transport
1611,ساندویچ خریدم 4810,food
1612,دارو خریدم 150,health
1613,550 تومن برای دارو دادم,health
1614,دکتر خریدم 450,health
1615,1280 تومن برای شارژ ساختمان دادم,housing
1616,اشتراک فیلم 660 تومن شد,entertainment
1617,160 تومن دکتر گرفتم,health
1618,4420 تومن برای لباس دادم,shopping
1619,4470 خرج بازی شد,entertainment
1620,قبض گاز 2290 تومن شد,housing
1621,920 خرج کیف شد,shopping
1622,3250 خرج آزمایش شد,health
1623,3290 خرج تفریح شد,entertainment
1624,2480 خرج قبض برق شد,housing
1625,2280 تومن برای تاکسی دادم,transport
1626,قبض آب 1350 تومن شد,housing
1627,20 خرج اجاره شد,housing
1628,اتوبوس خریدم 1480,transport
1629,دارو خریدم 3540,health
1630,شهربازی خریدم 60,entertainment
1631,1200 تومن قبض گاز گرفتم,housing
1632,ویزیت خریدم 980,health
1633,آزمایش 2040 تومن شد,health
1634,بنزین خریدم 3790,transport
1635,1360 تومن کنسرت گرفتم,entertainment
1636,1240 خرج اشتراک فیلم شد,entertainment
1637,3520 تومن برای درمان دادم,health
1638,3820 خرج اینترنت خونه شد,housing
1639,980 تومن قبض آب گرفتم,housing
1640,1500 تومن اسنپ گرفتم,transport
1641,کفش خریدم 3180,shopping
1642,اینترنت خونه خریدم 3200,housing
1643,اتوبوس 110 تومن شد,transport
1644,صبحونه 130 تومن شد,food
1645,برگر 1390 تومن شد,food
1646,3740 تومن کفش گرفتم,shopping
1647,790 تومن تاکسی گرفتم,transport
1648,کنسرت خریدم 1770,entertainment
1649,قبض آب خریدم 1920,housing
1650,1710 تومن خرید سوپر گرفتم,shopping
1651,تاکسی خریدم 1380,transport
1652,صبحونه 2420 تومن شد,food
1653,اتوبوس خریدم 4200,transport
1654,ساندویچ 3950 تومن شد,food
1655,1280 تومن بازی گرفتم,entertainment
1656,3780 تومن مترو گرفتم,transport
1657,درمان خریدم 1080,health
1658,4940 تومن برای اشتراک فیلم دادم,entertainment
1659,3240 تومن شارژ ساختمان گرفتم,housing
1660,2680 تومن کیف گرفتم,shopping
1661,3280 تومن برای قبض آب دادم,housing
1662,4560 تومن اتوبوس گرفتم,transport
1663,میوه 590 تومن شد,shopping
1664,1680 تومن کفش گرفتم,shopping
1665,3010 تومن اتوبوس گرفتم,transport
1666,60 تومن کنسرت گرفتم,entertainment
1667,2450 خرج درمان شد,health
1668,3960 تومن اتوبوس گرفتم,transport
1669,2570 تومن اسنپ گرفتم,transport
1670,1750 تومن کیف گرفتم,shopping
1671,فلافل 3320 تومن شد,food
1672,4070 تومن کیف گرفتم,shopping
1673,1210 تومن برای مترو دادم,transport
1674,3890 تومن برای درمان دادم,health
1675,1000 تومن اشتراک فیلم گرفتم,entertainment
1676,کفش 1850 تومن شد,shopping
1677,اجاره خریدم 2500,housing
1678,ویزیت خریدم 2790,health
1679,970 خرج کرایه رفت و برگشت شد,transport
1680,قبض برق خریدم 3760,housing
1681,4700 خرج قبض گاز شد,housing
1682,تاکسی 2730 تومن شد,transport
1683,4210 تومن برای شهربازی دادم,entertainment
1684,2340 تومن ویزیت گرفتم,health
1685,کیف 1960 تومن شد,shopping
1686,3990 خرج فلافل شد,food
1687,3710 تومن اتوبوس گرفتم,transport
1688,کیف خریدم 4210,shopping
1689,کرایه رفت و برگشت خریدم 3510,transport
1690,3150 تومن برای دکتر دادم,health
1691,3300 تومن برای قبض آب دادم,housing
1692,2690 تومن ساندویچ گرفتم,food
1693,930 تومن ناهار گرفتم,food
1694,تاکسی 2500 تومن شد,transport
1695,پیتزا خریدم 2940,food
1696,2710 خرج کفش شد,shopping
1697,1330 تومن کیف گرفتم,shopping
1698,3120 تومن شارژ ساختمان گرفتم,housing
1699,شام خریدم 3370,food
1700,4120 تومن قهوه گرفتم,food
1701,قبض گاز خریدم 3820,housing
1702,310 خرج اینترنت خونه شد,housing
1703,220 تومن قبض گاز گرفتم,housing
1704,اجاره 4850 تومن شد,housing
1705,دارو 530 تومن شد,health
1706,آزمایش 990 تومن شد,health
1707,1290 خرج درمان شد,health
1708,2870 خرج میوه شد,shopping
1709,560 خرج اشتراک فیلم شد,entertainment
1710,اینترنت خونه خریدم 2360,housing
1711,ناهار 4070 تومن شد,food
1712,2600 تومن برای آزمایش دادم,health
1713,2750 خرج میوه شد,shopping
1714,4640 تومن برای شهربازی دادم,entertainment
1715,4340 تومن برای ویزیت دادم,health
1716,2220 تومن برای اشتراک فیلم دادم,entertainment
1717,2900 خرج دکتر شد,health
1718,3940 خرج مترو شد,transport
1719,لباس خریدم 1860,shopping
1720,20 تومن بازی گرفتم,entertainment
1721,100 خرج قبض گاز شد,housing
1722,50 تومن برای اتوبوس دادم,transport
1723,4400 تومن برای اسنپ دادم,transport
1724,4720 خرج برگر شد,food
1725,2940 خرج دندانپزشک شد,health
1726,تاکسی خریدم 210,transport
1727,720 تومن برای شارژ ساختمان دادم,housing
1728,قبض گاز 1290 تومن شد,housing
1729,490 خرج قبض برق شد,housing
1730,تفریح 4710 تومن شد,entertainment
1731,3720 تومن برای خرید سوپر دادم,shopping
1732,2510 خرج کنسرت شد,entertainment
1733,210 خرج برگر شد,food
1734,4010 تومن سینما گرفتم,entertainment
1735,قبض برق خریدم 4520,housing
1736,سینما 4470 تومن شد,entertainment
1737,4360 خرج لوازم تحریر شد,shopping
1738,290 تومن برای کباب دادم,food
1739,1650 خرج دارو شد,health
1740,1690 خرج دکتر شد,health
1741,800 تومن میوه گرفتم,shopping
1742,لوازم تحریر خریدم 2030,shopping
1743,2600 تومن دندانپزشک گرفتم,health
1744,مترو خریدم 1500,transport
1745,1740 تومن اسنپ گرفتم,transport
1746,3830 تومن تفریح گرفتم,entertainment
1747,1360 تومن آزمایش گرفتم,health
1748,تفریح 2240 تومن شد,entertainment
1749,مترو 2880 تومن شد,transport
1750,3350 خرج بازی شد,entertainment
1751,3170 خرج کرایه رفت و برگشت شد,transport
1752,380 تومن برای اسنپ دادم,transport
1753,3520 خرج شهربازی شد,entertainment
1754,ساندویچ خریدم 3450,food
1755,شهربازی 1800 تومن شد,entertainment
1756,3060 تومن قبض برق گرفتم,housing
1757,1810 خرج شارژ ساختمان شد,housing
1758,تفریح خریدم 760,entertainment
1759,1040 تومن برای شام دادم,food
1760,4380 تومن بنزین گرفتم,transport
1761,1260 خرج پیتزا شد,food
1762,90 تومن برای اتوبوس دادم,transport
1763,خرید سوپر خریدم 1580,shopping
1764,سینما 1710 تومن شد,entertainment
1765,کیف 1100 تومن شد,shopping
1766,3860 تومن برای دندانپزشک دادم,health
1767,آزمایش 3200 تومن شد,health
1768,3440 تومن لوازم تحریر گرفتم,shopping
1769,4650 خرج تفریح شد,entertainment
1770,890 تومن برگر گرفتم,food
1771,4060 خرج شارژ ساختمان شد,housing
1772,2400 تومن اجاره گرفتم,housing
1773,3400 تومن برای کباب دادم,food
1774,1860 تومن لوازم تحریر گرفتم,shopping
1775,برگر خریدم 4460,food
1776,2620 تومن مترو گرفتم,transport
1777,4450 خرج قبض آب شد,housing
1778,دارو 970 تومن شد,health
1779,2890 تومن آزمایش گرفتم,health
1780,4740 خرج شام شد,food
1781,قبض برق خریدم 2520,housing
1782,110 تومن برای میوه دادم,shopping
1783,1830 تومن برای لباس دادم,shopping
1784,1430 تومن کرایه رفت و برگشت گرفتم,transport
1785,لباس خریدم 4510,shopping
1786,4870 تومن برای صبحونه دادم,food
1787,اسنپ خریدم 1760,transport
1788,میوه خریدم 460,shopping
1789,درمان 3150 تومن شد,health
1790,کنسرت 2950 تومن شد,entertainment
1791,4670 خرج شهربازی شد,entertainment
1792,قبض آب 2790 تومن شد,housing
1793,720 خرج بنزین شد,transport
1794,درمان 4110 تومن شد,health
1795,3540 خرج اتوبوس شد,transport
1796,مترو 4670 تومن شد,transport
1797,کیف 4710 تومن شد,shopping
1798,2870 خرج اجاره شد,housing
1799,960 تومن برای خرید سوپر دادم,shopping
1800,170 تومن برای بنزین دادم,transport
1801,بازی خریدم 1570,entertainment
1802,4790 تومن برای لوازم تحریر دادم,shopping
1803,اسنپ 560 تومن شد,transport
1804,3920 خرج تاکسی شد,transport
1805,3120 خرج ویزیت شد,health
1806,دکتر 3070 تومن شد,health
1807,150 تومن برای بنزین دادم,transport
1808,700 خرج قهوه شد,food
1809,3660 تومن برای آزمایش دادم,health
1810,مترو خریدم 2530,transport
1811,اسنپ 1000 تومن شد,transport
1812,3930 تومن کباب گرفتم,food
1813,قبض آب 1150 تومن شد,housing
1814,تاکسی خریدم 920,transport
1815,3540 تومن برای آزمایش دادم,health
1816,کنسرت خریدم 2200,entertainment
1817,3700 تومن برای کباب دادم,food
1818,4820 خرج تفریح شد,entertainment
1819,2700 تومن دندانپزشک گرفتم,health
1820,دارو خریدم 2330,health
1821,2670 خرج شام شد,food
1822,220 خرج اشتراک فیلم شد,entertainment
1823,3930 تومن تفریح گرفتم,entertainment
1824,اتوبوس خریدم 2270,transport
1825,قبض برق 2380 تومن شد,housing
1826,3150 تومن شهربازی گرفتم,entertainment
1827,کیف 4640 تومن شد,shopping
1828,2330 تومن اشتراک فیلم گرفتم,entertainment
1829,کیف 590 تومن شد,shopping
1830,درمان 2810 تومن شد,health
1831,بازی خریدم 1670,entertainment
1832,2340 خرج ناهار شد,food
1833,میوه خریدم 4530,shopping
1834,برگر 1670 تومن شد,food
1835,650 تومن لوازم تحریر گرفتم,shopping
1836,3260 تومن برای قهوه دادم,food
1837,صبحونه خریدم 3640,food
1838,کیف 3150 تومن شد,shopping
1839,1960 تومن تفریح گرفتم,entertainment
1840,اتوبوس 2910 تومن شد,transport
1841,930 تومن اسنپ گرفتم,transport
1842,شهربازی خریدم 1600,entertainment
1843,940 تومن اینترنت خونه گرفتم,housing
1844,30 خرج اسنپ شد,transport
1845,اجاره خریدم 2360,housing
1846,4150 تومن تفریح گرفتم,entertainment
1847,آزمایش 1230 تومن شد,health
1848,درمان خریدم 2450,health
1849,420 خرج بازی شد,entertainment
1850,1270 خرج دارو شد,health
1851,3230 خرج قبض گاز شد,housing
1852,تاکسی 960 تومن شد,transport
1853,فلافل 200 تومن شد,food
1854,1710 تومن برگر گرفتم,food
1855,ساندویچ 2150 تومن شد,food
1856,1470 خرج بنزین شد,transport
1857,3600 خرج لوازم تحریر شد,shopping
1858,دندانپزشک خریدم 920,health
1859,1860 تومن کیف گرفتم,shopping
1860,1670 تومن برای برگر دادم,food
1861,سینما خریدم 3900,entertainment
1862,دارو خریدم 1510,health
1863,3570 تومن برای تاکسی دادم,transport
1864,2130 خرج قبض گاز شد,housing
1865,1090 خرج بنزین شد,transport
1866,2940 خرج ساندویچ شد,food
1867,3720 خرج قهوه شد,food
1868,2200 خرج لباس شد,shopping
1869,2710 خرج قبض برق شد,housing
1870,ویزیت 4760 تومن شد,health
1871,2560 خرج دندانپزشک شد,health
1872,لوازم تحریر خریدم 2560,shopping
1873,1210 تومن برای کرایه رفت و برگشت دادم,transport
1874,620 تومن تاکسی گرفتم,transport
1875,4090 تومن اشتراک فیلم گرفتم,entertainment
1876,4110 خرج میوه شد,shopping
1877,250 تومن برای بازی دادم,entertainment
1878,قبض گاز 4140 تومن شد,housing
1879,3550 تومن برای شام دادم,food
1880,1590 تومن برای اجاره دادم,housing
1881,1670 تومن دندانپزشک گرفتم,health
1882,فلافل خریدم 1760,food
1883,3170 تومن کیف گرفتم,shopping
1884,1710 تومن برای اسنپ دادم,transport
1885,کفش خریدم 4710,shopping
1886,ناهار 2480 تومن شد,food
1887,4580 خرج کفش شد,shopping
1888,قبض آب خریدم 4030,housing
1889,4290 خرج خرید سوپر شد,shopping
1890,3730 تومن برای قبض گاز دادم,housing
1891,دندانپزشک 110 تومن شد,health
1892,1710 تومن برای درمان دادم,health
1893,1450 تومن ناهار گرفتم,food
1894,3220 خرج قبض آب شد,housing
1895,کرایه رفت و برگشت خریدم 3120,transport
1896,610 تومن برای کرایه رفت و برگشت دادم,transport
1897,3650 تومن لباس گرفتم,shopping
1898,قبض آب خریدم 460,housing
1899,2330 تومن برای اتوبوس دادم,transport
1900,کرایه رفت و برگشت 1560 تومن شد,transport
1901,4030 تومن فلافل گرفتم,food
1902,2290 خرج تاکسی شد,transport
1903,4650 خرج قهوه شد,food
1904,اسنپ خریدم 1760,transport
1905,1600 تومن برای کیف دادم,shopping
1906,4220 خرج تاکسی شد,transport
1907,1070 تومن میوه گرفتم,shopping
1908,3670 خرج بازی شد,entertainment
1909,1610 تومن پیتزا گرفتم,food
1910,4480 تومن کیف گرفتم,shopping
1911,4570 تومن قبض آب گرفتم,housing
1912,3940 تومن برای صبحونه دادم,food
1913,برگر 3290 تومن شد,food
1914,1000 تومن برای شارژ ساختمان دادم,housing
1915,قبض گاز خریدم 1650,housing
1916,خرید سوپر 1410 تومن شد,shopping
1917,600 تومن اتوبوس گرفتم,transport
1918,2650 تومن دندانپزشک گرفتم,health
1919,1810 خرج کرایه رفت و برگشت شد,transport
1920,740 تومن برای قبض برق دادم,housing
1921,890 تومن دکتر گرفتم,health
1922,4580 تومن برای قبض گاز دادم,housing
1923,آزمایش 270 تومن شد,health
1924,4640 تومن قهوه گرفتم,food
1925,290 تومن کباب گرفتم,food
1926,930 خرج بازی شد,entertainment
1927,درمان خریدم 4300,health
1928,1610 تومن برای ویزیت دادم,health
1929,3900 خرج بنزین شد,transport
1930,قهوه 2920 تومن شد,food
1931,قهوه خریدم 510,food
1932,اینترنت خونه خریدم 3310,housing
1933,کنسرت 4870 تومن شد,entertainment
1934,1340 تومن برای کرایه رفت و برگشت دادم,transport
1935,3600 تومن برای کنسرت دادم,entertainment
1936,2510 تومن قبض آب گرفتم,housing
1937,590 تومن برای قهوه دادم,food
1938,بازی 4350 تومن شد,entertainment
1939,3110 خرج قبض برق شد,housing
1940,کرایه رفت و برگشت خریدم 540,transport
1941,1680 خرج خرید سوپر شد,shopping
1942,4070 تومن برای خرید سوپر دادم,shopping
1943,2070 خرج آزمایش شد,health
1944,کنسرت 3190 تومن شد,entertainment
1945,دکتر خریدم 2480,health
1946,1080 خرج فلافل شد,food
1947,2920 تومن برای بازی دادم,entertainment
1948,درمان 1220 تومن شد,health
1949,410 خرج لوازم تحریر شد,shopping
1950,3050 خرج سینما شد,entertainment
1951,2860 تومن شهربازی گرفتم,entertainment
1952,کنسرت خریدم 1590,entertainment
1953,3520 خرج ساندویچ شد,food
1954,2550 تومن شهربازی گرفتم,entertainment
1955,شام 4200 تومن شد,food
1956,4160 تومن درمان گرفتم,health
1957,بنزین خریدم 780,transport
1958,2010 خرج ویزیت شد,health
1959,آزمایش 1020 تومن شد,health
1960,1550 خرج لباس شد,shopping
1961,لباس خریدم 4720,shopping
1962,470 خرج لباس شد,shopping
1963,صبحونه 2080 تومن شد,food
1964,1910 خرج اجاره شد,housing
1965,3620 خرج پیتزا شد,food
1966,4420 تومن برای اجاره دادم,housing
1967,2230 خرج شام شد,food
1968,اشتراک فیلم خریدم 1640,entertainment
1969,2240 خرج بازی شد,entertainment
1970,بنزین خریدم 900,transport
1971,اسنپ خریدم 2860,transport
1972,800 تومن برای قبض آب دادم,housing
1973,700 تومن میوه گرفتم,shopping
1974,پیتزا خریدم 750,food
1975,710 تومن کفش گرفتم,shopping
1976,بنزین خریدم 4140,transport
1977,اشتراک فیلم خریدم 3110,entertainment
1978,2340 خرج دکتر شد,health
1979,تفریح خریدم 4210,entertainment
1980,شهربازی 1170 تومن شد,entertainment
1981,50 خرج تفریح شد,entertainment
1982,1230 خرج اشتراک فیلم شد,entertainment
1983,4760 خرج قبض آب شد,housing
1984,190 تومن ویزیت گرفتم,health
1985,3620 تومن برای آزمایش دادم,health
1986,4940 تومن قهوه گرفتم,food
1987,3760 خرج بنزین شد,transport
1988,2660 تومن قبض آب گرفتم,housing
1989,دندانپزشک 470 تومن شد,health
1990,3810 تومن اشتراک فیلم گرفتم,entertainment
1991,2780 خرج لوازم تحریر شد,shopping
1992,290 تومن برای قبض گاز دادم,housing
1993,دارو خریدم 2420,health
1994,2950 تومن برای آزمایش دادم,health
1995,4930 تومن برای شهربازی دادم,entertainment
1996,200 خرج شارژ ساختمان شد,housing
1997,3740 خرج لباس شد,shopping
1998,اجاره خریدم 3240,housing
1999,2950 تومن دکتر گرفتم,health
2000,4160 خرج لباس شد,shopping
2001,2500 تومن برگر گرفتم,food
2002,410 تومن برای کرایه رفت و برگشت دادم,transport
2003,3170 تومن برای شارژ ساختمان دادم,housing
2004,90 تومن قبض برق گرفتم,housing
2005,4670 خرج دکتر شد,health
2006,میوه خریدم 3390,shopping
2007,شارژ ساختمان 1350 تومن شد,housing
2008,4110 خرج کنسرت شد,entertainment
2009,فلافل 450 تومن شد,food
2010,دکتر خریدم 4300,health
2011,بازی خریدم 1230,entertainment
2012,لوازم تحریر 870 تومن شد,shopping
2013,4330 تومن برای درمان دادم,health
2014,3880 تومن برگر گرفتم,food
2015,ناهار خریدم 2390,food
2016,2450 خرج شهربازی شد,entertainment
2017,مترو خریدم 3510,transport
2018,760 خرج شهربازی شد,entertainment
2019,سینما خریدم 1490,entertainment
2020,1630 خرج اشتراک فیلم شد,entertainment
2021,510 خرج خرید سوپر شد,shopping
2022,لباس خریدم 4910,shopping
2023,4410 تومن برای درمان دادم,health
2024,1380 تومن قبض برق گرفتم,housing
2025,اینترنت خونه خریدم 3010,housing
2026,اشتراک فیلم 3850 تومن شد,entertainment
2027,لوازم تحریر 3030 تومن شد,shopping
2028,ویزیت 3480 تومن شد,health
2029,70 تومن قبض گاز گرفتم,housing
2030,2120 تومن پیتزا گرفتم,food
2031,دارو خریدم 3520,health
2032,3730 تومن برای شارژ ساختمان دادم,housing
2033,190 تومن شارژ ساختمان گرفتم,housing
2034,310 خرج دارو شد,health
2035,4880 خرج میوه شد,shopping
2036,3640 تومن خرید سوپر گرفتم,shopping
2037,1940 خرج ناهار شد,food
2038,تاکسی 3580 تومن شد,transport
2039,2410 تومن قبض برق گرفتم,housing
2040,4740 تومن برای کفش دادم,shopping
2041,4640 تومن برای اشتراک فیلم دادم,entertainment
2042,4010 تومن شارژ ساختمان گرفتم,housing
2043,اجاره خریدم 1970,housing
2044,1340 تومن برای اجاره دادم,housing
2045,مترو خریدم 370,transport
2046,کرایه رفت و برگشت 2030 تومن شد,transport
2047,کفش 570 تومن شد,shopping
2048,1130 خرج آزمایش شد,health
2049,خرید سوپر خریدم 4690,shopping
2050,540 تومن لباس گرفتم,shopping
2051,2940 تومن برای ساندویچ دادم,food
2052,سینما خریدم 4610,entertainment
2053,3290 تومن بنزین گرفتم,transport
2054,کباب 1380 تومن شد,food
2055,لباس خریدم 4650,shopping
2056,دارو خریدم 2650,health
2057,2080 تومن بازی گرفتم,entertainment
2058,دکتر خریدم 30,health
2059,640 خرج کفش شد,shopping
2060,1720 تومن برای ویزیت دادم,health
2061,3250 تومن سینما گرفتم,entertainment
2062,4380 تومن برای قبض گاز دادم,housing
2063,3910 تومن برای قهوه دادم,food
2064,920 خرج میوه شد,shopping
2065,کباب 3400 تومن شد,food
2066,2010 تومن اینترنت خونه گرفتم,housing
2067,لوازم تحریر خریدم 1850,shopping
2068,قهوه 3780 تومن شد,food
2069,1000 تومن تاکسی گرفتم,transport
2070,کیف خریدم 1240,shopping
2071,4070 خرج سینما شد,entertainment
2072,2570 خرج لباس شد,shopping
2073,200 تومن برای سینما دادم,entertainment
2074,4050 تومن فلافل گرفتم,food
2075,1100 خرج سینما شد,entertainment
2076,4470 خرج اشتراک فیلم شد,entertainment
2077,بنزین 2980 تومن شد,transport
2078,پیتزا 3780 تومن شد,food
2079,اشتراک فیلم خریدم 110,entertainment
2080,دارو 1260 تومن شد,health
2081,3250 تومن ناهار گرفتم,food
2082,2350 خرج اجاره شد,housing
2083,340 تومن کرایه رفت و برگشت گرفتم,transport
2084,3060 خرج قهوه شد,food
2085,تاکسی 4130 تومن شد,transport
2086,شهربازی خریدم 4170,entertainment
2087,3520 خرج اجاره شد,housing
2088,دکتر 1660 تومن شد,health
2089,1730 تومن ناهار گرفتم,food
2090,برگر خریدم 740,food
2091,1910 خرج بنزین شد,transport
2092,1260 خرج مترو شد,transport
2093,530 خرج ناهار شد,food
2094,کنسرت خریدم 100,entertainment
2095,پیتزا 50 تومن شد,food
2096,برگر خریدم 2150,food
2097,میوه 1070 تومن شد,shopping
2098,لباس خریدم 2690,shopping
2099,کنسرت 4820 تومن شد,entertainment
2100,210 خرج درمان شد,health
2101,2570 خرج بنزین شد,transport
2102,برگر خریدم 1800,food
2103,صبحونه 1220 تومن شد,food
2104,500 خرج صبحونه شد,food
2105,قبض گاز 2610 تومن شد,housing
2106,اشتراک فیلم 3390 تومن شد,entertainment
2107,1010 تومن اجاره گرفتم,housing
2108,بنزین خریدم 4340,transport
2109,830 تومن کنسرت گرفتم,entertainment
2110,فلافل 1470 تومن شد,food
2111,1730 خرج شهربازی شد,entertainment
2112,550 تومن سینما گرفتم,entertainment
2113,820 تومن دکتر گرفتم,health
2114,610 تومن تفریح گرفتم,entertainment
2115,2290 خرج بنزین شد,transport
2116,ویزیت 2160 تومن شد,health
2117,4610 تومن برای لوازم تحریر دادم,shopping
2118,تاکسی 1680 تومن شد,transport
2119,شام خریدم 3790,food
2120,مترو 4580 تومن شد,transport
2121,قهوه خریدم 3010,food
2122,کباب 760 تومن شد,food
2123,آزمایش خریدم 930,health
2124,شارژ ساختمان 2360 تومن شد,housing
2125,لباس 1400 تومن شد,shopping
2126,180 خرج شارژ ساختمان شد,housing
2127,710 تومن برگر گرفتم,food
2128,بازی 2160 تومن شد,entertainment
2129,4550 تومن برای شارژ ساختمان دادم,housing
2130,4060 خرج دکتر شد,health
2131,4980 خرج کرایه رفت و برگشت شد,transport
2132,2120 خرج تاکسی شد,transport
2133,کنسرت خریدم 3040,entertainment
2134,شهربازی خریدم 90,entertainment
2135,1280 تومن برای میوه دادم,shopping
2136,1150 خرج تفریح شد,entertainment
2137,4610 تومن کرایه رفت و برگشت گرفتم,transport
2138,سینما خریدم 220,entertainment
2139,کیف خریدم 190,shopping
2140,2470 تومن آزمایش گرفتم,health
2141,1250 تومن بازی گرفتم,entertainment
2142,دارو خریدم 3560,health
2143,1850 تومن برای اسنپ دادم,transport
2144,480 تومن بنزین گرفتم,transport
2145,اشتراک فیلم 1580 تومن شد,entertainment
2146,4410 خرج کفش شد,shopping
2147,کیف خریدم 140,shopping
2148,کنسرت خریدم 4490,entertainment
2149,اتوبوس خریدم 3220,transport
2150,20 تومن لوازم تحریر گرفتم,shopping
2151,1720 خرج اشتراک فیلم شد,entertainment
2152,2200 تومن برای برگر دادم,food
2153,2790 خرج کیف شد,shopping
2154,430 خرج بنزین شد,transport
2155,4790 تومن اینترنت خونه گرفتم,housing
2156,1880 تومن درمان گرفتم,health
2157,کباب خریدم 1890,food
2158,1890 تومن برای دارو دادم,health
2159,2880 تومن بنزین گرفتم,transport
2160,درمان 3980 تومن شد,health
2161,1240 خرج اتوبوس شد,transport
2162,3790 خرج قهوه شد,food
2163,میوه 3870 تومن شد,shopping
2164,4610 تومن برای قبض برق دادم,housing
2165,2180 تومن برای درمان دادم,health
2166,1920 تومن برای ساندویچ دادم,food
2167,2580 خرج بازی شد,entertainment
2168,3650 خرج قهوه شد,food
2169,4620 تومن برای کیف دادم,shopping
2170,1900 تومن تفریح گرفتم,entertainment
2171,460 تومن مترو گرفتم,transport
2172,1490 تومن کنسرت گرفتم,entertainment
2173,1430 تومن ناهار گرفتم,food
2174,میوه 2560 تومن شد,shopping
2175,4890 تومن کرایه رفت و برگشت گرفتم,transport
2176,4980 خرج قبض آب شد,housing
2177,مترو خریدم 1790,transport
2178,3320 تومن اشتراک فیلم گرفتم,entertainment
2179,340 تومن شارژ ساختمان گرفتم,housing
2180,3320 تومن برای کرایه رفت و برگشت دادم,transport
2181,1770 تومن برای تفریح دادم,entertainment
2182,3420 خرج تفریح شد,entertainment
2183,2360 تومن برای آزمایش دادم,health
2184,4610 تومن برای دکتر دادم,health
2185,اتوبوس خریدم 1180,transport
2186,3960 تومن قبض برق گرفتم,housing
2187,اتوبوس خریدم 1470,transport
2188,کرایه رفت و برگشت 4750 تومن شد,transport
2189,کیف 1480 تومن شد,shopping
2190,بنزین 3560 تومن شد,transport
2191,610 تومن اسنپ گرفتم,transport
2192,قبض گاز خریدم 660,housing
2193,قبض برق 960 تومن شد,housing
2194,190 تومن برای درمان دادم,health
2195,شارژ ساختمان خریدم 1920,housing
2196,2750 تومن برای دکتر دادم,health
2197,پیتزا خریدم 2090,food
2198,4770 تومن برای مترو دادم,transport
2199,4980 خرج تاکسی شد,transport
2200,3330 تومن برای ویزیت دادم,health
2201,4980 خرج شهربازی شد,entertainment
2202,4110 خرج میوه شد,shopping
2203,1750 تومن کفش گرفتم,shopping
2204,4620 تومن کفش گرفتم,shopping
2205,2840 تومن بنزین گرفتم,transport
2206,2070 خرج اجاره شد,housing
2207,1840 تومن مترو گرفتم,transport
2208,اجاره 3130 تومن شد,housing
2209,1150 تومن برای دندانپزشک دادم,health
2210,440 خرج تاکسی شد,transport
2211,3450 تومن اشتراک فیلم گرفتم,entertainment
2212,آزمایش خریدم 1010,health
2213,3110 خرج قبض گاز شد,housing
2214,فلافل 2050 تومن شد,food
2215,کفش خریدم 1910,shopping
2216,1470 تومن برای اجاره دادم,housing
2217,2300 خرج قبض برق شد,housing
2218,شام خریدم 3740,food
2219,کفش خریدم 4130,shopping
2220,شارژ ساختمان خریدم 4140,housing
2221,730 خرج کفش شد,shopping
2222,دارو 750 تومن شد,health
2223,4460 خرج قبض آب شد,housing
2224,4790 خرج اجاره شد,housing
2225,سینما خریدم 50,entertainment
2226,لباس 2140 تومن شد,shopping
2227,3650 خرج آزمایش شد,health
2228,اسنپ خریدم 970,transport
2229,2530 تومن قبض گاز گرفتم,housing
2230,قبض گاز خریدم 1570,housing
2231,درمان 2390 تومن شد,health
2232,800 تومن برای پیتزا دادم,food
2233,اینترنت خونه خریدم 4290,housing
2234,برگر 2150 تومن شد,food
2235,اشتراک فیلم 3320 تومن شد,entertainment
2236,3930 تومن برای ساندویچ دادم,food
2237,3080 تومن برای سینما دادم,entertainment
2238,آزمایش خریدم 2910,health
2239,اینترنت خونه خریدم 3530,housing
2240,1930 خرج خرید سوپر شد,shopping
2241,100 تومن برای کیف دادم,shopping
2242,کرایه رفت و برگشت 310 تومن شد,transport
2243,قبض آب 4510 تومن شد,housing
2244,290 تومن برای شارژ ساختمان دادم,housing
2245,3270 تومن برای قبض آب دادم,housing
2246,1510 خرج برگر شد,food
2247,خرید سوپر 2650 تومن شد,shopping
2248,3930 تومن میوه گرفتم,shopping
2249,2800 تومن برای دکتر دادم,health
2250,4110 تومن برای اینترنت خونه دادم,housing
2251,3590 تومن برای اینترنت خونه دادم,housing
2252,2980 تومن برای صبحونه دادم,food
2253,720 خرج تاکسی شد,transport
2254,قبض برق خریدم 4000,housing
2255,شهربازی 4730 تومن شد,entertainment
2256,810 خرج شام شد,food
2257,4090 خرج اسنپ شد,transport
2258,4270 خرج درمان شد,health
2259,2840 تومن درمان گرفتم,health
2260,4710 تومن بازی گرفتم,entertainment
2261,4740 تومن ناهار گرفتم,food
2262,1610 تومن برای شهربازی دادم,entertainment
2263,4570 خرج مترو شد,transport
2264,900 تومن برای ویزیت دادم,health
2265,ساندویچ 1150 تومن شد,food
2266,میوه 3540 تومن شد,shopping
2267,شارژ ساختمان 1090 تومن شد,housing
2268,3550 تومن کباب گرفتم,food
2269,پیتزا خریدم 3980,food
2270,1020 تومن سینما گرفتم,entertainment
2271,3050 تومن صبحونه گرفتم,food
2272,4670 تومن برای سینما دادم,entertainment
2273,1560 تومن ساندویچ گرفتم,food
2274,4730 خرج ساندویچ شد,food
2275,کرایه رفت و برگشت 4630 تومن شد,transport
2276,1810 تومن بنزین گرفتم,transport
2277,4350 تومن برای ناهار دادم,food
2278,ویزیت 1820 تومن شد,health
2279,درمان 3150 تومن شد,health
2280,360 تومن دندانپزشک گرفتم,health
2281,دارو 2720 تومن شد,health
2282,4950 تومن برای میوه دادم,shopping
2283,40 تومن کرایه رفت و برگشت گرفتم,transport
2284,کرایه رفت و برگشت خریدم 4370,transport
2285,اینترنت خونه 3030 تومن شد,housing
2286,4920 تومن اشتراک فیلم گرفتم,entertainment
2287,اتوبوس خریدم 1960,transport
2288,کرایه رفت و برگشت خریدم 1180,transport
2289,فلافل خریدم 650,food
2290,صبحونه خریدم 710,food
2291,1490 خرج اینترنت خونه شد,housing
2292,440 تومن برای خرید سوپر دادم,shopping
2293,1990 تومن برای سینما دادم,entertainment
2294,3780 تومن برای تفریح دادم,entertainment
2295,1170 خرج کفش شد,shopping
2296,شهربازی خریدم 4390,entertainment
2297,تاکسی خریدم 4600,transport
2298,930 تومن لباس گرفتم,shopping
2299,3460 تومن کفش گرفتم,shopping
2300,2690 تومن بازی گرفتم,entertainment
2301,ناهار خریدم 2040,food
2302,کیف 540 تومن شد,shopping
2303,1030 تومن برای فلافل دادم,food
2304,کرایه رفت و برگشت خریدم 4340,transport
2305,شام خریدم 4310,food
2306,1440 خرج کفش شد,shopping
2307,ویزیت خریدم 3890,health
2308,3430 خرج قبض آب شد,housing
2309,2630 تومن برای بازی دادم,entertainment
2310,570 تومن مترو گرفتم,transport
2311,قبض آب 2560 تومن شد,housing
2312,170 تومن میوه گرفتم,shopping
2313,4270 تومن خرید سوپر گرفتم,shopping
2314,اشتراک فیلم 150 تومن شد,entertainment
2315,3490 تومن برای تفریح دادم,entertainment
2316,3200 خرج اتوبوس شد,transport
2317,3400 خرج ساندویچ شد,food
2318,1050 تومن برای بازی دادم,entertainment
2319,2530 خرج کفش شد,shopping
2320,1770 خرج قبض گاز شد,housing
2321,4890 تومن دارو گرفتم,health
2322,سینما خریدم 1980,entertainment
2323,قبض آب خریدم 2280,housing
2324,920 خرج پیتزا شد,food
2325,لباس 4540 تومن شد,shopping
2326,700 تومن برای بازی دادم,entertainment
2327,2510 تومن کفش گرفتم,shopping
2328,2530 خرج درمان شد,health
2329,کیف خریدم 2940,shopping
2330,تفریح 4390 تومن شد,entertainment
2331,2020 تومن برای دارو دادم,health
2332,تفریح خریدم 4990,entertainment
2333,1820 تومن برای درمان دادم,health
2334,160 خرج اجاره شد,housing
2335,4300 تومن برای ناهار دادم,food
2336,3000 تومن اینترنت خونه گرفتم,housing
2337,1960 تومن لباس گرفتم,shopping
2338,شهربازی خریدم 1840,entertainment
2339,اجاره 3400 تومن شد,housing
2340,3330 تومن برای اسنپ دادم,transport
2341,4680 تومن دارو گرفتم,health
2342,اجاره 1740 تومن شد,housing
2343,1680 تومن صبحونه گرفتم,food
2344,اشتراک فیلم خریدم 4440,entertainment
2345,دندانپزشک خریدم 4630,health
2346,اجاره خریدم 3580,housing
2347,دارو خریدم 1640,health
2348,1670 خرج آزمایش شد,health
2349,قهوه 530 تومن شد,food
2350,2590 تومن برای قبض آب دادم,housing
2351,1550 تومن برای کرایه رفت و برگشت دادم,transport
2352,2560 تومن کنسرت گرفتم,entertainment
2353,1490 تومن برای دکتر دادم,health
2354,برگر خریدم 2950,food
2355,3820 تومن کرایه رفت و برگشت گرفتم,transport
2356,500 خرج کیف شد,shopping
2357,360 خرج قبض برق شد,housing
2358,آزمایش 2200 تومن شد,health
2359,3350 تومن برای اجاره دادم,housing
2360,2230 خرج ویزیت شد,health
2361,شارژ ساختمان خریدم 2140,housing
2362,قبض گاز خریدم 2650,housing
2363,940 تومن کیف گرفتم,shopping
2364,لوازم تحریر 2660 تومن شد,shopping
2365,آزمایش خریدم 1110,health
2366,2740 خرج اینترنت خونه شد,housing
2367,3740 تومن تفریح گرفتم,entertainment
2368,دکتر خریدم 1880,health
2369,790 تومن برای اسنپ دادم,transport
2370,1650 تومن بازی گرفتم,entertainment
2371,میوه خریدم 4350,shopping
2372,قبض برق 3320 تومن شد,housing
2373,اینترنت خونه 3090 تومن شد,housing
2374,کنسرت 600 تومن شد,entertainment
2375,1270 تومن برای تاکسی دادم,transport
2376,بازی خریدم 2880,entertainment
2377,4650 تومن اشتراک فیلم گرفتم,entertainment
2378,اسنپ 1410 تومن شد,transport
2379,4060 تومن برای برگر دادم,food
2380,920 تومن کیف گرفتم,shopping
2381,4020 تومن کفش گرفتم,shopping
2382,1620 خرج ساندویچ شد,food
2383,اجاره خریدم 4630,housing
2384,3380 تومن اینترنت خونه گرفتم,housing
2385,اشتراک فیلم 4330 تومن شد,entertainment
2386,2940 خرج تاکسی شد,transport
2387,3420 خرج صبحونه شد,food
2388,2560 تومن ویزیت گرفتم,health
2389,640 تومن برای کرایه رفت و برگشت دادم,transport
2390,قبض گاز خریدم 3790,housing
2391,لوازم تحریر خریدم 1220,shopping
2392,اسنپ 560 تومن شد,transport
2393,اتوبوس خریدم 2270,transport
2394,قبض گاز خریدم 300,housing
2395,3600 تومن ویزیت گرفتم,health
2396,قبض گاز خریدم 2180,housing
2397,4950 تومن برای میوه دادم,shopping
2398,2450 تومن برای اتوبوس دادم,transport
2399,3320 خرج اجاره شد,housing
2400,پیتزا 3550 تومن شد,food
2401,1980 تومن برای قبض گاز دادم,housing
2402,1870 تومن لوازم تحریر گرفتم,shopping
2403,دکتر خریدم 4410,health
2404,سینما خریدم 4670,entertainment
2405,قبض برق 480 تومن شد,housing
2406,شارژ ساختمان 4420 تومن شد,housing
2407,اشتراک فیلم خریدم 1640,entertainment
2408,4450 تومن برگر گرفتم,food
2409,بازی خریدم 3790,entertainment
2410,2180 تومن اینترنت خونه گرفتم,housing
2411,1350 خرج بنزین شد,transport
2412,2170 خرج فلافل شد,food
2413,3790 تومن برای کیف دادم,shopping
2414,160 تومن اشتراک فیلم گرفتم,entertainment
2415,لوازم تحریر خریدم 960,shopping
2416,میوه خریدم 30,shopping
2417,1580 تومن برای بنزین دادم,transport
2418,دارو 580 تومن شد,health
2419,کرایه رفت و برگشت 3670 تومن شد,transport
2420,2120 تومن برای درمان دادم,health
2421,بازی 4490 تومن شد,entertainment
2422,3530 خرج شارژ ساختمان شد,housing
2423,1030 تومن قبض برق گرفتم,housing
2424,شهربازی خریدم 950,entertainment
2425,1160 تومن تفریح گرفتم,entertainment
2426,3330 خرج صبحونه شد,food
2427,4660 تومن میوه گرفتم,shopping
2428,کنسرت 1360 تومن شد,entertainment
2429,کباب خریدم 3180,food
2430,780 تومن ویزیت گرفتم,health
2431,4860 خرج شارژ ساختمان شد,housing
2432,3690 خرج پیتزا شد,food
2433,بازی خریدم 4250,entertainment
2434,شام 3670 تومن شد,food
2435,اتوبوس خریدم 1490,transport
2436,کنسرت 2220 تومن شد,entertainment
2437,4230 تومن برای دکتر دادم,health
2438,لوازم تحریر خریدم 980,shopping
2439,مترو 4070 تومن شد,transport
2440,برگر 1360 تومن شد,food
2441,آزمایش 4660 تومن شد,health
2442,قبض گاز خریدم 3520,housing
2443,پیتزا 2420 تومن شد,food
2444,اینترنت خونه 2050 تومن شد,housing
2445,کفش خریدم 3640,shopping
2446,1330 تومن کیف گرفتم,shopping
2447,320 تومن صبحونه گرفتم,food
2448,2430 تومن برای شارژ ساختمان دادم,housing
2449,4970 خرج درمان شد,health
2450,4160 تومن لوازم تحریر گرفتم,shopping
2451,2600 خرج برگر شد,food
2452,2040 تومن برای شهربازی دادم,entertainment
2453,230 خرج کرایه رفت و برگشت شد,transport
2454,880 خرج اتوبوس شد,transport
2455,شهربازی خریدم 4510,entertainment
2456,1640 خرج تاکسی شد,transport
2457,1350 تومن کنسرت گرفتم,entertainment
2458,اجاره خریدم 670,housing
2459,اینترنت خونه خریدم 1860,housing
2460,3150 تومن برای قبض برق دادم,housing
2461,ویزیت 2250 تومن شد,health
2462,اینترنت خونه 2530 تومن شد,housing
2463,درمان خریدم 3270,health
2464,780 تومن شام گرفتم,food
2465,اسنپ خریدم 200,transport
2466,شارژ ساختمان خریدم 3630,housing
2467,سینما خریدم 4600,entertainment
2468,1840 خرج قهوه شد,food
2469,2540 تومن بازی گرفتم,entertainment
2470,650 تومن برای میوه دادم,shopping
2471,4460 تومن برای شام دادم,food
2472,3850 خرج اسنپ شد,transport
2473,4580 خرج قبض گاز شد,housing
2474,4990 تومن کرایه رفت و برگشت گرفتم,transport
2475,دندانپزشک خریدم 940,health
2476,شام خریدم 3950,food
2477,4560 تومن برای خرید سوپر دادم,shopping
2478,3500 تومن برگر گرفتم,food
2479,3040 تومن شهربازی گرفتم,entertainment
2480,160 تومن شارژ ساختمان گرفتم,housing
2481,اشتراک فیلم خریدم 3390,entertainment
2482,4910 تومن برای اشتراک فیلم دادم,entertainment
2483,40 تومن برای درمان دادم,health
2484,1680 خرج قهوه شد,food
2485,4430 تومن اسنپ گرفتم,transport
2486,1670 تومن لباس گرفتم,shopping
2487,2820 خرج خرید سوپر شد,shopping
2488,2060 تومن برای سینما دادم,entertainment
2489,اسنپ خریدم 4960,transport
2490,پیتزا 4380 تومن شد,food
2491,مترو خریدم 4010,transport
2492,اینترنت خونه 3870 تومن شد,housing
2493,برگر خریدم 2530,food
2494,4640 خرج لباس شد,shopping
2495,3420 تومن اتوبوس گرفتم,transport
2496,قبض گاز خریدم 1040,housing
2497,2450 تومن برای بازی دادم,entertainment
2498,2180 تومن دندانپزشک گرفتم,health
2499,شهربازی 3160 تومن شد,entertainment
2500,2200 تومن اشتراک فیلم گرفتم,entertainment
2501,صبحونه خریدم 1760,food
2502,میوه 3330 تومن شد,shopping
2503,3240 خرج تفریح شد,entertainment
2504,برگر خریدم 2410,food
2505,قهوه 1550 تومن شد,food
2506,4640 تومن برای بنزین دادم,transport
2507,2200 تومن برای کرایه رفت و برگشت دادم,transport
2508,2840 تومن دارو گرفتم,health
2509,570 خرج صبحونه شد,food
2510,بازی خریدم 500,entertainment
2511,2930 تومن برای لوازم تحریر دادم,shopping
2512,3010 تومن قبض برق گرفتم,housing
2513,دارو خریدم 600,health
2514,اسنپ خریدم 4330,transport
2515,2150 تومن برای ساندویچ دادم,food
2516,قبض گاز خریدم 3720,housing
2517,3210 تومن برای کفش دادم,shopping
2518,شارژ ساختمان 1100 تومن شد,housing
2519,4480 تومن برگر گرفتم,food
2520,110 تومن تفریح گرفتم,entertainment
2521,سینما 80 تومن شد,entertainment
2522,کفش خریدم 2370,shopping
2523,لوازم تحریر خریدم 3100,shopping
2524,4180 خرج قبض گاز شد,housing
2525,اینترنت خونه خریدم 3460,housing
2526,اجاره 660 تومن شد,housing
2527,590 تومن شام گرفتم,food
2528,4410 تومن میوه گرفتم,shopping
2529,مترو 3340 تومن شد,transport
2530,2250 خرج میوه شد,shopping
2531,تاکسی خریدم 1560,transport
2532,2180 تومن مترو گرفتم,transport
2533,ناهار 4640 تومن شد,food
2534,لوازم تحریر خریدم 2290,shopping
2535,سینما خریدم 4420,entertainment
2536,1050 تومن برای دکتر دادم,health
2537,280 تومن برای آزمایش دادم,health
2538,ساندویچ خریدم 3240,food
2539,3790 خرج بازی شد,entertainment
2540,2850 تومن برای درمان دادم,health
2541,قهوه خریدم 2060,food
2542,3730 خرج دندانپزشک شد,health
2543,1200 تومن کفش گرفتم,shopping
2544,2180 خرج دارو شد,health
2545,340 تومن برای قبض گاز دادم,housing
2546,کفش خریدم 4570,shopping
2547,3200 تومن برای قهوه دادم,food
2548,2250 تومن اشتراک فیلم گرفتم,entertainment
2549,اتوبوس 3730 تومن شد,transport
2550,شهربازی 2260 تومن شد,entertainment
2551,3020 تومن برای دکتر دادم,health
2552,درمان خریدم 3380,health
2553,اتوبوس خریدم 3720,transport
2554,3360 تومن برای اشتراک فیلم دادم,entertainment
2555,کنسرت 3200 تومن شد,entertainment
2556,3850 تومن اینترنت خونه گرفتم,housing
2557,کفش 680 تومن شد,shopping
2558,اسنپ خریدم 3120,transport
2559,کباب خریدم 4840,food
2560,1090 خرج شارژ ساختمان شد,housing
2561,1850 تومن برای پیتزا دادم,food
2562,اینترنت خونه 830 تومن شد,housing
2563,4150 تومن دارو گرفتم,health
2564,600 خرج قبض آب شد,housing
2565,تاکسی 2890 تومن شد,transport
2566,1760 تومن برای شهربازی دادم,entertainment
2567,صبحونه 1380 تومن شد,food
2568,3110 تومن کیف گرفتم,shopping
2569,خرید سوپر خریدم 4760,shopping
2570,560 خرج سینما شد,entertainment
2571,4230 خرج دارو شد,health
2572,صبحونه 550 تومن شد,food
2573,خرید سوپر 4470 تومن شد,shopping
2574,3740 تومن برای شارژ ساختمان دادم,housing
2575,3920 خرج کفش شد,shopping
2576,4470 تومن اشتراک فیلم گرفتم,entertainment
2577,1880 تومن برای بنزین دادم,transport
2578,تاکسی 4360 تومن شد,transport
2579,3950 تومن بازی گرفتم,entertainment
2580,1760 تومن برای مترو دادم,transport
2581,450 تومن برای دکتر دادم,health
2582,اینترنت خونه خریدم 3880,housing
2583,اینترنت خونه 3420 تومن شد,housing
2584,کرایه رفت و برگشت 2170 تومن شد,transport
2585,مترو خریدم 2130,transport
2586,4080 تومن برای تفریح دادم,entertainment
2587,760 تومن قهوه گرفتم,food
2588,4850 تومن کیف گرفتم,shopping
2589,فلافل خریدم 1630,food
2590,مترو خریدم 330,transport
2591,4640 خرج ناهار شد,food
2592,صبحونه خریدم 1530,food
2593,3600 خرج اشتراک فیلم شد,entertainment
2594,3820 تومن برای اینترنت خونه دادم,housing
2595,4250 تومن برای اجاره دادم,housing
2596,دندانپزشک 4730 تومن شد,health
2597,کفش 2300 تومن شد,shopping
2598,4050 خرج دندانپزشک شد,health
2599,3590 تومن برای کفش دادم,shopping
2600,کفش 3990 تومن شد,shopping
2601,200 خرج اجاره شد,housing
2602,قبض آب 3730 تومن شد,housing
2603,دندانپزشک 1470 تومن شد,health
2604,2840 تومن برای صبحونه دادم,food
2605,ویزیت 3890 تومن شد,health
2606,4570 خرج پیتزا شد,food
2607,1250 تومن برای ویزیت دادم,health
2608,2600 تومن کفش گرفتم,shopping
2609,4320 تومن برای خرید سوپر دادم,shopping
2610,2610 تومن برای اینترنت خونه دادم,housing
2611,3890 تومن پیتزا گرفتم,food
2612,2950 تومن شهربازی گرفتم,entertainment
2613,1220 خرج شهربازی شد,entertainment
2614,4590 خرج درمان شد,health
2615,1810 تومن برای دکتر دادم,health
2616,4030 خرج اینترنت خونه شد,housing
2617,میوه خریدم 3670,shopping
2618,1280 تومن درمان گرفتم,health
2619,قبض گاز 3000 تومن شد,housing
2620,قبض آب 520 تومن شد,housing
2621,کفش خریدم 4260,shopping
2622,ساندویچ خریدم 330,food
2623,مترو خریدم 1110,transport
2624,3480 خرج فلافل شد,food
2625,2880 خرج تفریح شد,entertainment
2626,شهربازی خریدم 3010,entertainment
2627,کفش خریدم 2270,shopping
2628,کفش 4230 تومن شد,shopping
2629,کرایه رفت و برگشت خریدم 670,transport
2630,680 خرج کفش شد,shopping
2631,دارو 3570 تومن شد,health
2632,بازی 180 تومن شد,entertainment
2633,4730 تومن ویزیت گرفتم,health
2634,580 تومن آزمایش گرفتم,health
2635,1500 تومن قبض گاز گرفتم,housing
2636,620 تومن برای دکتر دادم,health
2637,1570 تومن برای قبض برق دادم,housing
2638,سینما 4070 تومن شد,entertainment
2639,2170 تومن کرایه رفت و برگشت گرفتم,transport
2640,قبض برق 1120 تومن شد,housing
2641,30 تومن کفش گرفتم,shopping
2642,360 تومن ویزیت گرفتم,health
2643,2950 تومن برای بازی دادم,entertainment
2644,4620 تومن برای آزمایش دادم,health
2645,4290 خرج بازی شد,entertainment
2646,اسنپ خریدم 2600,transport
2647,اشتراک فیلم 2310 تومن شد,entertainment
2648,470 خرج لباس شد,shopping
2649,کیف خریدم 2110,shopping
2650,1750 خرج مترو شد,transport
2651,3780 تومن برای قهوه دادم,food
2652,خرید سوپر 4450 تومن شد,shopping
2653,2940 تومن برای خرید سوپر دادم,shopping
2654,650 خرج درمان شد,health
2655,4910 خرج شام شد,food
2656,3890 تومن دندانپزشک گرفتم,health
2657,دندانپزشک خریدم 980,health
2658,630 خرج دارو شد,health
2659,تاکسی 1420 تومن شد,transport
2660,4310 خرج بنزین شد,transport
2661,4150 خرج سینما شد,entertainment
2662,2070 خرج ویزیت شد,health
2663,4430 تومن قهوه گرفتم,food
2664,قبض آب خریدم 940,housing
2665,صبحونه خریدم 1640,food
2666,600 تومن اجاره گرفتم,housing
2667,دکتر 1480 تومن شد,health
2668,3950 تومن اتوبوس گرفتم,transport
2669,اتوبوس خریدم 4890,transport
2670,320 خرج میوه شد,shopping
2671,150 تومن شارژ ساختمان گرفتم,housing
2672,520 تومن برای قبض آب دادم,housing
2673,4590 تومن برای مترو دادم,transport
2674,4840 تومن قبض آب گرفتم,housing
2675,1240 خرج شام شد,food
2676,2540 خرج دکتر شد,health
2677,4880 تومن آزمایش گرفتم,health
2678,اجاره خریدم 1640,housing
2679,آزمایش خریدم 350,health
2680,کباب 3260 تومن شد,food
2681,2850 خرج برگر شد,food
2682,1280 خرج خرید سوپر شد,shopping
2683,1570 خرج میوه شد,shopping
2684,440 خرج بازی شد,entertainment
2685,1930 خرج اسنپ شد,transport
2686,اسنپ خریدم 2770,transport
2687,230 تومن آزمایش گرفتم,health
2688,تفریح 1500 تومن شد,entertainment
2689,پیتزا خریدم 4790,food
2690,قبض گاز خریدم 1300,housing
2691,1100 خرج اینترنت خونه شد,housing
2692,ویزیت 250 تومن شد,health
2693,2900 تومن کیف گرفتم,shopping
2694,2040 تومن اجاره گرفتم,housing
2695,2860 تومن برای بنزین دادم,transport
2696,3140 خرج کنسرت شد,entertainment
2697,4860 تومن برای اینترنت خونه دادم,housing
2698,لباس خریدم 3870,shopping
2699,3410 تومن برای شارژ ساختمان دادم,housing
2700,2370 خرج شارژ ساختمان شد,housing
2701,اجاره 4690 تومن شد,housing
2702,خرید سوپر خریدم 3130,shopping
2703,پیتزا 3460 تومن شد,food
2704,تفریح خریدم 4600,entertainment
2705,430 تومن تفریح گرفتم,entertainment
2706,دارو خریدم 4580,health
2707,خرید سوپر خریدم 1820,shopping
2708,ویزیت 2000 تومن شد,health
2709,خرید سوپر خریدم 650,shopping
2710,2290 تومن شارژ ساختمان گرفتم,housing
2711,120 تومن برای بنزین دادم,transport
2712,لوازم تحریر 1850 تومن شد,shopping
2713,برگر 4150 تومن شد,food
2714,4970 تومن برای مترو دادم,transport
2715,2540 خرج برگر شد,food
2716,تاکسی خریدم 1020,transport
2717,2930 خرج برگر شد,food
2718,کنسرت 2840 تومن شد,entertainment
2719,2910 خرج لوازم تحریر شد,shopping
2720,350 خرج دکتر شد,health
2721,بنزین 350 تومن شد,transport
2722,قبض گاز 4400 تومن شد,housing
2723,4020 تومن برای درمان دادم,health
2724,130 خرج بنزین شد,transport
2725,3500 خرج ویزیت شد,health
2726,سینما خریدم 4820,entertainment
2727,4840 تومن لوازم تحریر گرفتم,shopping
2728,قبض آب خریدم 4340,housing
2729,3500 خرج اجاره شد,housing
2730,1870 خرج بازی شد,entertainment
2731,260 تومن برای شام دادم,food
2732,2310 تومن برای تفریح دادم,entertainment
2733,1010 تومن برای کباب دادم,food
2734,پیتزا 3790 تومن شد,food
2735,4920 تومن کفش گرفتم,shopping
2736,860 تومن برای اسنپ دادم,transport
2737,3220 تومن اجاره گرفتم,housing
2738,2230 تومن قهوه گرفتم,food
2739,4800 تومن برای درمان دادم,health
2740,شارژ ساختمان خریدم 570,housing
2741,4280 تومن اتوبوس گرفتم,transport
2742,قبض گاز 4080 تومن شد,housing
2743,3930 تومن قهوه گرفتم,food
2744,2980 تومن کفش گرفتم,shopping
2745,4710 تومن پیتزا گرفتم,food
2746,4570 تومن شهربازی گرفتم,entertainment
2747,تاکسی خریدم 4720,transport
2748,برگر خریدم 3140,food
2749,3480 تومن ساندویچ گرفتم,food
2750,دارو خریدم 1520,health
2751,سینما خریدم 3180,entertainment
2752,4050 خرج کرایه رفت و برگشت شد,transport
2753,قهوه خریدم 1980,food
2754,3190 تومن تفریح گرفتم,entertainment
2755,4820 تومن اینترنت خونه گرفتم,housing
2756,1700 خرج تفریح شد,entertainment
2757,540 تومن تاکسی گرفتم,transport
2758,360 خرج درمان شد,health
2759,660 خرج کرایه رفت و برگشت شد,transport
2760,قبض برق خریدم 2170,housing
2761,کیف 2290 تومن شد,shopping
2762,4100 تومن اسنپ گرفتم,transport
2763,1610 خرج ناهار شد,food
2764,4930 تومن برای تفریح دادم,entertainment
2765,4550 خرج قبض گاز شد,housing
2766,2420 تومن برای اسنپ دادم,transport
2767,1510 تومن برای ویزیت دادم,health
2768,صبحونه 3020 تومن شد,food
2769,2610 خرج شام شد,food
2770,کباب 1780 تومن شد,food
2771,بنزین 4670 تومن شد,transport
2772,فلافل خریدم 980,food
2773,2410 خرج لوازم تحریر شد,shopping
2774,4380 خرج لباس شد,shopping
2775,3170 تومن برای ویزیت دادم,health
2776,850 تومن شهربازی گرفتم,entertainment
2777,سینما 2550 تومن شد,entertainment
2778,شام 3560 تومن شد,food
2779,تفریح 1110 تومن شد,entertainment
2780,3950 تومن برای اشتراک فیلم دادم,entertainment
2781,کفش خریدم 1070,shopping
2782,1870 تومن تاکسی گرفتم,transport
2783,170 خرج فلافل شد,food
2784,ناهار خریدم 1500,food
2785,3010 تومن برای بنزین دادم,transport
2786,پیتزا 1030 تومن شد,food
2787,1140 تومن برای شارژ ساختمان دادم,housing
2788,1750 خرج میوه شد,shopping
2789,1020 تومن اسنپ گرفتم,transport
2790,4680 تومن اتوبوس گرفتم,transport
2791,1960 تومن ناهار گرفتم,food
2792,شارژ ساختمان خریدم 1580,housing
2793,4160 تومن برای اتوبوس دادم,transport
2794,4830 خرج میوه شد,shopping
2795,4510 تومن آزمایش گرفتم,health
2796,ناهار 4530 تومن شد,food
2797,اسنپ خریدم 2740,transport
2798,1640 خرج لباس شد,shopping
2799,1270 تومن اشتراک فیلم گرفتم,entertainment
2800,980 خرج دندانپزشک شد,health
2801,شارژ ساختمان 1690 تومن شد,housing
2802,برگر 4480 تومن شد,food
2803,دندانپزشک خریدم 4550,health
2804,بنزین خریدم 430,transport
2805,کیف 350 تومن شد,shopping
2806,3860 خرج آزمایش شد,health
2807,قبض آب خریدم 2670,housing
2808,3660 تومن برای اتوبوس دادم,transport
2809,درمان خریدم 2490,health
2810,شهربازی خریدم 2990,entertainment
2811,3340 تومن کیف گرفتم,shopping
2812,اسنپ 4600 تومن شد,transport
2813,کنسرت 2040 تومن شد,entertainment
2814,قبض آب خریدم 4570,housing
2815,4800 تومن برای دکتر دادم,health
2816,قبض گاز 450 تومن شد,housing
2817,2290 خرج برگر شد,food
2818,3000 تومن شارژ ساختمان گرفتم,housing
2819,3200 تومن برای تفریح دادم,entertainment
2820,بازی خریدم 2410,entertainment
2821,شهربازی خریدم 4130,entertainment
2822,1970 تومن قبض برق گرفتم,housing
2823,1210 تومن برای مترو دادم,transport
2824,1850 تومن خرید سوپر گرفتم,shopping
2825,2640 خرج قبض گاز شد,housing
2826,4040 تومن برای خرید سوپر دادم,shopping
2827,620 تومن تاکسی گرفتم,transport
2828,اجاره 2810 تومن شد,housing
2829,3470 تومن برای شارژ ساختمان دادم,housing
2830,3830 تومن برای قبض برق دادم,housing
2831,بنزین 3110 تومن شد,transport
2832,2800 تومن برای لوازم تحریر دادم,shopping
2833,1460 تومن برای برگر دادم,food
2834,4220 خرج بازی شد,entertainment
2835,2430 خرج خرید سوپر شد,shopping
2836,مترو 1180 تومن شد,transport
2837,لوازم تحریر خریدم 1090,shopping
2838,3020 خرج کرایه رفت و برگشت شد,transport
2839,اشتراک فیلم خریدم 4180,entertainment
2840,اجاره 1620 تومن شد,housing
2841,اشتراک فیلم 2150 تومن شد,entertainment
2842,4380 خرج بازی شد,entertainment
2843,730 خرج فلافل شد,food
2844,4840 تومن اتوبوس گرفتم,transport
2845,4290 تومن برای اشتراک فیلم دادم,entertainment
2846,شارژ ساختمان خریدم 2160,housing
2847,3920 خرج کفش شد,shopping
2848,3020 تومن قبض برق گرفتم,housing
2849,دارو 4740 تومن شد,health
2850,2920 خرج اتوبوس شد,transport
2851,دندانپزشک خریدم 4450,health
2852,کنسرت خریدم 4870,entertainment
2853,صبحونه 1990 تومن شد,food
2854,1700 خرج سینما شد,entertainment
2855,4600 تومن برای اشتراک فیلم دادم,entertainment
2856,550 خرج ناهار شد,food
2857,4250 خرج تاکسی شد,transport
2858,سینما 970 تومن شد,entertainment
2859,کباب 1470 تومن شد,food
2860,3390 خرج اتوبوس شد,transport
2861,310 تومن برای قهوه دادم,food
2862,890 تومن برای دارو دادم,health
2863,820 تومن بازی گرفتم,entertainment
2864,کرایه رفت و برگشت خریدم 2160,transport
2865,خرید سوپر 2010 تومن شد,shopping
2866,اسنپ خریدم 1600,transport
2867,لوازم تحریر 2450 تومن شد,shopping
2868,4820 تومن برای دندانپزشک دادم,health
2869,دکتر خریدم 2590,health
2870,شارژ ساختمان 50 تومن شد,housing
2871,سینما خریدم 4240,entertainment
2872,2710 تومن برای دکتر دادم,health
2873,آزمایش خریدم 2370,health
2874,3790 تومن دارو گرفتم,health
2875,اینترنت خونه خریدم 4530,housing
2876,4330 تومن برای اینترنت خونه دادم,housing
2877,تفریح 4230 تومن شد,entertainment
2878,930 خرج کنسرت شد,entertainment
2879,کفش خریدم 2360,shopping
2880,3590 خرج میوه شد,shopping
2881,3590 تومن کباب گرفتم,food
2882,1420 خرج اسنپ شد,transport
2883,4710 تومن اینترنت خونه گرفتم,housing
2884,لوازم تحریر 3710 تومن شد,shopping
2885,3920 خرج بازی شد,entertainment
2886,410 تومن فلافل گرفتم,food
2887,ویزیت خریدم 2110,health
2888,1080 خرج اتوبوس شد,transport
2889,150 تومن قهوه گرفتم,food
2890,لوازم تحریر خریدم 3470,shopping
2891,شهربازی خریدم 3830,entertainment
2892,210 تومن مترو گرفتم,transport
2893,اجاره 3650 تومن شد,housing
2894,اینترنت خونه خریدم 3850,housing
2895,360 تومن بازی گرفتم,entertainment
2896,درمان خریدم 1260,health
2897,4220 تومن برای مترو دادم,transport
2898,4310 تومن اسنپ گرفتم,transport
2899,920 تومن برای دارو دادم,health
2900,صبحونه خریدم 3810,food
2901,3450 تومن تاکسی گرفتم,transport
2902,لباس خریدم 800,shopping
2903,1120 تومن شارژ ساختمان گرفتم,housing
2904,کیف خریدم 1120,shopping
2905,4300 خرج خرید سوپر شد,shopping
2906,3680 تومن لوازم تحریر گرفتم,shopping
2907,اشتراک فیلم خریدم 1590,entertainment
2908,پیتزا خریدم 260,food
2909,اسنپ 1930 تومن شد,transport
2910,تاکسی خریدم 100,transport
2911,پیتزا 1740 تومن شد,food
2912,لوازم تحریر 340 تومن شد,shopping
2913,ناهار 3720 تومن شد,food
2914,2640 تومن کباب گرفتم,food
2915,قبض برق 2890 تومن شد,housing
2916,4800 خرج دکتر شد,health
2917,بازی 630 تومن شد,entertainment
2918,1840 تومن برای تاکسی دادم,transport
2919,2070 تومن برای تاکسی دادم,transport
2920,کباب خریدم 1100,food
2921,3380 تومن برای تاکسی دادم,transport
2922,1900 تومن کیف گرفتم,shopping
2923,2120 تومن برای شام دادم,food
2924,540 خرج آزمایش شد,health
2925,1300 تومن دکتر گرفتم,health
2926,ویزیت خریدم 3250,health
2927,700 تومن برای لوازم تحریر دادم,shopping
2928,3910 تومن برای بنزین دادم,transport
2929,360 تومن برای کفش دادم,shopping
2930,1970 خرج قهوه شد,food
2931,1210 خرج لوازم تحریر شد,shopping
2932,درمان 80 تومن شد,health
2933,ساندویچ 1600 تومن شد,food
2934,کفش 3890 تومن شد,shopping
2935,دارو 320 تومن شد,health
2936,قبض آب 1530 تومن شد,housing
2937,1060 تومن مترو گرفتم,transport
2938,بنزین خریدم 3080,transport
2939,700 تومن برای لباس دادم,shopping
2940,4040 تومن اینترنت خونه گرفتم,housing
2941,3330 تومن برای آزمایش دادم,health
2942,4350 تومن برای شام دادم,food
2943,1070 خرج شارژ ساختمان شد,housing
2944,شام 4120 تومن شد,food
2945,2680 تومن برای آزمایش دادم,health
2946,3240 تومن مترو گرفتم,transport
2947,قهوه 370 تومن شد,food
2948,ناهار 4820 تومن شد,food
2949,900 خرج تاکسی شد,transport
2950,1220 خرج دکتر شد,health
2951,کباب خریدم 3730,food
2952,شارژ ساختمان 3710 تومن شد,housing
2953,920 خرج مترو شد,transport
2954,1480 خرج اتوبوس شد,transport
2955,1050 تومن برای اشتراک فیلم دادم,entertainment
2956,4880 تومن برای سینما دادم,entertainment
2957,بازی خریدم 870,entertainment
2958,2600 خرج بازی شد,entertainment
2959,کفش 3910 تومن شد,shopping
2960,سینما خریدم 3920,entertainment
2961,3900 تومن برای سینما دادم,entertainment
2962,800 خرج دندانپزشک شد,health
2963,میوه خریدم 1330,shopping
2964,2340 تومن برای شهربازی دادم,entertainment
2965,تفریح خریدم 3120,entertainment
2966,فلافل خریدم 710,food
2967,اسنپ 4710 تومن شد,transport
2968,4430 خرج پیتزا شد,food
2969,لوازم تحریر خریدم 1930,shopping
2970,بازی خریدم 4830,entertainment
2971,لباس خریدم 1980,shopping
2972,3030 تومن اینترنت خونه گرفتم,housing
2973,4730 تومن سینما گرفتم,entertainment
2974,تفریح 850 تومن شد,entertainment
2975,3960 تومن برای شهربازی دادم,entertainment
2976,2520 تومن برای درمان دادم,health
2977,خرید سوپر خریدم 3350,shopping
2978,اشتراک فیلم 1280 تومن شد,entertainment
2979,4730 تومن برای سینما دادم,entertainment
2980,3480 تومن لوازم تحریر گرفتم,shopping
2981,لوازم تحریر 3320 تومن شد,shopping
2982,قبض گاز 2350 تومن شد,housing
2983,3100 خرج شارژ ساختمان شد,housing
2984,80 تومن میوه گرفتم,shopping
2985,2050 خرج کباب شد,food
2986,صبحونه 4670 تومن شد,food
2987,کنسرت خریدم 4260,entertainment
2988,1560 خرج اینترنت خونه شد,housing
2989,درمان خریدم 4550,health
2990,ویزیت خریدم 3770,health
2991,570 خرج خرید سوپر شد,shopping
2992,شارژ ساختمان 1390 تومن شد,housing
2993,3590 تومن برای کفش دادم,shopping
2994,ناهار خریدم 4190,food
2995,ساندویچ خریدم 370,food
2996,3370 تومن برای آزمایش دادم,health
2997,کفش 890 تومن شد,shopping
2998,شارژ ساختمان 3620 تومن شد,housing
2999,950 خرج مترو شد,transport
3000,قهوه 2920 تومن شد,food
3001,اسنپ 320 تومن شد,transport
3002,اتوبوس خریدم 4630,transport
3003,4690 خرج اشتراک فیلم شد,entertainment
3004,420 تومن برای ناهار دادم,food
3005,650 تومن برای کباب دادم,food
3006,170 خرج فلافل شد,food
3007,2500 تومن مترو گرفتم,transport
3008,1380 تومن پیتزا گرفتم,food
3009,4060 تومن کیف گرفتم,shopping
3010,2690 تومن شام گرفتم,food
3011,2680 تومن برای تفریح دادم,entertainment
3012,3890 تومن برای بازی دادم,entertainment
3013,1740 تومن برای آزمایش دادم,health
3014,لباس 1630 تومن شد,shopping
3015,اینترنت خونه خریدم 2060,housing
3016,1840 تومن برای دارو دادم,health
3017,پیتزا خریدم 2350,food
3018,150 خرج میوه شد,shopping
3019,صبحونه 1450 تومن شد,food
3020,قبض آب خریدم 3180,housing
3021,آزمایش 3400 تومن شد,health
3022,100 تومن برای فلافل دادم,food
3023,فلافل خریدم 3490,food
3024,کرایه رفت و برگشت خریدم 2500,transport
3025,4080 تومن کیف گرفتم,shopping
3026,قبض آب خریدم 4820,housing
3027,4650 تومن لوازم تحریر گرفتم,shopping
3028,1520 خرج کفش شد,shopping
3029,750 خرج بنزین شد,transport
3030,2600 تومن درمان گرفتم,health
3031,4090 تومن مترو گرفتم,transport
3032,اینترنت خونه خریدم 2820,housing
3033,4900 تومن مترو گرفتم,transport
3034,اشتراک فیلم 2780 تومن شد,entertainment
3035,890 تومن اسنپ گرفتم,transport
3036,3680 تومن کباب گرفتم,food
3037,اتوبوس خریدم 4640,transport
3038,3700 تومن برای شارژ ساختمان دادم,housing
3039,4890 تومن کفش گرفتم,shopping
3040,4740 خرج میوه شد,shopping
3041,2530 تومن لوازم تحریر گرفتم,shopping
3042,لباس 4480 تومن شد,shopping
3043,350 تومن برای دندانپزشک دادم,health
3044,اشتراک فیلم خریدم 3820,entertainment
3045,4030 خرج لوازم تحریر شد,shopping
3046,1160 تومن برای کنسرت دادم,entertainment
3047,460 تومن برگر گرفتم,food
3048,3810 خرج فلافل شد,food
3049,4840 تومن بنزین گرفتم,transport
3050,670 تومن برای ویزیت دادم,health
3051,3790 تومن تفریح گرفتم,entertainment
3052,3040 خرج اجاره شد,housing
3053,2180 تومن برای مترو دادم,transport
3054,اینترنت خونه 4800 تومن شد,housing
3055,3100 خرج درمان شد,health
3056,2040 تومن تاکسی گرفتم,transport
3057,آزمایش 1630 تومن شد,health
3058,شارژ ساختمان خریدم 2570,housing
3059,کرایه رفت و برگشت 1470 تومن شد,transport
3060,4360 تومن لوازم تحریر گرفتم,shopping
3061,1600 خرج ویزیت شد,health
3062,1420 خرج خرید سوپر شد,shopping
3063,اشتراک فیلم 4260 تومن شد,entertainment
3064,شهربازی خریدم 3620,entertainment
3065,فلافل 800 تومن شد,food
3066,3600 تومن میوه گرفتم,shopping
3067,مترو خریدم 3740,transport
3068,اینترنت خونه 4690 تومن شد,housing
3069,2020 تومن برای صبحونه دادم,food
3070,2440 تومن برای اشتراک فیلم دادم,entertainment
3071,380 خرج بازی شد,entertainment
3072,لباس 1460 تومن شد,shopping
3073,2030 تومن کیف گرفتم,shopping
3074,3870 خرج اتوبوس شد,transport
3075,برگر 2360 تومن شد,food
3076,دکتر خریدم 2280,health
3077,شارژ ساختمان 1090 تومن شد,housing
3078,3780 تومن میوه گرفتم,shopping
3079,4400 خرج اینترنت خونه شد,housing
3080,ناهار خریدم 1940,food
3081,4760 تومن میوه گرفتم,shopping
3082,فلافل 2440 تومن شد,food
3083,2650 تومن برای ساندویچ دادم,food
3084,آزمایش 4980 تومن شد,health
3085,لوازم تحریر 2080 تومن شد,shopping
3086,ساندویچ خریدم 1250,food
3087,3540 خرج شهربازی شد,entertainment
3088,بنزین خریدم 3830,transport
3089,3390 تومن لوازم تحریر گرفتم,shopping
3090,1970 تومن برای اشتراک فیلم دادم,entertainment
3091,2290 تومن برای لوازم تحریر دادم,shopping
3092,610 تومن ساندویچ گرفتم,food
3093,3300 خرج قهوه شد,food
3094,3020 خرج تاکسی شد,transport
3095,1420 تومن آزمایش گرفتم,health
3096,دکتر خریدم 1980,health
3097,2240 تومن برای لوازم تحریر دادم,shopping
3098,520 تومن برای دکتر دادم,health
3099,صبحونه خریدم 960,food
3100,2030 خرج خرید سوپر شد,shopping
3101,2520 تومن دندانپزشک گرفتم,health
3102,2770 تومن دندانپزشک گرفتم,health
3103,4610 تومن بنزین گرفتم,transport
3104,کرایه رفت و برگشت 3570 تومن شد,transport
3105,2300 تومن برای صبحونه دادم,food
3106,670 خرج پیتزا شد,food
3107,840 تومن بنزین گرفتم,transport
3108,4370 تومن ویزیت گرفتم,health
3109,2610 تومن برای ساندویچ دادم,food
3110,قبض گاز خریدم 890,housing
3111,1290 تومن برای خرید سوپر دادم,shopping
3112,4650 تومن برای صبحونه دادم,food
3113,کیف 2290 تومن شد,shopping
3114,3570 تومن برای آزمایش دادم,health
3115,3120 خرج ویزیت شد,health
3116,3540 تومن دکتر گرفتم,health
3117,1230 تومن خرید سوپر گرفتم,shopping
3118,اسنپ 1550 تومن شد,transport
3119,کرایه رفت و برگشت 2840 تومن شد,transport
3120,ویزیت 1440 تومن شد,health
3121,2180 تومن کیف گرفتم,shopping
3122,ویزیت خریدم 1350,health
3123,میوه خریدم 2060,shopping
3124,برگر خریدم 3480,food
3125,میوه 2760 تومن شد,shopping
3126,برگر 3260 تومن شد,food
3127,2900 خرج لباس شد,shopping
3128,دکتر 2160 تومن شد,health
3129,1960 تومن قبض آب گرفتم,housing
3130,410 تومن برای دکتر دادم,health
3131,580 خرج صبحونه شد,food
3132,1700 تومن سینما گرفتم,entertainment
3133,4000 تومن برای قبض برق دادم,housing
3134,1420 تومن اسنپ گرفتم,transport
3135,کباب 4980 تومن شد,food
3136,4020 تومن سینما گرفتم,entertainment
3137,3740 تومن برای کرایه رفت و برگشت دادم,transport
3138,500 خرج آزمایش شد,health
3139,2940 تومن برای اینترنت خونه دادم,housing
3140,3130 تومن ویزیت گرفتم,health
3141,ناهار خریدم 1640,food
3142,4140 خرج اتوبوس شد,transport
3143,دندانپزشک خریدم 4530,health
3144,670 تومن برای تفریح دادم,entertainment
3145,صبحونه 3670 تومن شد,food
3146,میوه خریدم 750,shopping
3147,1380 تومن درمان گرفتم,health
3148,لوازم تحریر 1910 تومن شد,shopping
3149,کیف خریدم 2160,shopping
3150,مترو خریدم 1830,transport
3151,ویزیت خریدم 1430,health
3152,درمان 4530 تومن شد,health
3153,4410 تومن اینترنت خونه گرفتم,housing
3154,3960 تومن برای قبض آب دادم,housing
3155,ساندویچ 410 تومن شد,food
3156,2960 تومن ناهار گرفتم,food
3157,برگر خریدم 2850,food
3158,3480 خرج کباب شد,food
3159,میوه خریدم 2470,shopping
3160,3480 خرج درمان شد,health
3161,2090 تومن خرید سوپر گرفتم,shopping
3162,4680 تومن دکتر گرفتم,health
3163,3610 خرج کفش شد,shopping
3164,1270 خرج لباس شد,shopping
3165,230 خرج کیف شد,shopping
3166,3470 خرج کنسرت شد,entertainment
3167,400 تومن برای اسنپ دادم,transport
3168,1820 تومن کرایه رفت و برگشت گرفتم,transport
3169,بازی 1960 تومن شد,entertainment
3170,اجاره 1750 تومن شد,housing
3171,1500 تومن برای دارو دادم,health
3172,شهربازی 1370 تومن شد,entertainment
3173,1130 تومن برای کباب دادم,food
3174,4240 تومن کیف گرفتم,shopping
3175,تفریح خریدم 4360,entertainment
3176,50 خرج فلافل شد,food
3177,1540 تومن برای شهربازی دادم,entertainment
3178,پیتزا 1810 تومن شد,food
3179,60 تومن شهربازی گرفتم,entertainment
3180,1030 تومن بازی گرفتم,entertainment
3181,دندانپزشک 4620 تومن شد,health
3182,سینما خریدم 4690,entertainment
3183,3950 تومن برای ناهار دادم,food
3184,2040 تومن برای مترو دادم,transport
3185,قبض برق 2210 تومن شد,housing
3186,ویزیت خریدم 570,health
3187,کفش 840 تومن شد,shopping
3188,2240 تومن اینترنت خونه گرفتم,housing
3189,1030 تومن اینترنت خونه گرفتم,housing
3190,اتوبوس 220 تومن شد,transport
3191,3820 تومن برای بازی دادم,entertainment
3192,ناهار 3430 تومن شد,food
3193,1380 تومن اشتراک فیلم گرفتم,entertainment
3194,بازی خریدم 2830,entertainment
3195,670 تومن برای لوازم تحریر دادم,shopping
3196,تفریح خریدم 3730,entertainment
3197,4920 تومن تاکسی گرفتم,transport
3198,810 تومن برای ناهار دادم,food
3199,دارو 3940 تومن شد,health
3200,2210 خرج فلافل شد,food
3201,خرید سوپر خریدم 2240,shopping
3202,2500 تومن قبض برق گرفتم,housing
3203,کنسرت 3180 تومن شد,entertainment
3204,کیف 970 تومن شد,shopping
3205,4440 تومن برای اجاره دادم,housing
3206,میوه خریدم 3430,shopping
3207,3630 تومن مترو گرفتم,transport
3208,2590 خرج لوازم تحریر شد,shopping
3209,4390 خرج اسنپ شد,transport
3210,لوازم تحریر 780 تومن شد,shopping
3211,2070 تومن ناهار گرفتم,food
3212,شارژ ساختمان 4770 تومن شد,housing
3213,سینما 3170 تومن شد,entertainment
3214,پیتزا خریدم 1960,food
3215,ویزیت 3600 تومن شد,health
3216,اتوبوس خریدم 2200,transport
3217,2200 تومن صبحونه گرفتم,food
3218,1390 تومن برای اجاره دادم,housing
3219,قبض برق خریدم 3660,housing
3220,4600 تومن اتوبوس گرفتم,transport
3221,20 تومن تاکسی گرفتم,transport
3222,لوازم تحریر 1660 تومن شد,shopping
3223,1450 خرج قبض آب شد,housing
3224,960 تومن برای کباب دادم,food
3225,1730 تومن برای شهربازی دادم,entertainment
3226,3440 تومن ساندویچ گرفتم,food
3227,کیف 3960 تومن شد,shopping
3228,3810 تومن برای قبض برق دادم,housing
3229,2720 خرج کیف شد,shopping
3230,3340 تومن برای شارژ ساختمان دادم,housing
3231,1980 تومن کرایه رفت و برگشت گرفتم,transport
3232,3240 خرج ناهار شد,food
3233,پیتزا 3020 تومن شد,food
3234,2300 تومن بنزین گرفتم,transport
3235,3180 تومن برای صبحونه دادم,food
3236,اینترنت خونه 2440 تومن شد,housing
3237,800 تومن درمان گرفتم,health
3238,2160 خرج اسنپ شد,transport
3239,4580 خرج لباس شد,shopping
3240,2310 تومن قبض برق گرفتم,housing
3241,سینما خریدم 2490,entertainment
3242,4060 تومن دندانپزشک گرفتم,health
3243,کرایه رفت و برگشت 1420 تومن شد,transport
3244,4910 خرج اجاره شد,housing
3245,شام خریدم 3810,food
3246,2740 خرج اشتراک فیلم شد,entertainment
3247,2260 خرج ناهار شد,food
3248,تفریح خریدم 4010,entertainment
3249,تفریح 1410 تومن شد,entertainment
3250,830 خرج تاکسی شد,transport
3251,3580 تومن کرایه رفت و برگشت گرفتم,transport
3252,2590 خرج آزمایش شد,health
3253,قبض برق 4380 تومن شد,housing
3254,1390 خرج اینترنت خونه شد,housing
3255,1160 تومن ناهار گرفتم,food
3256,1510 تومن دکتر گرفتم,health
3257,4840 تومن برای میوه دادم,shopping
3258,4490 تومن اتوبوس گرفتم,transport
3259,میوه 4230 تومن شد,shopping
3260,20 تومن برای دارو دادم,health
3261,4990 تومن برای کیف دادم,shopping
3262,4860 خرج اجاره شد,housing
3263,اینترنت خونه خریدم 700,housing
3264,1680 تومن ویزیت گرفتم,health
3265,4230 تومن برای خرید سوپر دادم,shopping
3266,4960 تومن برای بنزین دادم,transport
3267,4990 تومن اتوبوس گرفتم,transport
3268,4460 خرج درمان شد,health
3269,4860 تومن برای کباب دادم,food
3270,3110 خرج لوازم تحریر شد,shopping
3271,1140 تومن برای مترو دادم,transport
3272,شارژ ساختمان خریدم 2990,housing
3273,مترو خریدم 1200,transport
3274,شارژ ساختمان خریدم 4630,housing
3275,قهوه خریدم 940,food
3276,980 خرج اسنپ شد,transport
3277,940 تومن برای اشتراک فیلم دادم,entertainment
3278,برگر 850 تومن شد,food
3279,اشتراک فیلم 3130 تومن شد,entertainment
3280,ناهار خریدم 380,food
3281,مترو خریدم 4670,transport
3282,720 تومن صبحونه گرفتم,food
3283,دارو خریدم 1950,health
3284,4250 تومن ساندویچ گرفتم,food
3285,خرید سوپر 690 تومن شد,shopping
3286,750 خرج برگر شد,food
3287,4920 تومن پیتزا گرفتم,food
3288,4200 تومن برای درمان دادم,health
3289,خرید سوپر 1050 تومن شد,shopping
3290,تفریح خریدم 4580,entertainment
3291,اتوبوس خریدم 1710,transport
3292,300 خرج اسنپ شد,transport
3293,3230 خرج لباس شد,shopping
3294,4240 تومن پیتزا گرفتم,food
3295,1530 تومن صبحونه گرفتم,food
3296,740 تومن آزمایش گرفتم,health
3297,تاکسی خریدم 1180,transport
3298,1820 تومن برای کنسرت دادم,entertainment
3299,1980 تومن بنزین گرفتم,transport
3300,کنسرت 580 تومن شد,entertainment
3301,1840 تومن برگر گرفتم,food
3302,620 تومن برای ویزیت دادم,health
3303,پیتزا 3110 تومن شد,food
3304,2730 تومن برای مترو دادم,transport
3305,دکتر خریدم 3490,health
3306,3530 تومن برای بنزین دادم,transport
3307,1800 تومن ویزیت گرفتم,health
3308,3400 تومن برای قبض آب دادم,housing
3309,4100 تومن اینترنت خونه گرفتم,housing
3310,ناهار 4000 تومن شد,food
3311,شارژ ساختمان خریدم 2010,housing
3312,4190 تومن کفش گرفتم,shopping
3313,4930 تومن برای کباب دادم,food
3314,تاکسی 1670 تومن شد,transport
3315,1820 تومن برای مترو دادم,transport
3316,بازی خریدم 2480,entertainment
3317,درمان 1720 تومن شد,health
3318,میوه خریدم 1980,shopping
3319,2770 خرج آزمایش شد,health
3320,تفریح 2760 تومن شد,entertainment
3321,سینما خریدم 2990,entertainment
3322,دندانپزشک 3990 تومن شد,health
3323,1220 تومن برای خرید سوپر دادم,shopping
3324,4370 تومن شام گرفتم,food
3325,قبض گاز 2440 تومن شد,housing
3326,4680 تومن برای پیتزا دادم,food
3327,شارژ ساختمان خریدم 1520,housing
3328,کرایه رفت و برگشت خریدم 4990,transport
3329,اسنپ 4250 تومن شد,transport
3330,ناهار 620 تومن شد,food
3331,اشتراک فیلم خریدم 150,entertainment
3332,3610 تومن اجاره گرفتم,housing
3333,کیف خریدم 390,shopping
3334,دکتر 170 تومن شد,health
3335,شارژ ساختمان 420 تومن شد,housing
3336,پیتزا خریدم 2930,food
3337,اسنپ 2420 تومن شد,transport
3338,3590 تومن برای کیف دادم,shopping
3339,3710 تومن برای بازی دادم,entertainment
3340,3570 تومن اشتراک فیلم گرفتم,entertainment
3341,810 تومن اجاره گرفتم,housing
3342,خرید سوپر 3110 تومن شد,shopping
3343,دکتر خریدم 70,health
3344,اشتراک فیلم خریدم 4870,entertainment
3345,4260 تومن برای درمان دادم,health
3346,دندانپزشک 1580 تومن شد,health
3347,1410 تومن کنسرت گرفتم,entertainment
3348,آزمایش 4880 تومن شد,health
3349,2070 خرج میوه شد,shopping
3350,شام 2020 تومن شد,food
3351,3110 تومن کیف گرفتم,shopping
3352,2460 تومن برای کفش دادم,shopping
3353,لوازم تحریر خریدم 2090,shopping
3354,4130 تومن برای تاکسی دادم,transport
3355,1010 تومن برای کفش دادم,shopping
3356,410 تومن برای ساندویچ دادم,food
3357,ویزیت 160 تومن شد,health
3358,2790 تومن شارژ ساختمان گرفتم,housing
3359,3070 تومن شام گرفتم,food
3360,شارژ ساختمان 2840 تومن شد,housing
3361,1250 تومن برای خرید سوپر دادم,shopping
3362,پیتزا خریدم 2900,food
3363,1630 تومن پیتزا گرفتم,food
3364,1840 تومن برای اجاره دادم,housing
3365,1010 تومن برای تفریح دادم,entertainment
3366,اشتراک فیلم 1840 تومن شد,entertainment
3367,510 تومن برای لوازم تحریر دادم,shopping
3368,2590 تومن اشتراک فیلم گرفتم,entertainment
3369,140 خرج دکتر شد,health
3370,3020 تومن بازی گرفتم,entertainment
3371,شارژ ساختمان خریدم 790,housing
3372,ساندویچ 4890 تومن شد,food
3373,بنزین 3360 تومن شد,transport
3374,4950 خرج میوه شد,shopping
3375,3130 خرج درمان شد,health
3376,قبض آب 4040 تومن شد,housing
3377,1860 خرج قبض برق شد,housing
3378,سینما خریدم 4580,entertainment
3379,3140 خرج اسنپ شد,transport
3380,ناهار خریدم 2920,food
3381,750 تومن برای پیتزا دادم,food
3382,2570 تومن دارو گرفتم,health
3383,880 تومن برای شهربازی دادم,entertainment
3384,1450 خرج تاکسی شد,transport
3385,470 تومن قبض برق گرفتم,housing
3386,بنزین خریدم 3970,transport
3387,قبض آب خریدم 1330,housing
3388,4830 تومن میوه گرفتم,shopping
3389,220 تومن برای آزمایش دادم,health
3390,2110 خرج قبض آب شد,housing
3391,2270 تومن برای میوه دادم,shopping
3392,4890 تومن برای دندانپزشک دادم,health
3393,اجاره خریدم 3510,housing
3394,1360 تومن آزمایش گرفتم,health
3395,درمان 310 تومن شد,health
3396,کیف 60 تومن شد,shopping
3397,برگر 1940 تومن شد,food
3398,4390 تومن آزمایش گرفتم,health
3399,مترو خریدم 4490,transport
3400,خرید سوپر خریدم 1800,shopping
3401,اشتراک فیلم خریدم 2750,entertainment
3402,940 تومن ساندویچ گرفتم,food
3403,بازی خریدم 1040,entertainment
3404,1640 تومن برای اجاره دادم,housing
3405,آزمایش خریدم 1100,health
3406,2340 تومن برگر گرفتم,food
3407,دکتر خریدم 4870,health
3408,1110 تومن برای بنزین دادم,transport
3409,دارو خریدم 3090,health
3410,فلافل خریدم 4060,food
3411,کنسرت 290 تومن شد,entertainment
3412,1400 تومن برای کباب دادم,food
3413,میوه 440 تومن شد,shopping
3414,2090 تومن برگر گرفتم,food
3415,اینترنت خونه خریدم 2330,housing
3416,3440 تومن برای دکتر دادم,health
3417,تاکسی خریدم 490,transport
3418,قبض برق 860 تومن شد,housing
3419,قبض آب خریدم 2480,housing
3420,درمان 4030 تومن شد,health
3421,1830 خرج کفش شد,shopping
3422,2890 خرج سینما شد,entertainment
3423,3720 خرج تاکسی شد,transport
3424,1670 تومن برای دکتر دادم,health
3425,ناهار خریدم 4610,food
3426,4440 تومن برای مترو دادم,transport
3427,1360 خرج کباب شد,food
3428,خرید سوپر 2320 تومن شد,shopping
3429,3290 خرج کفش شد,shopping
3430,پیتزا 1130 تومن شد,food
3431,اشتراک فیلم 2810 تومن شد,entertainment
3432,1120 تومن برای آزمایش دادم,health
3433,4990 خرج اسنپ شد,transport
3434,4180 تومن برای فلافل دادم,food
3435,4610 تومن برای برگر دادم,food
3436,دارو خریدم 3600,health
3437,کفش خریدم 2130,shopping
3438,4260 خرج قبض برق شد,housing
3439,3930 تومن برای تفریح دادم,entertainment
3440,ناهار خریدم 2360,food
3441,2850 خرج شارژ ساختمان شد,housing
3442,کرایه رفت و برگشت خریدم 2250,transport
3443,اینترنت خونه خریدم 3540,housing
3444,3610 خرج لباس شد,shopping
3445,4140 تومن ساندویچ گرفتم,food
3446,پیتزا خریدم 3170,food
3447,3850 خرج قهوه شد,food
3448,دارو خریدم 3260,health
3449,4140 تومن دندانپزشک گرفتم,health
3450,لباس خریدم 4380,shopping
3451,اسنپ خریدم 3990,transport
3452,آزمایش 600 تومن شد,health
3453,سینما خریدم 1810,entertainment
3454,اشتراک فیلم خریدم 3620,entertainment
3455,فلافل 4020 تومن شد,food
3456,1390 تومن برای ویزیت دادم,health
3457,قبض آب 3460 تومن شد,housing
3458,180 تومن کباب گرفتم,food
3459,4060 تومن برای ناهار دادم,food
3460,3090 تومن برای درمان دادم,health
3461,4930 خرج شارژ ساختمان شد,housing
3462,کنسرت خریدم 2860,entertainment
3463,کرایه رفت و برگشت خریدم 3310,transport
3464,کباب خریدم 670,food
3465,2080 تومن برای میوه دادم,shopping
3466,دکتر 2250 تومن شد,health
3467,2600 تومن ناهار گرفتم,food
3468,کیف خریدم 4030,shopping
3469,4300 خرج لباس شد,shopping
3470,1060 تومن اتوبوس گرفتم,transport
3471,2250 تومن پیتزا گرفتم,food
3472,800 تومن کیف گرفتم,shopping
3473,2800 تومن درمان گرفتم,health
3474,آزمایش 140 تومن شد,health
3475,3250 تومن برای اشتراک فیلم دادم,entertainment
3476,اسنپ 3360 تومن شد,transport
3477,شارژ ساختمان 2760 تومن شد,housing
3478,3960 تومن برای کفش دادم,shopping
3479,1420 تومن خرید سوپر گرفتم,shopping
3480,130 خرج بنزین شد,transport
3481,2370 خرج ساندویچ شد,food
3482,740 تومن برای ساندویچ دادم,food
3483,490 تومن شارژ ساختمان گرفتم,housing
3484,شهربازی 4690 تومن شد,entertainment
3485,2530 تومن سینما گرفتم,entertainment
3486,2510 تومن سینما گرفتم,entertainment
3487,بنزین خریدم 2160,transport
3488,اینترنت خونه خریدم 4670,housing
3489,1540 تومن اسنپ گرفتم,transport
3490,2920 خرج بنزین شد,transport
3491,1770 تومن برای ساندویچ دادم,food
3492,3090 خرج تفریح شد,entertainment
3493,2690 تومن برای ناهار دادم,food
3494,3120 تومن شام گرفتم,food
3495,2670 خرج دارو شد,health
3496,4450 تومن برای اسنپ دادم,transport
3497,170 تومن برای شام دادم,food
3498,اسنپ 440 تومن شد,transport
3499,قبض برق 2480 تومن شد,housing
3500,3640 خرج فلافل شد,food
3501,لباس خریدم 2410,shopping
3502,تفریح خریدم 4860,entertainment
3503,اتوبوس 900 تومن شد,transport
3504,لوازم تحریر خریدم 1450,shopping
3505,برگر 860 تومن شد,food
3506,کفش خریدم 2230,shopping
3507,3840 تومن برای تفریح دادم,entertainment
3508,570 خرج قبض گاز شد,housing
3509,1040 خرج بازی شد,entertainment
3510,4610 تومن قبض برق گرفتم,housing
3511,4570 تومن کنسرت گرفتم,entertainment
3512,ویزیت خریدم 3020,health
3513,4250 خرج قبض گاز شد,housing
3514,170 تومن قبض آب گرفتم,housing
3515,اتوبوس 2210 تومن شد,transport
3516,شارژ ساختمان 390 تومن شد,housing
3517,لباس 1920 تومن شد,shopping
3518,60 تومن برای اجاره دادم,housing
3519,3690 تومن برای خرید سوپر دادم,shopping
3520,2920 تومن برای مترو دادم,transport
3521,کرایه رفت و برگشت خریدم 350,transport
3522,1100 خرج قبض گاز شد,housing
3523,2890 تومن برای تاکسی دادم,transport
3524,4860 تومن کیف گرفتم,shopping
3525,درمان خریدم 2170,health
3526,قبض برق 1030 تومن شد,housing
3527,2570 تومن قهوه گرفتم,food
3528,630 تومن قبض آب گرفتم,housing
3529,3090 تومن برای کنسرت دادم,entertainment
3530,1230 خرج آزمایش شد,health
3531,110 خرج برگر شد,food
3532,قهوه 1470 تومن شد,food
3533,4600 خرج سینما شد,entertainment
3534,1740 تومن دارو گرفتم,health
3535,قهوه خریدم 500,food
3536,1420 تومن برای لباس دادم,shopping
3537,420 خرج قبض آب شد,housing
3538,3150 تومن قبض آب گرفتم,housing
3539,شهربازی خریدم 3580,entertainment
3540,4970 تومن اشتراک فیلم گرفتم,entertainment
3541,540 تومن قبض گاز گرفتم,housing
3542,4240 تومن تاکسی گرفتم,transport
3543,تاکسی خریدم 1670,transport
3544,اسنپ 470 تومن شد,transport
3545,4190 خرج لباس شد,shopping
3546,1340 تومن پیتزا گرفتم,food
3547,4860 تومن برای پیتزا دادم,food
3548,1700 خرج برگر شد,food
3549,شهربازی 3590 تومن شد,entertainment
3550,2370 تومن کرایه رفت و برگشت گرفتم,transport
3551,اتوبوس 4430 تومن شد,transport
3552,آزمایش خریدم 3280,health
3553,2690 خرج خرید سوپر شد,shopping
3554,کرایه رفت و برگشت خریدم 2460,transport
3555,قبض برق خریدم 3970,housing
3556,1370 تومن برای تاکسی دادم,transport
3557,1820 خرج خرید سوپر شد,shopping
3558,بنزین 3330 تومن شد,transport
3559,خرید سوپر خریدم 400,shopping
3560,شام 80 تومن شد,food
3561,بازی خریدم 980,entertainment
3562,1080 خرج فلافل شد,food
3563,4410 تومن برای دندانپزشک دادم,health
3564,اینترنت خونه 2340 تومن شد,housing
3565,دارو 4700 تومن شد,health
3566,اتوبوس خریدم 1990,transport
3567,دندانپزشک خریدم 1050,health
3568,تاکسی خریدم 1440,transport
3569,1590 خرج بنزین شد,transport
3570,خرید سوپر خریدم 770,shopping
3571,1250 تومن ساندویچ گرفتم,food
3572,1380 تومن کنسرت گرفتم,entertainment
3573,اشتراک فیلم خریدم 2730,entertainment
3574,620 خرج قبض برق شد,housing
3575,فلافل 2220 تومن شد,food
3576,مترو خریدم 2590,transport
3577,ویزیت خریدم 290,health
3578,520 تومن قبض برق گرفتم,housing
3579,کفش خریدم 3760,shopping
3580,اتوبوس خریدم 980,transport
3581,1430 خرج کرایه رفت و برگشت شد,transport
3582,آزمایش خریدم 2670,health
3583,پیتزا 3320 تومن شد,food
3584,600 تومن شام گرفتم,food
3585,1240 تومن برگر گرفتم,food
3586,دارو 1430 تومن شد,health
3587,درمان خریدم 3680,health
3588,بازی 530 تومن شد,entertainment
3589,لوازم تحریر خریدم 1390,shopping
3590,اسنپ 4040 تومن شد,transport
3591,1490 خرج اینترنت خونه شد,housing
3592,30 تومن اینترنت خونه گرفتم,housing
3593,4660 خرج کرایه رفت و برگشت شد,transport
3594,اشتراک فیلم 1580 تومن شد,entertainment
3595,3500 تومن اتوبوس گرفتم,transport
3596,اسنپ خریدم 1720,transport
3597,تاکسی خریدم 3430,transport
3598,شهربازی 120 تومن شد,entertainment
3599,890 تومن اجاره گرفتم,housing
3600,ویزیت خریدم 4980,health
3601,دارو 2520 تومن شد,health
3602,250 تومن سینما گرفتم,entertainment
3603,درمان 1500 تومن شد,health
3604,دندانپزشک 870 تومن شد,health
3605,1570 تومن برای ساندویچ دادم,food
3606,3780 تومن برای بازی دادم,entertainment
3607,ویزیت خریدم 3410,health
3608,2360 تومن قبض برق گرفتم,housing
3609,3650 تومن برای قبض برق دادم,housing
3610,4400 خرج درمان شد,health
3611,1400 خرج سینما شد,entertainment
3612,لوازم تحریر 120 تومن شد,shopping
3613,کنسرت 3390 تومن شد,entertainment
3614,قبض آب 170 تومن شد,housing
3615,درمان خریدم 3580,health
3616,3830 تومن شارژ ساختمان گرفتم,housing
3617,3290 تومن مترو گرفتم,transport
3618,3490 خرج اینترنت خونه شد,housing
3619,910 تومن برای تفریح دادم,entertainment
3620,4560 تومن برای لباس دادم,shopping
3621,2150 تومن برای تفریح دادم,entertainment
3622,230 خرج شارژ ساختمان شد,housing
3623,1770 خرج درمان شد,health
3624,کباب خریدم 4090,food
3625,1490 تومن ویزیت گرفتم,health
3626,قهوه 4760 تومن شد,food
3627,780 خرج اشتراک فیلم شد,entertainment
3628,قبض گاز 2870 تومن شد,housing
3629,1490 تومن قبض آب گرفتم,housing
3630,2340 تومن اجاره گرفتم,housing
3631,4240 خرج اتوبوس شد,transport
3632,2520 تومن برای پیتزا دادم,food
3633,1820 تومن کباب گرفتم,food
3634,720 تومن برای برگر دادم,food
3635,3420 خرج قبض گاز شد,housing
3636,3670 تومن برای تاکسی دادم,transport
3637,بنزین خریدم 1020,transport
3638,دارو 1500 تومن شد,health
3639,4790 تومن برای قهوه دادم,food
3640,بنزین خریدم 3280,transport
3641,4970 تومن بازی گرفتم,entertainment
3642,3070 تومن برای قبض برق دادم,housing
3643,2250 تومن برای کرایه رفت و برگشت دادم,transport
3644,دکتر 3510 تومن شد,health
3645,2150 خرج شارژ ساختمان شد,housing
3646,1580 تومن اتوبوس گرفتم,transport
3647,قبض گاز خریدم 4760,housing
3648,دکتر خریدم 1940,health
3649,ناهار خریدم 2710,food
3650,2590 تومن برای لباس دادم,shopping
3651,شهربازی خریدم 2200,entertainment
3652,2380 تومن بازی گرفتم,entertainment
3653,دارو خریدم 4920,health
3654,3160 تومن برای ناهار دادم,food
3655,2640 تومن برای کرایه رفت و برگشت دادم,transport
3656,2800 خرج کرایه رفت و برگشت شد,transport
3657,اجاره خریدم 3880,housing
3658,3450 تومن مترو گرفتم,transport
3659,2370 تومن تفریح گرفتم,entertainment
3660,1400 تومن پیتزا گرفتم,food
3661,510 تومن برای قبض گاز دادم,housing
3662,3550 تومن برای آزمایش دادم,health
3663,3810 خرج ساندویچ شد,food
3664,3800 تومن کیف گرفتم,shopping
3665,میوه 2660 تومن شد,shopping
3666,درمان خریدم 4970,health
3667,اسنپ 4600 تومن شد,transport
3668,1610 تومن اینترنت خونه گرفتم,housing
3669,تفریح 3540 تومن شد,entertainment
3670,ساندویچ 20 تومن شد,food
3671,2680 تومن دارو گرفتم,health
3672,اسنپ خریدم 550,transport
3673,صبحونه خریدم 2290,food
3674,ساندویچ خریدم 1550,food
3675,کنسرت 4210 تومن شد,entertainment
3676,4220 خرج ویزیت شد,health
3677,4410 خرج کفش شد,shopping
3678,760 تومن کباب گرفتم,food
3679,اسنپ 4210 تومن شد,transport
3680,3810 خرج کرایه رفت و برگشت شد,transport
3681,2470 تومن برای مترو دادم,transport
3682,530 خرج اینترنت خونه شد,housing
3683,3430 تومن برای شهربازی دادم,entertainment
3684,3590 تومن بازی گرفتم,entertainment
3685,بازی خریدم 4180,entertainment
3686,تاکسی خریدم 1470,transport
3687,70 خرج کباب شد,food
3688,3320 خرج اجاره شد,housing
3689,4660 تومن برای سینما دادم,entertainment
3690,مترو خریدم 4530,transport
3691,830 تومن برای اجاره دادم,housing
3692,1090 تومن برای دندانپزشک دادم,health
3693,2010 خرج کیف شد,shopping
3694,ناهار 3370 تومن شد,food
3695,3700 خرج اینترنت خونه شد,housing
3696,قبض آب 3680 تومن شد,housing
3697,اینترنت خونه خریدم 1570,housing
3698,قهوه خریدم 1940,food
3699,940 خرج درمان شد,health
3700,3990 خرج کیف شد,shopping
3701,3590 تومن برای شارژ ساختمان دادم,housing
3702,1800 خرج دندانپزشک شد,health
3703,360 تومن آزمایش گرفتم,health
3704,1200 تومن ناهار گرفتم,food
3705,خرید سوپر خریدم 2570,shopping
3706,شارژ ساختمان 3970 تومن شد,housing
3707,ناهار خریدم 3740,food
3708,330 خرج سینما شد,entertainment
3709,210 تومن اجاره گرفتم,housing
3710,3120 تومن شهربازی گرفتم,entertainment
3711,اتوبوس خریدم 570,transport
3712,3280 خرج کنسرت شد,entertainment
3713,1020 تومن برای دکتر دادم,health
3714,3490 تومن برای بازی دادم,entertainment
3715,اسنپ 3810 تومن شد,transport
3716,تفریح 4160 تومن شد,entertainment
3717,3240 تومن پیتزا گرفتم,food
3718,تاکسی 4160 تومن شد,transport
3719,فلافل خریدم 3980,food
3720,4440 تومن دندانپزشک گرفتم,health
3721,3510 خرج شارژ ساختمان شد,housing
3722,کنسرت 4280 تومن شد,entertainment
3723,2580 تومن برای آزمایش دادم,health
3724,4620 خرج قبض گاز شد,housing
3725,تاکسی خریدم 2260,transport
3726,4490 تومن کفش گرفتم,shopping
3727,670 خرج دارو شد,health
3728,اجاره خریدم 620,housing
3729,3090 خرج تاکسی شد,transport
3730,1160 تومن برای اجاره دادم,housing
3731,3620 تومن برای قبض آب دادم,housing
3732,4970 تومن برای ناهار دادم,food
3733,صبحونه 2960 تومن شد,food
3734,2580 تومن برای دندانپزشک دادم,health
3735,310 خرج تفریح شد,entertainment
3736,خرید سوپر خریدم 3000,shopping
3737,170 تومن اینترنت خونه گرفتم,housing
3738,قبض آب 1350 تومن شد,housing
3739,اجاره 730 تومن شد,housing
3740,1700 تومن درمان گرفتم,health
3741,390 خرج مترو شد,transport
3742,4290 تومن درمان گرفتم,health
3743,اجاره خریدم 4880,housing
3744,3150 تومن درمان گرفتم,health
3745,آزمایش 4860 تومن شد,health
3746,230 تومن اینترنت خونه گرفتم,housing
3747,قهوه 2610 تومن شد,food
3748,لباس خریدم 2220,shopping
3749,120 تومن شارژ ساختمان گرفتم,housing
3750,2750 خرج شام شد,food
3751,3520 تومن اشتراک فیلم گرفتم,entertainment
3752,آزمایش خریدم 280,health
3753,اشتراک فیلم خریدم 660,entertainment
3754,کفش 2830 تومن شد,shopping
3755,620 خرج قهوه شد,food
3756,1010 تومن برای قبض برق دادم,housing
3757,سینما 1230 تومن شد,entertainment
3758,پیتزا خریدم 1180,food
3759,2920 تومن کیف گرفتم,shopping
3760,4180 تومن شام گرفتم,food
3761,پیتزا خریدم 660,food
3762,240 تومن برای اتوبوس دادم,transport
3763,قبض گاز 3370 تومن شد,housing
3764,شارژ ساختمان خریدم 3120,housing
3765,640 تومن اشتراک فیلم گرفتم,entertainment
3766,4820 خرج برگر شد,food
3767,3630 تومن برای مترو دادم,transport
3768,3670 تومن برای مترو دادم,transport
3769,قبض گاز 1510 تومن شد,housing
3770,1650 خرج ویزیت شد,health
3771,290 تومن برای دارو دادم,health
3772,4880 خرج اشتراک فیلم شد,entertainment
3773,شهربازی 420 تومن شد,entertainment
3774,1200 تومن برای کرایه رفت و برگشت دادم,transport
3775,1090 تومن کیف گرفتم,shopping
3776,اینترنت خونه 4190 تومن شد,housing
3777,شام خریدم 3590,food
3778,4890 تومن کفش گرفتم,shopping
3779,4300 تومن قهوه گرفتم,food
3780,قبض برق خریدم 3030,housing
3781,320 تومن برای اجاره دادم,housing
3782,2550 تومن آزمایش گرفتم,health
3783,2290 تومن بازی گرفتم,entertainment
3784,اسنپ 1960 تومن شد,transport
3785,2740 تومن کفش گرفتم,shopping
3786,180 خرج لباس شد,shopping
3787,4670 خرج اجاره شد,housing
3788,4160 خرج قبض برق شد,housing
3789,1760 خرج تاکسی شد,transport
3790,4020 تومن بازی گرفتم,entertainment
3791,2000 تومن برای صبحونه دادم,food
3792,2190 خرج آزمایش شد,health
3793,3950 خرج کیف شد,shopping
3794,شارژ ساختمان خریدم 4930,housing
3795,اشتراک فیلم 4750 تومن شد,entertainment
3796,1450 تومن برای تاکسی دادم,transport
3797,3960 خرج شام شد,food
3798,قبض برق خریدم 2940,housing
3799,1870 تومن برای برگر دادم,food
3800,4020 خرج لباس شد,shopping
3801,1590 خرج ساندویچ شد,food
3802,4300 تومن برای لباس دادم,shopping
3803,2380 تومن مترو گرفتم,transport
3804,2400 تومن سینما گرفتم,entertainment
3805,3280 خرج قبض آب شد,housing
3806,310 خرج مترو شد,transport
3807,4610 خرج برگر شد,food
3808,4900 تومن ویزیت گرفتم,health
3809,1340 تومن برای کنسرت دادم,entertainment
3810,قبض آب 670 تومن شد,housing
3811,770 خرج میوه شد,shopping
3812,1210 تومن خرید سوپر گرفتم,shopping
3813,960 خرج خرید سوپر شد,shopping
3814,1640 تومن تفریح گرفتم,entertainment
3815,1180 تومن درمان گرفتم,health
3816,1330 تومن لباس گرفتم,shopping
3817,2780 تومن لباس گرفتم,shopping
3818,1810 تومن دکتر گرفتم,health
3819,2290 تومن صبحونه گرفتم,food
3820,دارو 1230 تومن شد,health
3821,قبض گاز خریدم 1920,housing
3822,4500 تومن برای کباب دادم,food
3823,1690 خرج تاکسی شد,transport
3824,2100 تومن برای قبض برق دادم,housing
3825,3200 تومن شهربازی گرفتم,entertainment
3826,240 تومن برای اتوبوس دادم,transport
3827,150 تومن کرایه رفت و برگشت گرفتم,transport
3828,4150 تومن برای دکتر دادم,health
3829,4010 خرج درمان شد,health
3830,درمان 1780 تومن شد,health
3831,تفریح 180 تومن شد,entertainment
3832,420 تومن اشتراک فیلم گرفتم,entertainment
3833,2590 خرج کرایه رفت و برگشت شد,transport
3834,کیف خریدم 3770,shopping
3835,640 خرج درمان شد,health
3836,3390 خرج قهوه شد,food
3837,1640 تومن برای آزمایش دادم,health
3838,کرایه رفت و برگشت 1520 تومن شد,transport
3839,4110 تومن برای شارژ ساختمان دادم,housing
3840,1630 تومن مترو گرفتم,transport
3841,میوه خریدم 2290,shopping
3842,1820 خرج اجاره شد,housing
3843,4700 تومن برای دارو دادم,health
3844,کفش 3110 تومن شد,shopping
3845,1190 خرج بازی شد,entertainment
3846,کرایه رفت و برگشت خریدم 1270,transport
3847,کیف 3420 تومن شد,shopping
3848,4090 تومن برای ویزیت دادم,health
3849,620 تومن قبض برق گرفتم,housing
3850,بازی 2600 تومن شد,entertainment
3851,آزمایش 3250 تومن شد,health
3852,مترو 90 تومن شد,transport
3853,1360 خرج کباب شد,food
3854,3820 تومن کفش گرفتم,shopping
3855,تاکسی خریدم 4280,transport
3856,ناهار 390 تومن شد,food
3857,دندانپزشک خریدم 4720,health
3858,شهربازی خریدم 670,entertainment
3859,1250 تومن برای کیف دادم,shopping
3860,4610 تومن برای فلافل دادم,food
3861,3170 تومن دندانپزشک گرفتم,health
3862,390 تومن برای خرید سوپر دادم,shopping
3863,بازی خریدم 3240,entertainment
3864,کفش خریدم 1500,shopping
3865,میوه 3770 تومن شد,shopping
3866,4710 خرج کیف شد,shopping
3867,4600 تومن ناهار گرفتم,food
3868,دندانپزشک خریدم 1910,health
3869,شهربازی 2260 تومن شد,entertainment
3870,3030 تومن برای درمان دادم,health
3871,شام خریدم 1540,food
3872,2900 خرج اجاره شد,housing
3873,دندانپزشک خریدم 2620,health
3874,1980 تومن برای قبض برق دادم,housing
3875,اسنپ 230 تومن شد,transport
3876,1440 خرج تفریح شد,entertainment
3877,520 تومن برای ویزیت دادم,health
3878,620 تومن برای شارژ ساختمان دادم,housing
3879,قبض آب 2260 تومن شد,housing
3880,4820 تومن برای اتوبوس دادم,transport
3881,دارو 4750 تومن شد,health
3882,740 تومن لباس گرفتم,shopping
3883,4310 خرج کرایه رفت و برگشت شد,transport
3884,3080 تومن تاکسی گرفتم,transport
3885,دندانپزشک 4110 تومن شد,health
3886,4280 تومن قهوه گرفتم,food
3887,1460 خرج شارژ ساختمان شد,housing
3888,2290 خرج اشتراک فیلم شد,entertainment
3889,1530 تومن مترو گرفتم,transport
3890,4720 تومن لوازم تحریر گرفتم,shopping
3891,2540 تومن برای بازی دادم,entertainment
3892,1440 تومن ناهار گرفتم,food
3893,اجاره 3830 تومن شد,housing
3894,خرید سوپر 1690 تومن شد,shopping
3895,ویزیت خریدم 1430,health
3896,2640 تومن لوازم تحریر گرفتم,shopping
3897,1630 تومن لوازم تحریر گرفتم,shopping
3898,4790 خرج سینما شد,entertainment
3899,4320 خرج شارژ ساختمان شد,housing
3900,200 تومن لوازم تحریر گرفتم,shopping
3901,اسنپ خریدم 3020,transport
3902,1020 تومن برای بنزین دادم,transport
3903,کنسرت 2500 تومن شد,entertainment
3904,کفش 1460 تومن شد,shopping
3905,4500 تومن بنزین گرفتم,transport
3906,درمان 3850 تومن شد,health
3907,کباب خریدم 360,food
3908,دندانپزشک 1080 تومن شد,health
3909,3540 تومن برای کباب دادم,food
3910,3250 خرج آزمایش شد,health
3911,بنزین خریدم 1800,transport
3912,درمان 4900 تومن شد,health
3913,4500 تومن برای شارژ ساختمان دادم,housing
3914,کفش خریدم 2520,shopping
3915,ویزیت خریدم 2800,health
3916,1140 تومن اجاره گرفتم,housing
3917,قبض آب خریدم 4980,housing
3918,شارژ ساختمان خریدم 3410,housing
3919,2390 تومن برای ناهار دادم,food
3920,خرید سوپر خریدم 1790,shopping
3921,میوه خریدم 3980,shopping
3922,تفریح 2120 تومن شد,entertainment
3923,1390 خرج برگر شد,food
3924,330 خرج مترو شد,transport
3925,3470 تومن برای قبض برق دادم,housing
3926,بازی خریدم 4160,entertainment
3927,1350 تومن بازی گرفتم,entertainment
3928,قبض آب 3740 تومن شد,housing
3929,4210 تومن اینترنت خونه گرفتم,housing
3930,قبض آب 2110 تومن شد,housing
3931,دکتر 2760 تومن شد,health
3932,4870 خرج خرید سوپر شد,shopping
3933,680 خرج ویزیت شد,health
3934,4880 تومن دارو گرفتم,health
3935,4010 تومن برای سینما دادم,entertainment
3936,340 تومن قبض گاز گرفتم,housing
3937,1870 خرج دکتر شد,health
3938,4310 خرج اسنپ شد,transport
3939,1190 تومن برای اشتراک فیلم دادم,entertainment
3940,اتوبوس خریدم 1710,transport
3941,کرایه رفت و برگشت 3770 تومن شد,transport
3942,4340 تومن پیتزا گرفتم,food
3943,دارو خریدم 2580,health
3944,820 تومن برای سینما دادم,entertainment
3945,اجاره 1190 تومن شد,housing
3946,3850 تومن برگر گرفتم,food
3947,اشتراک فیلم 2070 تومن شد,entertainment
3948,4430 تومن لباس گرفتم,shopping
3949,ساندویچ خریدم 2600,food
3950,3820 خرج پیتزا شد,food
3951,500 خرج دکتر شد,health
3952,4270 خرج کنسرت شد,entertainment
3953,2190 خرج قبض برق شد,housing
3954,1560 تومن برای خرید سوپر دادم,shopping
3955,530 تومن برای کنسرت دادم,entertainment
3956,کیف خریدم 2430,shopping
3957,قبض آب 490 تومن شد,housing
3958,تفریح خریدم 1440,entertainment
3959,2750 خرج اینترنت خونه شد,housing
3960,مترو خریدم 100,transport
3961,4890 تومن برای کفش دادم,shopping
3962,درمان خریدم 570,health
3963,کرایه رفت و برگشت خریدم 140,transport
3964,مترو خریدم 1910,transport
3965,3310 تومن برای دارو دادم,health
3966,4160 تومن شارژ ساختمان گرفتم,housing
3967,صبحونه 880 تومن شد,food
3968,1290 تومن تفریح گرفتم,entertainment
3969,مترو خریدم 3170,transport
3970,4310 خرج درمان شد,health
3971,تاکسی خریدم 3940,transport
3972,1610 تومن برای قبض آب دادم,housing
3973,1660 خرج تاکسی شد,transport
3974,4480 تومن آزمایش گرفتم,health
3975,1090 خرج اینترنت خونه شد,housing
3976,2570 تومن برای تفریح دادم,entertainment
3977,میوه خریدم 1660,shopping
3978,2650 خرج کفش شد,shopping
3979,430 تومن لوازم تحریر گرفتم,shopping
3980,اشتراک فیلم خریدم 410,entertainment
3981,840 خرج تاکسی شد,transport
3982,خرید سوپر 870 تومن شد,shopping
3983,سینما خریدم 210,entertainment
3984,3220 خرج کنسرت شد,entertainment
3985,3850 خرج کنسرت شد,entertainment
3986,60 تومن برای بازی دادم,entertainment
3987,1520 تومن برای کباب دادم,food
3988,3160 تومن برای ویزیت دادم,health
3989,درمان 860 تومن شد,health
3990,قبض گاز 3520 تومن شد,housing
3991,1920 خرج درمان شد,health
3992,ویزیت خریدم 2430,health
3993,اتوبوس 4760 تومن شد,transport
3994,کرایه رفت و برگشت خریدم 3680,transport
3995,فلافل 2150 تومن شد,food
3996,360 تومن مترو گرفتم,transport
3997,اینترنت خونه 980 تومن شد,housing
3998,خرید سوپر خریدم 2770,shopping
3999,330 خرج اجاره شد,housing
4000,820 تومن تفریح گرفتم,entertainment
4001,اینترنت خونه 2880 تومن شد,housing
4002,اینترنت خونه 90 تومن شد,housing
4003,قبض برق خریدم 4220,housing
4004,1580 تومن برای درمان دادم,health
4005,4800 تومن برای آزمایش دادم,health
4006,دندانپزشک 3300 تومن شد,health
4007,ناهار 540 تومن شد,food
4008,1360 خرج شارژ ساختمان شد,housing
4009,4100 خرج ناهار شد,food
4010,درمان خریدم 3940,health
4011,3970 خرج قبض گاز شد,housing
4012,4960 خرج ویزیت شد,health
4013,کفش 1090 تومن شد,shopping
4014,1120 تومن شام گرفتم,food
4015,دکتر 750 تومن شد,health
4016,1670 تومن سینما گرفتم,entertainment
4017,ناهار خریدم 2630,food
4018,2430 تومن برای اشتراک فیلم دادم,entertainment
4019,3910 تومن قبض گاز گرفتم,housing
4020,کرایه رفت و برگشت خریدم 2030,transport
4021,2440 تومن برای اشتراک فیلم دادم,entertainment
4022,1640 خرج قبض گاز شد,housing
4023,شام 4910 تومن شد,food
4024,لباس 3660 تومن شد,shopping
4025,تفریح خریدم 2280,entertainment
4026,3520 تومن لباس گرفتم,shopping
4027,3350 تومن برای آزمایش دادم,health
4028,4450 تومن برای تاکسی دادم,transport
4029,اشتراک فیلم خریدم 1790,entertainment
4030,کرایه رفت و برگشت 2880 تومن شد,transport
4031,930 تومن شهربازی گرفتم,entertainment
4032,1860 خرج مترو شد,transport
4033,3020 تومن برای تاکسی دادم,transport
4034,4680 تومن برای اجاره دادم,housing
4035,4730 تومن قبض گاز گرفتم,housing
4036,190 تومن برای ویزیت دادم,health
4037,2050 تومن کفش گرفتم,shopping
4038,1310 تومن برای لوازم تحریر دادم,shopping
4039,4990 خرج خرید سوپر شد,shopping
4040,قهوه خریدم 3130,food
4041,2440 خرج کنسرت شد,entertainment
4042,1910 تومن پیتزا گرفتم,food
4043,درمان 800 تومن شد,health
4044,2160 تومن تاکسی گرفتم,transport
4045,3280 تومن قهوه گرفتم,food
4046,4410 خرج اجاره شد,housing
4047,3370 خرج شارژ ساختمان شد,housing
4048,1720 تومن برای خرید سوپر دادم,shopping
4049,4650 خرج میوه شد,shopping
4050,2660 تومن لباس گرفتم,shopping
4051,2150 تومن کفش گرفتم,shopping
4052,4240 خرج شام شد,food
4053,1380 تومن بنزین گرفتم,transport
4054,240 تومن برای مترو دادم,transport
4055,3540 خرج دکتر شد,health
4056,3270 تومن کنسرت گرفتم,entertainment
4057,2890 تومن برای قبض برق دادم,housing
4058,2400 خرج فلافل شد,food
4059,خرید سوپر خریدم 2910,shopping
4060,4720 تومن ساندویچ گرفتم,food
4061,بنزین 460 تومن شد,transport
4062,3220 تومن قبض گاز گرفتم,housing
4063,1130 تومن برای تاکسی دادم,transport
4064,سینما 4510 تومن شد,entertainment
4065,اینترنت خونه 3300 تومن شد,housing
4066,690 تومن برای لوازم تحریر دادم,shopping
4067,3630 تومن برای کباب دادم,food
4068,730 خرج اتوبوس شد,transport
4069,قبض آب 1170 تومن شد,housing
4070,920 تومن برای شارژ ساختمان دادم,housing
4071,2270 تومن برای اینترنت خونه دادم,housing
4072,1830 خرج قهوه شد,food
4073,3970 خرج قبض برق شد,housing
4074,اشتراک فیلم 3530 تومن شد,entertainment
4075,810 خرج کباب شد,food
4076,دکتر خریدم 3610,health
4077,4170 تومن برای اینترنت خونه دادم,housing
4078,3600 خرج اتوبوس شد,transport
4079,4080 تومن برای درمان دادم,health
4080,صبحونه 3970 تومن شد,food
4081,2410 تومن برای شارژ ساختمان دادم,housing
4082,ساندویچ 2660 تومن شد,food
4083,2410 خرج کنسرت شد,entertainment
4084,قبض برق خریدم 2900,housing
4085,4630 تومن کیف گرفتم,shopping
4086,550 تومن برای اینترنت خونه دادم,housing
4087,ناهار خریدم 2170,food
4088,3330 تومن قبض برق گرفتم,housing
4089,اتوبوس 1580 تومن شد,transport
4090,970 تومن تفریح گرفتم,entertainment
4091,2350 خرج تفریح شد,entertainment
4092,درمان خریدم 2240,health
4093,1310 تومن برای کنسرت دادم,entertainment
4094,ویزیت خریدم 2490,health
4095,اجاره 4990 تومن شد,housing
4096,دارو خریدم 2170,health
4097,2070 خرج قبض گاز شد,housing
4098,ناهار 2640 تومن شد,food
4099,4960 خرج قبض گاز شد,housing
4100,کرایه رفت و برگشت 3860 تومن شد,transport
4101,1720 تومن بنزین گرفتم,transport
4102,برگر 4070 تومن شد,food
4103,قبض آب 2040 تومن شد,housing
4104,سینما 3390 تومن شد,entertainment
4105,1560 تومن برای اسنپ دادم,transport
4106,ناهار 1220 تومن شد,food
4107,سینما 3720 تومن شد,entertainment
4108,2860 تومن برای بنزین دادم,transport
4109,830 تومن برای قهوه دادم,food
4110,قهوه خریدم 2830,food
4111,میوه خریدم 4690,shopping
4112,کفش خریدم 4270,shopping
4113,3920 تومن میوه گرفتم,shopping
4114,کنسرت 1640 تومن شد,entertainment
4115,4610 تومن برای شهربازی دادم,entertainment
4116,لوازم تحریر خریدم 4480,shopping
4117,2750 تومن آزمایش گرفتم,health
4118,3440 خرج قبض آب شد,housing
4119,4550 خرج شام شد,food
4120,1900 تومن برای اسنپ دادم,transport
4121,4230 تومن قبض گاز گرفتم,housing
4122,دندانپزشک خریدم 3860,health
4123,شام خریدم 720,food
4124,1100 تومن برای تاکسی دادم,transport
4125,سینما خریدم 1750,entertainment
4126,میوه 2190 تومن شد,shopping
4127,قبض برق خریدم 2000,housing
4128,برگر خریدم 4920,food
4129,2050 خرج اسنپ شد,transport
4130,4140 تومن قهوه گرفتم,food
4131,3770 تومن اینترنت خونه گرفتم,housing
4132,4130 تومن کفش گرفتم,shopping
4133,670 خرج اتوبوس شد,transport
4134,آزمایش خریدم 3530,health
4135,قهوه خریدم 3360,food
4136,سینما خریدم 1570,entertainment
4137,3260 تومن اینترنت خونه گرفتم,housing
4138,2590 تومن برای آزمایش دادم,health
4139,1730 خرج اشتراک فیلم شد,entertainment
4140,اجاره 4040 تومن شد,housing
4141,تفریح خریدم 3900,entertainment
4142,780 تومن خرید سوپر گرفتم,shopping
4143,3040 تومن برای اینترنت خونه دادم,housing
4144,4180 خرج کرایه رفت و برگشت شد,transport
4145,2240 تومن کفش گرفتم,shopping
4146,220 تومن شهربازی گرفتم,entertainment
4147,1890 تومن بازی گرفتم,entertainment
4148,1910 تومن برای درمان دادم,health
4149,3470 تومن برای شهربازی دادم,entertainment
4150,صبحونه 1380 تومن شد,food
4151,2150 تومن قبض برق گرفتم,housing
4152,1540 تومن شهربازی گرفتم,entertainment
4153,1840 تومن دارو گرفتم,health
4154,درمان 2040 تومن شد,health
4155,2750 تومن تاکسی گرفتم,transport
4156,بنزین خریدم 760,transport
4157,شهربازی خریدم 1780,entertainment
4158,1260 خرج کیف شد,shopping
4159,220 تومن آزمایش گرفتم,health
4160,قبض برق 210 تومن شد,housing
4161,3280 تومن درمان گرفتم,health
4162,3730 تومن تفریح گرفتم,entertainment
4163,3850 تومن برای اینترنت خونه دادم,housing
4164,بازی 130 تومن شد,entertainment
4165,3710 تومن لباس گرفتم,shopping
4166,سینما 4080 تومن شد,entertainment
4167,1570 خرج ویزیت شد,health
4168,دندانپزشک 4390 تومن شد,health
4169,1930 خرج خرید سوپر شد,shopping
4170,کنسرت خریدم 3910,entertainment
4171,اینترنت خونه 3540 تومن شد,housing
4172,3450 تومن قبض گاز گرفتم,housing
4173,آزمایش 4670 تومن شد,health
4174,1410 تومن لباس گرفتم,shopping
4175,کنسرت خریدم 110,entertainment
4176,1420 تومن برای میوه دادم,shopping
4177,4060 تومن برای تفریح دادم,entertainment
4178,1170 تومن شام گرفتم,food
4179,1150 تومن لباس گرفتم,shopping
4180,3740 خرج ویزیت شد,health
4181,2170 خرج تفریح شد,entertainment
4182,قبض گاز خریدم 2010,housing
4183,1770 تومن برای دارو دادم,health
4184,قبض برق خریدم 4230,housing
4185,مترو خریدم 4390,transport
4186,کرایه رفت و برگشت 3590 تومن شد,transport
4187,کفش خریدم 1320,shopping
4188,ساندویچ خریدم 3250,food
4189,ویزیت 440 تومن شد,health
4190,1910 تومن برای کیف دادم,shopping
4191,قبض برق خریدم 2330,housing
4192,3210 خرج ناهار شد,food
4193,1820 خرج کرایه رفت و برگشت شد,transport
4194,3930 تومن بازی گرفتم,entertainment
4195,قبض گاز خریدم 3820,housing
4196,4730 خرج مترو شد,transport
4197,3120 تومن مترو گرفتم,transport
4198,کباب 1130 تومن شد,food
4199,برگر 930 تومن شد,food
4200,کفش خریدم 2830,shopping
4201,2160 خرج شارژ ساختمان شد,housing
4202,3960 تومن برای قبض برق دادم,housing
4203,3420 تومن برای خرید سوپر دادم,shopping
4204,دندانپزشک خریدم 2740,health
4205,مترو خریدم 2550,transport
4206,قبض آب 820 تومن شد,housing
4207,30 خرج شهربازی شد,entertainment
4208,قبض آب 3370 تومن شد,housing
4209,1980 خرج خرید سوپر شد,shopping
4210,کفش خریدم 2160,shopping
4211,160 خرج بنزین شد,transport
4212,3140 خرج اسنپ شد,transport
4213,3080 خرج دارو شد,health
4214,4860 تومن کفش گرفتم,shopping
4215,قبض گاز 1290 تومن شد,housing
4216,2430 تومن درمان گرفتم,health
4217,3820 خرج اجاره شد,housing
4218,2840 خرج کفش شد,shopping
4219,2360 تومن برای اسنپ دادم,transport
4220,میوه خریدم 910,shopping
4221,میوه 1670 تومن شد,shopping
4222,4590 تومن اجاره گرفتم,housing
4223,کرایه رفت و برگشت خریدم 2380,transport
4224,بنزین خریدم 3100,transport
4225,2380 خرج اسنپ شد,transport
4226,4130 خرج خرید سوپر شد,shopping
4227,شارژ ساختمان خریدم 1270,housing
4228,50 تومن خرید سوپر گرفتم,shopping
4229,2100 خرج لوازم تحریر شد,shopping
4230,بازی خریدم 380,entertainment
4231,2770 تومن اینترنت خونه گرفتم,housing
4232,3330 خرج کیف شد,shopping
4233,خرید سوپر خریدم 2260,shopping
4234,خرید سوپر خریدم 1510,shopping
4235,خرید سوپر خریدم 1880,shopping
4236,کیف خریدم 3240,shopping
4237,سینما 550 تومن شد,entertainment
4238,3870 تومن قبض گاز گرفتم,housing
4239,میوه خریدم 1890,shopping
4240,لباس 740 تومن شد,shopping
4241,1370 تومن کنسرت گرفتم,entertainment
4242,3570 تومن اینترنت خونه گرفتم,housing
4243,اشتراک فیلم 2530 تومن شد,entertainment
4244,قبض برق خریدم 1530,housing
4245,3600 تومن برای قبض آب دادم,housing
4246,3060 تومن ویزیت گرفتم,health
4247,2690 تومن برای اسنپ دادم,transport
4248,4520 تومن برای شام دادم,food
4249,3670 تومن برای ویزیت دادم,health
4250,830 خرج اینترنت خونه شد,housing
4251,لباس خریدم 2450,shopping
4252,لباس 810 تومن شد,shopping
4253,کرایه رفت و برگشت خریدم 1510,transport
4254,1180 تومن اینترنت خونه گرفتم,housing
4255,کرایه رفت و برگشت 1570 تومن شد,transport
4256,1340 تومن برای دارو دادم,health
4257,3830 خرج کیف شد,shopping
4258,بازی 3180 تومن شد,entertainment
4259,810 خرج اینترنت خونه شد,housing
4260,2690 تومن برای ویزیت دادم,health
4261,بازی 3330 تومن شد,entertainment
4262,آزمایش خریدم 910,health
4263,3440 تومن سینما گرفتم,entertainment
4264,شارژ ساختمان 1600 تومن شد,housing
4265,1440 خرج اسنپ شد,transport
4266,خرید سوپر 3340 تومن شد,shopping
4267,2370 خرج قبض آب شد,housing
4268,4320 خرج خرید سوپر شد,shopping
4269,1050 تومن برای بنزین دادم,transport
4270,2060 تومن خرید سوپر گرفتم,shopping
4271,360 تومن برای قبض گاز دادم,housing
4272,4350 خرج دندانپزشک شد,health
4273,2300 خرج پیتزا شد,food
4274,1270 تومن برای دکتر دادم,health
4275,میوه 3550 تومن شد,shopping
4276,بنزین خریدم 3690,transport
4277,3130 تومن برای تاکسی دادم,transport
4278,ویزیت 480 تومن شد,health
4279,خرید سوپر 4650 تومن شد,shopping
4280,ویزیت 330 تومن شد,health
4281,3010 خرج اسنپ شد,transport
4282,520 خرج بازی شد,entertainment
4283,4060 تومن فلافل گرفتم,food
4284,مترو خریدم 610,transport
4285,1030 تومن قهوه گرفتم,food
4286,1120 خرج دندانپزشک شد,health
4287,2930 تومن شهربازی گرفتم,entertainment
4288,4420 تومن آزمایش گرفتم,health
4289,کفش 4000 تومن شد,shopping
4290,درمان خریدم 3160,health
4291,برگر خریدم 3880,food
4292,ویزیت 2540 تومن شد,health
4293,2490 خرج قبض گاز شد,housing
4294,1550 تومن برای اینترنت خونه دادم,housing
4295,1760 تومن برای دکتر دادم,health
4296,2590 تومن برای کیف دادم,shopping
4297,کفش 590 تومن شد,shopping
4298,1650 خرج سینما شد,entertainment
4299,بازی 850 تومن شد,entertainment
4300,3460 تومن برای کباب دادم,food
4301,1770 خرج قهوه شد,food
4302,4000 تومن اسنپ گرفتم,transport
4303,1590 خرج اسنپ شد,transport
4304,3940 خرج قبض برق شد,housing
4305,3520 تومن برای سینما دادم,entertainment
4306,دکتر 2940 تومن شد,health
4307,شارژ ساختمان خریدم 1000,housing
4308,اسنپ 3140 تومن شد,transport
4309,2440 خرج قبض گاز شد,housing
4310,اشتراک فیلم 1390 تومن شد,entertainment
4311,4800 تومن برای قبض آب دادم,housing
4312,1580 تومن برای شارژ ساختمان دادم,housing
4313,4260 تومن برای لباس دادم,shopping
4314,2190 خرج شهربازی شد,entertainment
4315,بازی خریدم 40,entertainment
4316,کباب 1830 تومن شد,food
4317,شهربازی 110 تومن شد,entertainment
4318,3680 تومن برای بنزین دادم,transport
4319,140 تومن برای قبض برق دادم,housing
4320,1680 خرج بازی شد,entertainment
4321,درمان 1040 تومن شد,health
4322,2270 تومن برای دندانپزشک دادم,health
4323,ساندویچ 1260 تومن شد,food
4324,2470 خرج اینترنت خونه شد,housing
4325,سینما خریدم 4010,entertainment
4326,لوازم تحریر 2510 تومن شد,shopping
4327,قبض گاز خریدم 3020,housing
4328,300 تومن برای ساندویچ دادم,food
4329,قبض گاز خریدم 1910,housing
4330,اجاره 2430 تومن شد,housing
4331,خرید سوپر خریدم 1680,shopping
4332,3030 تومن برای اسنپ دادم,transport
4333,2890 تومن دکتر گرفتم,health
4334,1690 خرج کنسرت شد,entertainment
4335,1350 خرج درمان شد,health
4336,3550 تومن ویزیت گرفتم,health
4337,4470 تومن برای تاکسی دادم,transport
4338,قبض آب 3840 تومن شد,housing
4339,اتوبوس 2410 تومن شد,transport
4340,شهربازی 1720 تومن شد,entertainment
4341,1340 تومن برای لوازم تحریر دادم,shopping
4342,4790 تومن درمان گرفتم,health
4343,تاکسی خریدم 3300,transport
4344,بازی خریدم 4140,entertainment
4345,320 خرج صبحونه شد,food
4346,اجاره خریدم 2910,housing
4347,4490 تومن برای صبحونه دادم,food
4348,1460 خرج آزمایش شد,health
4349,360 تومن اینترنت خونه گرفتم,housing
4350,2870 تومن دارو گرفتم,health
4351,4100 خرج دکتر شد,health
4352,قهوه 3140 تومن شد,food
4353,4200 تومن برای کباب دادم,food
4354,بازی 4570 تومن شد,entertainment
4355,لباس 390 تومن شد,shopping
4356,کیف خریدم 1750,shopping
4357,درمان خریدم 3800,health
4358,2960 تومن برای کباب دادم,food
4359,110 تومن کباب گرفتم,food
4360,اتوبوس 2200 تومن شد,transport
4361,3010 تومن برای شارژ ساختمان دادم,housing
4362,آزمایش 3360 تومن شد,health
4363,4590 خرج ویزیت شد,health
4364,اسنپ 3970 تومن شد,transport
4365,940 تومن اتوبوس گرفتم,transport
4366,3100 تومن صبحونه گرفتم,food
4367,1800 تومن کرایه رفت و برگشت گرفتم,transport
4368,قبض برق 4770 تومن شد,housing
4369,1050 تومن برای میوه دادم,shopping
4370,مترو 1400 تومن شد,transport
4371,اتوبوس 150 تومن شد,transport
4372,سینما خریدم 4290,entertainment
4373,قهوه 4460 تومن شد,food
4374,سینما خریدم 2300,entertainment
4375,کنسرت خریدم 1070,entertainment
4376,دارو 490 تومن شد,health
4377,3720 خرج دندانپزشک شد,health
4378,ناهار 3890 تومن شد,food
4379,3810 خرج قهوه شد,food
4380,اینترنت خونه خریدم 1640,housing
4381,480 خرج اسنپ شد,transport
4382,1320 خرج قبض آب شد,housing
4383,100 تومن قهوه گرفتم,food
4384,2060 تومن بازی گرفتم,entertainment
4385,4860 تومن برای قبض برق دادم,housing
4386,4860 تومن برای کباب دادم,food
4387,بنزین خریدم 450,transport
4388,4890 تومن برای سینما دادم,entertainment
4389,4610 تومن برای لوازم تحریر دادم,shopping
4390,ناهار 4350 تومن شد,food
4391,کرایه رفت و برگشت 60 تومن شد,transport
4392,دکتر خریدم 730,health
4393,پیتزا 3070 تومن شد,food
4394,1520 تومن برای لوازم تحریر دادم,shopping
4395,آزمایش 4230 تومن شد,health
4396,910 خرج کنسرت شد,entertainment
4397,بنزین 4160 تومن شد,transport
4398,اجاره 4040 تومن شد,housing
4399,1060 تومن برای قهوه دادم,food
4400,1930 تومن برای اشتراک فیلم دادم,entertainment
4401,160 تومن ویزیت گرفتم,health
4402,اجاره خریدم 4570,housing
4403,ناهار خریدم 4690,food
4404,1950 خرج صبحونه شد,food
4405,کیف 880 تومن شد,shopping
4406,پیتزا 1800 تومن شد,food
4407,350 تومن کباب گرفتم,food
4408,2140 خرج بازی شد,entertainment
4409,4400 خرج کنسرت شد,entertainment
4410,خرید سوپر خریدم 1610,shopping
4411,670 تومن برای شهربازی دادم,entertainment
4412,1890 خرج کیف شد,shopping
4413,لوازم تحریر خریدم 510,shopping
4414,4270 خرج اشتراک فیلم شد,entertainment
4415,1140 خرج اسنپ شد,transport
4416,1170 تومن اسنپ گرفتم,transport
4417,خرید سوپر خریدم 3690,shopping
4418,قبض گاز 550 تومن شد,housing
4419,960 تومن برای اتوبوس دادم,transport
4420,2380 خرج اینترنت خونه شد,housing
4421,2970 تومن برای دندانپزشک دادم,health
4422,2180 تومن برای اتوبوس دادم,transport
4423,2980 تومن میوه گرفتم,shopping
4424,3250 تومن کفش گرفتم,shopping
4425,اسنپ 90 تومن شد,transport
4426,خرید سوپر 4290 تومن شد,shopping
4427,1670 تومن مترو گرفتم,transport
4428,2490 تومن برای آزمایش دادم,health
4429,4470 خرج بنزین شد,transport
4430,بازی خریدم 1110,entertainment
4431,ویزیت خریدم 2810,health
4432,3370 خرج برگر شد,food
4433,قبض برق 4580 تومن شد,housing
4434,قبض برق خریدم 4150,housing
4435,3410 تومن آزمایش گرفتم,health
4436,3920 خرج لباس شد,shopping
4437,4020 تومن برای اجاره دادم,housing
4438,150 خرج اشتراک فیلم شد,entertainment
4439,تاکسی خریدم 1180,transport
4440,2830 تومن برای ساندویچ دادم,food
4441,اتوبوس خریدم 1590,transport
4442,4830 تومن تفریح گرفتم,entertainment
4443,2050 خرج دکتر شد,health
4444,اسنپ 4320 تومن شد,transport
4445,3770 تومن برای شام دادم,food
4446,دندانپزشک 4010 تومن شد,health
4447,2700 تومن دندانپزشک گرفتم,health
4448,ویزیت 2780 تومن شد,health
4449,870 تومن برای کیف دادم,shopping
4450,تاکسی 3500 تومن شد,transport
4451,4410 خرج لوازم تحریر شد,shopping
4452,790 خرج بنزین شد,transport
4453,آزمایش 4410 تومن شد,health
4454,اجاره خریدم 4930,housing
4455,4630 خرج قبض آب شد,housing
4456,2410 تومن برای بازی دادم,entertainment
4457,4820 تومن برای بنزین دادم,transport
4458,1300 خرج ساندویچ شد,food
4459,1080 خرج لباس شد,shopping
4460,دارو خریدم 320,health
4461,اسنپ 2480 تومن شد,transport
4462,مترو 4040 تومن شد,transport
4463,2020 خرج کفش شد,shopping
4464,4290 تومن برای اسنپ دادم,transport
4465,4950 تومن برای شام دادم,food
4466,650 خرج مترو شد,transport
4467,میوه خریدم 1070,shopping
4468,1430 تومن برای بنزین دادم,transport
4469,2680 تومن برای ساندویچ دادم,food
4470,3970 خرج دارو شد,health
4471,کنسرت خریدم 3400,entertainment
4472,2790 خرج اجاره شد,housing
4473,380 تومن برای کنسرت دادم,entertainment
4474,1970 تومن برای اجاره دادم,housing
4475,2200 خرج قهوه شد,food
4476,بنزین خریدم 3560,transport
4477,2690 تومن شارژ ساختمان گرفتم,housing
4478,فلافل خریدم 1250,food
4479,2170 تومن کفش گرفتم,shopping
4480,4440 تومن برای خرید سوپر دادم,shopping
4481,1430 تومن برای لوازم تحریر دادم,shopping
4482,کیف خریدم 1700,shopping
4483,1840 تومن لباس گرفتم,shopping
4484,ساندویچ خریدم 3670,food
4485,کرایه رفت و برگشت 2550 تومن شد,transport
4486,3420 تومن برای آزمایش دادم,health
4487,2890 خرج قهوه شد,food
4488,3120 خرج آزمایش شد,health
4489,230 خرج کفش شد,shopping
4490,2960 تومن ساندویچ گرفتم,food
4491,1860 خرج شام شد,food
4492,4640 خرج لوازم تحریر شد,shopping
4493,3690 تومن بازی گرفتم,entertainment
4494,اینترنت خونه خریدم 4050,housing
4495,4440 خرج تفریح شد,entertainment
4496,کباب خریدم 4180,food
4497,1120 خرج خرید سوپر شد,shopping
4498,3240 تومن برای تاکسی دادم,transport
4499,برگر خریدم 4730,food
4500,4360 تومن برای قهوه دادم,food
4501,1780 تومن برای اینترنت خونه دادم,housing
4502,2300 تومن اتوبوس گرفتم,transport
4503,3590 تومن برای قبض آب دادم,housing
4504,2870 خرج اسنپ شد,transport
4505,لباس خریدم 3810,shopping
4506,شارژ ساختمان خریدم 4340,housing
4507,1820 خرج فلافل شد,food
4508,درمان 4140 تومن شد,health
4509,530 تومن قبض برق گرفتم,housing
4510,1620 خرج کفش شد,shopping
4511,اشتراک فیلم خریدم 970,entertainment
4512,اتوبوس خریدم 4400,transport
4513,قبض برق خریدم 4140,housing
4514,شارژ ساختمان 4930 تومن شد,housing
4515,اجاره 590 تومن شد,housing
4516,4670 خرج ویزیت شد,health
4517,2880 تومن برای لوازم تحریر دادم,shopping
4518,دندانپزشک خریدم 930,health
4519,درمان 400 تومن شد,health
4520,3660 خرج ساندویچ شد,food
4521,4380 تومن برای کفش دادم,shopping
4522,1760 خرج بنزین شد,transport
4523,قبض آب خریدم 700,housing
4524,3160 خرج برگر شد,food
4525,فلافل خریدم 1170,food
4526,شام 2820 تومن شد,food
4527,لباس خریدم 150,shopping
4528,بنزین 1140 تومن شد,transport
4529,مترو 3330 تومن شد,transport
4530,تاکسی 1530 تومن شد,transport
4531,قهوه خریدم 4310,food
4532,2840 خرج تفریح شد,entertainment
4533,970 خرج مترو شد,transport
4534,3230 خرج آزمایش شد,health
4535,1350 تومن برای اشتراک فیلم دادم,entertainment
4536,1910 تومن برای قبض آب دادم,housing
4537,2780 تومن برای اتوبوس دادم,transport
4538,ناهار 1660 تومن شد,food
4539,670 تومن دندانپزشک گرفتم,health
4540,2450 خرج درمان شد,health
4541,4150 خرج اجاره شد,housing
4542,1800 خرج بنزین شد,transport
4543,1390 خرج مترو شد,transport
4544,قهوه خریدم 3180,food
4545,2250 تومن تفریح گرفتم,entertainment
4546,تاکسی خریدم 2880,transport
4547,310 تومن برای درمان دادم,health
4548,770 تومن اشتراک فیلم گرفتم,entertainment
4549,350 تومن برای لباس دادم,shopping
4550,4870 تومن ویزیت گرفتم,health
4551,کیف خریدم 2530,shopping
4552,میوه 2040 تومن شد,shopping
4553,1600 خرج کفش شد,shopping
4554,1570 تومن برای لوازم تحریر دادم,shopping
4555,4100 خرج کرایه رفت و برگشت شد,transport
4556,3940 خرج کنسرت شد,entertainment
4557,1630 تومن کیف گرفتم,shopping
4558,3660 تومن برای دارو دادم,health
4559,3980 تومن دارو گرفتم,health
4560,دارو خریدم 2730,health
4561,میوه 3770 تومن شد,shopping
4562,کرایه رفت و برگشت 3980 تومن شد,transport
4563,تاکسی خریدم 3340,transport
4564,1710 تومن خرید سوپر گرفتم,shopping
4565,کباب خریدم 2950,food
4566,بازی خریدم 3580,entertainment
4567,950 تومن اتوبوس گرفتم,transport
4568,قبض برق خریدم 920,housing
4569,قبض آب 480 تومن شد,housing
4570,قبض آب 1040 تومن شد,housing
4571,3260 تومن اینترنت خونه گرفتم,housing
4572,3860 تومن قبض آب گرفتم,housing
4573,120 خرج ویزیت شد,health
4574,320 تومن برای صبحونه دادم,food
4575,20 خرج ناهار شد,food
4576,پیتزا خریدم 1690,food
4577,4110 خرج اجاره شد,housing
4578,4410 تومن ویزیت گرفتم,health
4579,3270 خرج اسنپ شد,transport
4580,کنسرت 2760 تومن شد,entertainment
4581,اجاره 4480 تومن شد,housing
4582,ویزیت 2950 تومن شد,health
4583,اشتراک فیلم 4350 تومن شد,entertainment
4584,دکتر خریدم 4180,health
4585,4800 خرج پیتزا شد,food
4586,4800 تومن برای برگر دادم,food
4587,فلافل 3510 تومن شد,food
4588,870 تومن دندانپزشک گرفتم,health
4589,کنسرت 3100 تومن شد,entertainment
4590,ویزیت خریدم 4820,health
4591,کیف خریدم 4270,shopping
4592,3440 خرج سینما شد,entertainment
4593,1280 تومن برای فلافل دادم,food
4594,اسنپ خریدم 4930,transport
4595,230 تومن برای مترو دادم,transport
4596,4170 خرج قهوه شد,food
4597,480 تومن برای صبحونه دادم,food
4598,2960 خرج دندانپزشک شد,health
4599,3890 خرج آزمایش شد,health
4600,1460 تومن برای میوه دادم,shopping
4601,مترو 3920 تومن شد,transport
4602,اینترنت خونه خریدم 2200,housing
4603,بازی خریدم 440,entertainment
4604,550 تومن برای قهوه دادم,food
4605,آزمایش خریدم 3140,health
4606,4040 تومن برای قبض آب دادم,housing
4607,300 خرج لوازم تحریر شد,shopping
4608,4860 تومن شام گرفتم,food
4609,3840 خرج قبض گاز شد,housing
4610,3300 تومن برای دکتر دادم,health
4611,2750 تومن خرید سوپر گرفتم,shopping
4612,برگر 1990 تومن شد,food
4613,قبض گاز خریدم 280,housing
4614,کیف 2700 تومن شد,shopping
4615,3500 تومن ویزیت گرفتم,health
4616,تاکسی 2360 تومن شد,transport
4617,1650 تومن بنزین گرفتم,transport
4618,میوه 2550 تومن شد,shopping
4619,3150 تومن درمان گرفتم,health
4620,1070 تومن کباب گرفتم,food
4621,اجاره 4650 تومن شد,housing
4622,لباس خریدم 920,shopping
4623,اتوبوس خریدم 4710,transport
4624,740 خرج ناهار شد,food
4625,3440 تومن برای کرایه رفت و برگشت دادم,transport
4626,2940 تومن برای اشتراک فیلم دادم,entertainment
4627,3790 تومن برای بنزین دادم,transport
4628,اشتراک فیلم خریدم 70,entertainment
4629,بازی 1440 تومن شد,entertainment
4630,3090 تومن شهربازی گرفتم,entertainment
4631,2040 تومن لوازم تحریر گرفتم,shopping
4632,کفش 670 تومن شد,shopping
4633,ساندویچ 610 تومن شد,food
4634,950 خرج سینما شد,entertainment
4635,4850 تومن برای شارژ ساختمان دادم,housing
4636,لوازم تحریر خریدم 4780,shopping
4637,1480 تومن برای قبض گاز دادم,housing
4638,570 تومن ویزیت گرفتم,health
4639,4880 تومن کنسرت گرفتم,entertainment
4640,آزمایش 1040 تومن شد,health
4641,دارو خریدم 2420,health
4642,1190 تومن ساندویچ گرفتم,food
4643,440 تومن کنسرت گرفتم,entertainment
4644,3170 تومن برای مترو دادم,transport
4645,اشتراک فیلم خریدم 750,entertainment
4646,3410 خرج دارو شد,health
4647,3730 تومن برای اسنپ دادم,transport
4648,پیتزا 4870 تومن شد,food
4649,قبض برق 4730 تومن شد,housing
4650,1040 تومن قبض آب گرفتم,housing
4651,800 تومن برای بازی دادم,entertainment
4652,دارو 1170 تومن شد,health
4653,میوه خریدم 1730,shopping
4654,قهوه 370 تومن شد,food
4655,1490 خرج دندانپزشک شد,health
4656,2820 تومن برای اسنپ دادم,transport
4657,3520 تومن ساندویچ گرفتم,food
4658,2750 تومن تفریح گرفتم,entertainment
4659,880 تومن برای درمان دادم,health
4660,750 تومن اجاره گرفتم,housing
4661,میوه خریدم 50,shopping
4662,پیتزا خریدم 4180,food
4663,دارو 4400 تومن شد,health
4664,2900 خرج خرید سوپر شد,shopping
4665,پیتزا خریدم 3340,food
4666,1990 تومن برای درمان دادم,health
4667,کیف خریدم 2000,shopping
4668,میوه خریدم 3510,shopping
4669,ویزیت خریدم 1780,health
4670,2340 خرج کنسرت شد,entertainment
4671,750 تومن برای شارژ ساختمان دادم,housing
4672,لوازم تحریر خریدم 910,shopping
4673,1900 تومن شارژ ساختمان گرفتم,housing
4674,750 تومن شهربازی گرفتم,entertainment
4675,3650 خرج بازی شد,entertainment
4676,660 تومن برای مترو دادم,transport
4677,مترو خریدم 2170,transport
4678,اشتراک فیلم خریدم 2330,entertainment
4679,1880 تومن برای بازی دادم,entertainment
4680,اینترنت خونه 2060 تومن شد,housing
4681,کیف 1070 تومن شد,shopping
4682,990 خرج بنزین شد,transport
4683,3390 خرج بنزین شد,transport
4684,قبض آب خریدم 2820,housing
4685,اینترنت خونه 1590 تومن شد,housing
4686,2420 تومن کنسرت گرفتم,entertainment
4687,2330 تومن برای درمان دادم,health
4688,آزمایش 280 تومن شد,health
4689,اتوبوس 2840 تومن شد,transport
4690,4810 خرج کفش شد,shopping
4691,کنسرت خریدم 4840,entertainment
4692,1990 خرج شام شد,food
4693,1410 خرج میوه شد,shopping
4694,2070 خرج بنزین شد,transport
4695,2120 تومن برای اسنپ دادم,transport
4696,کنسرت 4460 تومن شد,entertainment
4697,3140 خرج شهربازی شد,entertainment
4698,3230 تومن درمان گرفتم,health
4699,4040 تومن خرید سوپر گرفتم,shopping
4700,60 تومن پیتزا گرفتم,food
4701,1620 تومن برای اجاره دادم,housing
4702,بنزین 790 تومن شد,transport
4703,1870 خرج اجاره شد,housing
4704,قبض گاز خریدم 4650,housing
4705,شهربازی 3620 تومن شد,entertainment
4706,530 خرج قبض برق شد,housing
4707,اسنپ خریدم 850,transport
4708,4680 خرج صبحونه شد,food
4709,2890 خرج کنسرت شد,entertainment
4710,3600 تومن برای کفش دادم,shopping
4711,میوه 600 تومن شد,shopping
4712,3880 تومن سینما گرفتم,entertainment
4713,مترو خریدم 2440,transport
4714,3940 تومن کنسرت گرفتم,entertainment
4715,4200 تومن برای درمان دادم,health
4716,تفریح 2940 تومن شد,entertainment
4717,سینما خریدم 4980,entertainment
4718,1780 تومن برای کیف دادم,shopping
4719,فلافل 370 تومن شد,food
4720,کرایه رفت و برگشت خریدم 1550,transport
4721,تاکسی 4800 تومن شد,transport
4722,1510 تومن لباس گرفتم,shopping
4723,قبض گاز خریدم 4110,housing
4724,880 تومن برای کباب دادم,food
4725,2640 تومن برای شارژ ساختمان دادم,housing
4726,2520 تومن برای دارو دادم,health
4727,تاکسی 3340 تومن شد,transport
4728,لباس خریدم 1360,shopping
4729,220 تومن برای شهربازی دادم,entertainment
4730,2360 تومن لوازم تحریر گرفتم,shopping
4731,قبض گاز 180 تومن شد,housing
4732,3780 خرج دارو شد,health
4733,برگر 1960 تومن شد,food
4734,2000 تومن بازی گرفتم,entertainment
4735,لوازم تحریر خریدم 1400,shopping
4736,4130 خرج قبض برق شد,housing
4737,3640 تومن برای بازی دادم,entertainment
4738,3700 تومن برای اتوبوس دادم,transport
4739,2520 تومن برای دکتر دادم,health
4740,اجاره خریدم 4690,housing
4741,4140 تومن برای خرید سوپر دادم,shopping
4742,دارو 130 تومن شد,health
4743,شام 400 تومن شد,food
4744,800 خرج اجاره شد,housing
4745,4440 تومن تاکسی گرفتم,transport
4746,3790 تومن برای پیتزا دادم,food
4747,810 خرج دارو شد,health
4748,3250 تومن برای کفش دادم,shopping
4749,3150 تومن خرید سوپر گرفتم,shopping
4750,1040 تومن ناهار گرفتم,food
4751,3690 تومن تاکسی گرفتم,transport
4752,کباب 4070 تومن شد,food
4753,3690 تومن تاکسی گرفتم,transport
4754,3220 خرج شهربازی شد,entertainment
4755,مترو 4200 تومن شد,transport
4756,کفش 3110 تومن شد,shopping
4757,3760 خرج شهربازی شد,entertainment
4758,960 خرج قهوه شد,food
4759,ساندویچ 920 تومن شد,food
4760,4510 خرج شارژ ساختمان شد,housing
4761,3600 تومن دکتر گرفتم,health
4762,خرید سوپر 980 تومن شد,shopping
4763,شارژ ساختمان خریدم 850,housing
4764,1530 خرج کیف شد,shopping
4765,3290 تومن برای تفریح دادم,entertainment
4766,1300 تومن برای مترو دادم,transport
4767,2730 تومن میوه گرفتم,shopping
4768,1300 تومن برای لوازم تحریر دادم,shopping
4769,330 تومن تاکسی گرفتم,transport
4770,4640 تومن شهربازی گرفتم,entertainment
4771,آزمایش خریدم 420,health
4772,1650 خرج ساندویچ شد,food
4773,3500 خرج اینترنت خونه شد,housing
4774,2930 تومن برای خرید سوپر دادم,shopping
4775,2320 تومن برای لباس دادم,shopping
4776,کفش خریدم 1910,shopping
4777,1620 خرج قبض آب شد,housing
4778,1180 خرج میوه شد,shopping
4779,3550 تومن برای تاکسی دادم,transport
4780,بازی خریدم 4520,entertainment
4781,قبض آب خریدم 2390,housing
4782,کنسرت خریدم 740,entertainment
4783,سینما 4490 تومن شد,entertainment
4784,قبض آب 4470 تومن شد,housing
4785,شهربازی خریدم 90,entertainment
4786,790 خرج میوه شد,shopping
4787,500 تومن اسنپ گرفتم,transport
4788,780 تومن برای بازی دادم,entertainment
4789,شارژ ساختمان خریدم 130,housing
4790,1570 خرج کنسرت شد,entertainment
4791,شارژ ساختمان خریدم 990,housing
4792,درمان خریدم 2570,health
4793,2510 تومن کنسرت گرفتم,entertainment
4794,360 تومن برای اجاره دادم,housing
4795,3130 تومن برای کفش دادم,shopping
4796,اسنپ خریدم 2670,transport
4797,2530 تومن مترو گرفتم,transport
4798,830 تومن برای اینترنت خونه دادم,housing
4799,3520 خرج لباس شد,shopping
4800,640 خرج تفریح شد,entertainment
4801,1460 تومن برای کرایه رفت و برگشت دادم,transport
4802,لباس 4150 تومن شد,shopping
4803,قبض گاز خریدم 4980,housing
4804,2300 تومن برای پیتزا دادم,food
4805,1090 تومن برای کنسرت دادم,entertainment
4806,4670 تومن برای میوه دادم,shopping
4807,4040 تومن برای کفش دادم,shopping
4808,2970 تومن برای ویزیت دادم,health
4809,میوه 4630 تومن شد,shopping
4810,اینترنت خونه 2950 تومن شد,housing
4811,کیف 3140 تومن شد,shopping
4812,مترو خریدم 2900,transport
4813,2630 تومن فلافل گرفتم,food
4814,3210 تومن برای کنسرت دادم,entertainment
4815,صبحونه خریدم 2530,food
4816,1380 تومن درمان گرفتم,health
4817,بازی 4000 تومن شد,entertainment
4818,750 تومن برای اینترنت خونه دادم,housing
4819,قهوه 1280 تومن شد,food
4820,1690 تومن برای خرید سوپر دادم,shopping
4821,آزمایش 2890 تومن شد,health
4822,2500 تومن برای قبض برق دادم,housing
4823,دندانپزشک 1040 تومن شد,health
4824,630 تومن برای دندانپزشک دادم,health
4825,خرید سوپر 3780 تومن شد,shopping
4826,دندانپزشک 1460 تومن شد,health
4827,3600 تومن بازی گرفتم,entertainment
4828,قبض برق 1060 تومن شد,housing
4829,اجاره خریدم 160,housing
4830,فلافل 2400 تومن شد,food
4831,1970 خرج اشتراک فیلم شد,entertainment
4832,2290 تومن برای کرایه رفت و برگشت دادم,transport
4833,2350 تومن برای برگر دادم,food
4834,بنزین خریدم 3120,transport
4835,شارژ ساختمان 3020 تومن شد,housing
4836,650 تومن اجاره گرفتم,housing
4837,2460 تومن برای قبض گاز دادم,housing
4838,اتوبوس خریدم 4270,transport
4839,دارو خریدم 3230,health
4840,لباس 2040 تومن شد,shopping
4841,4300 تومن قبض گاز گرفتم,housing
4842,1670 خرج لباس شد,shopping
4843,4540 خرج دارو شد,health
4844,2560 تومن ناهار گرفتم,food
4845,790 تومن ناهار گرفتم,food
4846,دکتر 4830 تومن شد,health
4847,4990 تومن برای فلافل دادم,food
4848,2130 تومن برای اجاره دادم,housing
4849,2070 خرج قهوه شد,food
4850,صبحونه خریدم 2150,food
4851,2820 تومن میوه گرفتم,shopping
4852,830 تومن مترو گرفتم,transport
4853,1240 تومن شارژ ساختمان گرفتم,housing
4854,2870 تومن لوازم تحریر گرفتم,shopping
4855,2470 تومن شام گرفتم,food
4856,شام 3900 تومن شد,food
4857,2580 تومن برای اسنپ دادم,transport
4858,قبض آب خریدم 3890,housing
4859,3930 تومن برای صبحونه دادم,food
4860,سینما خریدم 3440,entertainment
4861,دارو 220 تومن شد,health
4862,دارو 1080 تومن شد,health
4863,50 تومن برای آزمایش دادم,health
4864,2990 تومن برای خرید سوپر دادم,shopping
4865,دکتر 2050 تومن شد,health
4866,50 خرج کرایه رفت و برگشت شد,transport
4867,2860 تومن برای قبض برق دادم,housing
4868,آزمایش 830 تومن شد,health
4869,ویزیت 1730 تومن شد,health
4870,2030 تومن قبض برق گرفتم,housing
4871,2330 تومن لباس گرفتم,shopping
4872,4970 خرج تفریح شد,entertainment
4873,960 تومن کنسرت گرفتم,entertainment
4874,4130 تومن کباب گرفتم,food
4875,1040 خرج میوه شد,shopping
4876,لوازم تحریر 1540 تومن شد,shopping
4877,ویزیت خریدم 1860,health
4878,2920 تومن برای شام دادم,food
4879,140 تومن برای کرایه رفت و برگشت دادم,transport
4880,شام 4260 تومن شد,food
4881,شارژ ساختمان خریدم 2570,housing
4882,لباس خریدم 2360,shopping
4883,دکتر خریدم 4730,health
4884,3070 تومن برای تفریح دادم,entertainment
4885,410 خرج میوه شد,shopping
4886,4380 تومن پیتزا گرفتم,food
4887,4400 تومن دارو گرفتم,health
4888,اجاره خریدم 1570,housing
4889,اشتراک فیلم 2920 تومن شد,entertainment
4890,پیتزا 1900 تومن شد,food
4891,میوه خریدم 4990,shopping
4892,400 تومن برای لباس دادم,shopping
4893,130 تومن برای اشتراک فیلم دادم,entertainment
4894,ساندویچ 1560 تومن شد,food
4895,قبض آب 4780 تومن شد,housing
4896,پیتزا خریدم 4520,food
4897,590 تومن تاکسی گرفتم,transport
4898,2350 خرج میوه شد,shopping
4899,1410 تومن برای کیف دادم,shopping
4900,قهوه 340 تومن شد,food
4901,تاکسی خریدم 2050,transport
4902,پیتزا خریدم 2560,food
4903,910 تومن بازی گرفتم,entertainment
4904,3380 تومن دارو گرفتم,health
4905,اینترنت خونه خریدم 1460,housing
4906,140 تومن برای اتوبوس دادم,transport
4907,اسنپ خریدم 3550,transport
4908,4490 خرج پیتزا شد,food
4909,تفریح خریدم 4890,entertainment
4910,4360 تومن بنزین گرفتم,transport
4911,470 خرج قبض برق شد,housing
4912,قبض آب خریدم 4220,housing
4913,1930 تومن برای دکتر دادم,health
4914,کیف 2780 تومن شد,shopping
4915,3290 تومن برای اینترنت خونه دادم,housing
4916,کنسرت خریدم 2990,entertainment
4917,1790 تومن برای قبض آب دادم,housing
4918,بنزین خریدم 3860,transport
4919,2100 تومن برای کیف دادم,shopping
4920,3100 تومن برای سینما دادم,entertainment
4921,4750 تومن برای اتوبوس دادم,transport
4922,2320 خرج کفش شد,shopping
4923,4570 تومن میوه گرفتم,shopping
4924,قبض گاز 4720 تومن شد,housing
4925,ویزیت 2780 تومن شد,health
4926,دکتر 4190 تومن شد,health
4927,کفش خریدم 430,shopping
4928,2800 تومن صبحونه گرفتم,food
4929,2960 تومن دارو گرفتم,health
4930,قبض گاز 3420 تومن شد,housing
4931,3520 تومن برای میوه دادم,shopping
4932,1680 تومن برای سینما دادم,entertainment
4933,آزمایش خریدم 2690,health
4934,کرایه رفت و برگشت خریدم 1810,transport
4935,خرید سوپر خریدم 1170,shopping
4936,بنزین 4600 تومن شد,transport
4937,4590 خرج خرید سوپر شد,shopping
4938,750 تومن قهوه گرفتم,food
4939,لباس خریدم 1250,shopping
4940,2790 تومن شارژ ساختمان گرفتم,housing
4941,100 تومن تاکسی گرفتم,transport
4942,اجاره 1080 تومن شد,housing
4943,360 تومن برای خرید سوپر دادم,shopping
4944,2180 تومن برای سینما دادم,entertainment
4945,70 خرج کفش شد,shopping
4946,2000 تومن برای قبض برق دادم,housing
4947,2210 خرج اتوبوس شد,transport
4948,3270 خرج آزمایش شد,health
4949,دارو خریدم 3490,health
4950,1650 تومن برای قهوه دادم,food
4951,برگر خریدم 3600,food
4952,3960 تومن تفریح گرفتم,entertainment
4953,3020 خرج اشتراک فیلم شد,entertainment
4954,2530 تومن اینترنت خونه گرفتم,housing
4955,سینما خریدم 4940,entertainment
4956,1310 خرج قهوه شد,food
4957,1270 تومن ساندویچ گرفتم,food
4958,3850 تومن برای بازی دادم,entertainment
4959,2420 تومن کرایه رفت و برگشت گرفتم,transport
4960,قبض برق خریدم 2840,housing
4961,2120 تومن کرایه رفت و برگشت گرفتم,transport
4962,3050 تومن ناهار گرفتم,food
4963,370 خرج آزمایش شد,health
4964,1420 خرج مترو شد,transport
4965,3360 تومن تفریح گرفتم,entertainment
4966,620 خرج قبض گاز شد,housing
4967,کنسرت خریدم 4630,entertainment
4968,220 تومن برای شارژ ساختمان دادم,housing
4969,2200 تومن ویزیت گرفتم,health
4970,4970 تومن میوه گرفتم,shopping
4971,مترو 2500 تومن شد,transport
4972,کباب 3990 تومن شد,food
4973,سینما 1560 تومن شد,entertainment
4974,4450 خرج اتوبوس شد,transport
4975,کنسرت خریدم 3670,entertainment
4976,خرید سوپر 530 تومن شد,shopping
4977,3810 خرج اسنپ شد,transport
4978,دارو خریدم 2260,health
4979,2220 تومن اینترنت خونه گرفتم,housing
4980,4610 تومن برای کیف دادم,shopping
4981,کیف خریدم 560,shopping
4982,سینما خریدم 1440,entertainment
4983,2180 تومن درمان گرفتم,health
4984,1360 تومن برای ساندویچ دادم,food
4985,بازی 2610 تومن شد,entertainment
4986,تاکسی 140 تومن شد,transport
4987,ناهار 3420 تومن شد,food
4988,2810 تومن برای اشتراک فیلم دادم,entertainment
4989,2460 تومن ویزیت گرفتم,health
4990,میوه خریدم 3000,shopping
4991,صبحونه 220 تومن شد,food
4992,اسنپ 1550 تومن شد,transport
4993,2020 تومن لوازم تحریر گرفتم,shopping
4994,2630 تومن اجاره گرفتم,housing
4995,3420 تومن برای صبحونه دادم,food
4996,60 تومن برای دندانپزشک دادم,health
4997,اتوبوس 4730 تومن شد,transport
4998,کنسرت خریدم 980,entertainment
4999,1110 تومن بازی گرفتم,entertainment
5000,2850 خرج مترو شد,transport
