id,text,label
1,برای 2420 پیتزا تومن دادم,food
2,950 تومن خرج هزینه متفرقه کردم,other
3,1214 تومن پیتزا گرفتم,food
4,4806 برای میوه دادم,shopping
5,برای 1673 بیف برگر تومن دادم,food
6,3274 برای هزینه شخصی پرداخت شد,other
7,4285 تومن خرج هزینه شخصی کردم,other
8,خرید 3709 دندانپزشک تومن,health
9,3491 تومن سینما رفتم,entertainment
10,1008 تومن کنسرت رفتم,entertainment
11,خرید 1912 دندانپزشک تومن,health
12,برای 1526 کباب تومن دادم,food
13,2717 تومن خرید کیف کردم,shopping
14,3348 برای لباس دادم,shopping
15,2310 تومن خرید لوازم تحریر کردم,shopping
16,خرید 2914 آزمایش تومن,health
17,3506 کرایه تاکسی شد,transport
18,3380 تومن قبض آب دادم,housing
19,4499 تومن هزینه آزمایش شد,health
20,3297 تومن هزینه ویزیت شد,health
21,1683 برای هزینه شخصی پرداخت شد,other
22,4294 برای سوپرمارکت دادم,shopping
23,برای 1259 سینما دادم,entertainment
24,خرید 261 ویزیت تومن,health
25,3858 تومن قبض آب دادم,housing
26,خرید 3691 دارو تومن,health
27,خرید 351 آزمایش تومن,health
28,2793 تومن سوپرمارکت خریدم,shopping
29,خرید 2758 دارو تومن,health
30,4913 برای مترو پرداخت کردم,transport
31,4036 تومن کباب خوردم,food
32,782 اجاره خونه پرداخت کردم,housing
33,596 تومن خرج هزینه متفرقه کردم,other
34,1783 تومن بیف برگر خوردم,food
35,خرید 839 ویزیت تومن,health
36,خرید 1526 آزمایش تومن,health
37,703 تومن صبحونه گرفتم,food
38,1174 تومن قبض برق دادم,housing
39,4599 تومن قبض آب دادم,housing
40,2285 تومن ساندویچ خوردم,food
41,سهم 136 آب شد,housing
42,1473 اجاره خونه پرداخت کردم,housing
43,217 تومن سینما رفتم,entertainment
44,3341 تومن سوپرمارکت خریدم,shopping
45,4348 برای رفت و برگشت پرداخت کردم,transport
46,خرید 4575 ویزیت تومن,health
47,سهم 2376 آب شد,housing
48,4401 هزینه هزینه شخصی شد,other
49,3214 برای کار اداری پرداخت شد,other
50,برای 557 شهربازی دادم,entertainment
51,946 تومن ناهار خوردم,food
52,2632 برای هزینه شخصی پرداخت شد,other
53,2258 برای هزینه متفرقه پرداخت شد,other
54,2583 برای هزینه متفرقه پرداخت شد,other
55,798 هزینه هزینه متفرقه شد,other
56,3373 تومن هزینه آزمایش شد,health
57,برای 3803 شام تومن دادم,food
58,1883 برای مترو پرداخت کردم,transport
59,2323 برای هزینه متفرقه پرداخت شد,other
60,2645 تومن کباب گرفتم,food
61,3950 کرایه رفت و برگشت شد,transport
62,1160 برای کیف دادم,shopping
63,2088 تومن لباس خریدم,shopping
64,4999 تومن خرج هزینه شخصی کردم,other
65,82 تومن بازی رفتم,entertainment
66,3267 تومن قبض برق دادم,housing
67,2083 تومن قبض اجاره دادم,housing
68,خرید 4204 دندانپزشک تومن,health
69,3268 تومن کیف خریدم,shopping
70,1521 تومن هزینه دارو شد,health
71,850 تومن هزینه ویزیت شد,health
72,3810 تومن دکتر رفتم,health
73,1105 تومن خرید سوپرمارکت کردم,shopping
74,2020 تومن خرج هزینه شخصی کردم,other
75,4966 تومن ساندویچ گرفتم,food
76,2409 تومن هزینه دندانپزشک شد,health
77,برای 4328 شام تومن دادم,food
78,4739 تومن شهربازی رفتم,entertainment
79,2430 کرایه اتوبوس شد,transport
80,سهم 2788 شارژ ساختمان شد,housing
81,4944 کرایه اسنپ شد,transport
82,3739 تومن بیف برگر خوردم,food
83,323 تومن دکتر رفتم,health
84,1210 تومن کباب خوردم,food
85,4483 تومن رفت و برگشت گرفتم,transport
86,2829 تومن خرید کیف کردم,shopping
87,1786 کرایه رفت و برگشت شد,transport
88,برای 1959 پیتزا تومن دادم,food
89,172 برای اسنپ پرداخت کردم,transport
90,1309 تومن خرج هزینه شخصی کردم,other
91,4913 تومن ناهار گرفتم,food
92,3591 تومن خرج هزینه متفرقه کردم,other
93,21 هزینه هزینه شخصی شد,other
94,2917 برای تاکسی پرداخت کردم,transport
95,2517 برای هزینه متفرقه پرداخت شد,other
96,4832 تومن ساندویچ گرفتم,food
97,2533 تومن ساندویچ خوردم,food
98,2872 تومن سینما رفتم,entertainment
99,1324 تومن خرج کار اداری کردم,other
100,466 تومن شام خوردم,food
101,2596 برای هزینه شخصی پرداخت شد,other
102,برای 926 کافی شاپ دادم,entertainment
103,1270 هزینه کار اداری شد,other
104,خرید 1235 دندانپزشک تومن,health
105,2487 برای هزینه شخصی پرداخت شد,other
106,برای 2471 شام تومن دادم,food
107,سهم 4767 شارژ ساختمان شد,housing
108,برای 3595 پیتزا تومن دادم,food
109,868 تومن تاکسی گرفتم,transport
110,4608 خرج کنسرت شد,entertainment
111,1046 تومن لوازم تحریر خریدم,shopping
112,سهم 2564 شارژ ساختمان شد,housing
113,558 خرج بازی شد,entertainment
114,3660 خرج سینما شد,entertainment
115,خرید 2715 دندانپزشک تومن,health
116,669 تومن خرید لوازم تحریر کردم,shopping
117,497 تومن سینما رفتم,entertainment
118,3912 تومن خرید لوازم تحریر کردم,shopping
119,2004 تومن هزینه ویزیت شد,health
120,2515 تومن بیف برگر خوردم,food
121,برای 3688 ساندویچ تومن دادم,food
122,3099 تومن هزینه دندانپزشک شد,health
123,3449 تومن کباب خوردم,food
124,برای 2140 سینما دادم,entertainment
125,4581 تومن هزینه دارو شد,health
126,سهم 4409 اجاره شد,housing
127,4653 تومن خرج کار اداری کردم,other
128,2518 کرایه اسنپ شد,transport
129,خرید 4647 آزمایش تومن,health
130,1971 تومن خرج هزینه شخصی کردم,other
131,خرید 3804 ویزیت تومن,health
132,825 تومن صبحونه خوردم,food
133,789 تومن بازی رفتم,entertainment
134,خرید 1723 دندانپزشک تومن,health
135,3172 برای سوپرمارکت دادم,shopping
136,2118 تومن خرید میوه کردم,shopping
137,3726 تومن دکتر رفتم,health
138,3397 تومن خرج کار اداری کردم,other
139,2751 تومن ساندویچ گرفتم,food
140,469 تومن قبض گاز دادم,housing
141,3758 تومن کباب خوردم,food
142,3556 تومن خرید کیف کردم,shopping
143,1811 تومن لباس خریدم,shopping
144,1548 برای لباس دادم,shopping
145,163 کرایه اتوبوس شد,transport
146,3619 تومن اسنپ گرفتم,transport
147,4196 تومن هزینه آزمایش شد,health
148,سهم 3375 آب شد,housing
149,خرید 4107 دندانپزشک تومن,health
150,954 تومن صبحونه گرفتم,food
151,2227 تومن لوازم تحریر خریدم,shopping
152,940 تومن کنسرت رفتم,entertainment
153,برای 2177 بازی دادم,entertainment
154,خرید 96 دندانپزشک تومن,health
155,3821 تومن لباس خریدم,shopping
156,4060 تومن کباب گرفتم,food
157,2183 تومن خرید لباس کردم,shopping
158,2468 تومن رفت و برگشت گرفتم,transport
159,486 تومن هزینه دارو شد,health
160,4501 تومن خرج هزینه شخصی کردم,other
161,68 خرج کافی شاپ شد,entertainment
162,4215 تومن دکتر رفتم,health
163,2549 هزینه هزینه شخصی شد,other
164,2453 تومن خرید میوه کردم,shopping
165,خرید 1004 دارو تومن,health
166,3699 تومن شام خوردم,food
167,3800 تومن ناهار گرفتم,food
168,3862 تومن اسنپ گرفتم,transport
169,برای 3527 کباب تومن دادم,food
170,برای 2307 ناهار تومن دادم,food
171,برای 4854 کباب تومن دادم,food
172,72 برای رفت و برگشت پرداخت کردم,transport
173,1517 تومن قبض برق دادم,housing
174,896 تومن بیف برگر خوردم,food
175,828 تومن بیف برگر خوردم,food
176,1465 تومن قبض برق دادم,housing
177,1321 خرج بازی شد,entertainment
178,3766 خرج کافی شاپ شد,entertainment
179,3024 تومن خرید کیف کردم,shopping
180,3875 تومن دکتر رفتم,health
181,4138 هزینه هزینه شخصی شد,other
182,خرید 817 دارو تومن,health
183,541 تومن دکتر رفتم,health
184,273 تومن ساندویچ خوردم,food
185,2554 برای اتوبوس پرداخت کردم,transport
186,716 تومن ساندویچ گرفتم,food
187,3629 تومن شام گرفتم,food
188,4236 خرج کنسرت شد,entertainment
189,522 تومن بازی رفتم,entertainment
190,3097 تومن اتوبوس گرفتم,transport
191,2685 کرایه اتوبوس شد,transport
192,3398 هزینه کار اداری شد,other
193,2586 تومن شهربازی رفتم,entertainment
194,برای 4939 ساندویچ تومن دادم,food
195,خرید 3272 آزمایش تومن,health
196,2762 تومن خرید میوه کردم,shopping
197,برای 938 صبحونه تومن دادم,food
198,برای 247 بازی دادم,entertainment
199,183 تومن خرید کیف کردم,shopping
200,976 تومن بیف برگر خوردم,food
201,3162 تومن قبض برق دادم,housing
202,316 تومن قبض اجاره دادم,housing
203,4249 تومن سینما رفتم,entertainment
204,2894 تومن مترو گرفتم,transport
205,4108 خرج کنسرت شد,entertainment
206,1154 تومن میوه خریدم,shopping
207,4126 تومن قبض آب دادم,housing
208,295 تومن قبض اجاره دادم,housing
209,1014 خرج سینما شد,entertainment
210,برای 2751 بیف برگر تومن دادم,food
211,2967 تومن هزینه دندانپزشک شد,health
212,2360 برای تاکسی پرداخت کردم,transport
213,برای 460 ناهار تومن دادم,food
214,1098 تومن کافی شاپ رفتم,entertainment
215,4587 برای تاکسی پرداخت کردم,transport
216,1301 تومن خرج هزینه متفرقه کردم,other
217,1406 تومن هزینه ویزیت شد,health
218,برای 3902 بازی دادم,entertainment
219,برای 1194 سینما دادم,entertainment
220,4472 تومن سینما رفتم,entertainment
221,3918 تومن خرید لباس کردم,shopping
222,سهم 3603 آب شد,housing
223,3821 کرایه اسنپ شد,transport
224,1345 تومن پیتزا گرفتم,food
225,1577 کرایه رفت و برگشت شد,transport
226,برای 1081 شام تومن دادم,food
227,1475 تومن هزینه دندانپزشک شد,health
228,1804 برای تاکسی پرداخت کردم,transport
229,2489 تومن شهربازی رفتم,entertainment
230,برای 4596 ساندویچ تومن دادم,food
231,4956 هزینه هزینه متفرقه شد,other
232,143 تومن پیتزا خوردم,food
233,1242 هزینه هزینه شخصی شد,other
234,84 تومن بیف برگر خوردم,food
235,4433 تومن خرید لباس کردم,shopping
236,خرید 621 دارو تومن,health
237,2351 خرج بازی شد,entertainment
238,1152 اجاره خونه پرداخت کردم,housing
239,1226 تومن شام گرفتم,food
240,4965 تومن قبض اجاره دادم,housing
241,4079 تومن اتوبوس گرفتم,transport
242,برای 3972 ناهار تومن دادم,food
243,3891 تومن شهربازی رفتم,entertainment
244,سهم 257 اجاره شد,housing
245,533 تومن پیتزا گرفتم,food
246,110 تومن لباس خریدم,shopping
247,4992 تومن کافی شاپ رفتم,entertainment
248,برای 723 بیف برگر تومن دادم,food
249,2472 تومن لوازم تحریر خریدم,shopping
250,برای 3963 شهربازی دادم,entertainment
251,1912 کرایه مترو شد,transport
252,417 برای سوپرمارکت دادم,shopping
253,2358 تومن قبض برق دادم,housing
254,برای 2465 شهربازی دادم,entertainment
255,2575 تومن دکتر رفتم,health
256,3478 تومن شام خوردم,food
257,2661 تومن هزینه دندانپزشک شد,health
258,2527 تومن اسنپ گرفتم,transport
259,1123 کرایه اسنپ شد,transport
260,برای 4202 کنسرت دادم,entertainment
261,140 برای هزینه متفرقه پرداخت شد,other
262,خرید 4173 ویزیت تومن,health
263,2591 برای مترو پرداخت کردم,transport
264,520 تومن قبض برق دادم,housing
265,1262 تومن هزینه آزمایش شد,health
266,برای 531 شهربازی دادم,entertainment
267,4714 برای رفت و برگشت پرداخت کردم,transport
268,3963 تومن کیف خریدم,shopping
269,1882 تومن کباب خوردم,food
270,2761 تومن سوپرمارکت خریدم,shopping
271,1697 تومن خرید میوه کردم,shopping
272,3396 برای رفت و برگشت پرداخت کردم,transport
273,3041 برای کار اداری پرداخت شد,other
274,412 تومن مترو گرفتم,transport
275,سهم 3571 اجاره شد,housing
276,1555 تومن اسنپ گرفتم,transport
277,برای 2739 صبحونه تومن دادم,food
278,برای 2439 بازی دادم,entertainment
279,2089 هزینه هزینه متفرقه شد,other
280,برای 3916 بازی دادم,entertainment
281,برای 2942 کافی شاپ دادم,entertainment
282,خرید 1350 دندانپزشک تومن,health
283,1380 برای اتوبوس پرداخت کردم,transport
284,1941 تومن خرید سوپرمارکت کردم,shopping
285,249 تومن خرید کیف کردم,shopping
286,1662 خرج بازی شد,entertainment
287,4108 تومن قبض شارژ ساختمان دادم,housing
288,1778 برای لباس دادم,shopping
289,3928 تومن خرید لباس کردم,shopping
290,859 اجاره خونه پرداخت کردم,housing
291,1067 هزینه کار اداری شد,other
292,4768 تومن رفت و برگشت گرفتم,transport
293,2363 کرایه اتوبوس شد,transport
294,1103 تومن هزینه دارو شد,health
295,2299 برای رفت و برگشت پرداخت کردم,transport
296,3278 تومن خرید لباس کردم,shopping
297,4449 تومن خرج هزینه شخصی کردم,other
298,948 اجاره خونه پرداخت کردم,housing
299,برای 2967 کباب تومن دادم,food
300,4575 برای کیف دادم,shopping
301,1650 تومن خرج هزینه شخصی کردم,other
302,50 کرایه اسنپ شد,transport
303,704 تومن قبض شارژ ساختمان دادم,housing
304,خرید 1256 آزمایش تومن,health
305,1059 تومن خرج هزینه متفرقه کردم,other
306,719 تومن خرج هزینه متفرقه کردم,other
307,489 برای لوازم تحریر دادم,shopping
308,1486 کرایه اتوبوس شد,transport
309,1110 برای اسنپ پرداخت کردم,transport
310,1329 تومن بازی رفتم,entertainment
311,2087 خرج کافی شاپ شد,entertainment
312,برای 1919 کافی شاپ دادم,entertainment
313,2292 تومن دکتر رفتم,health
314,1883 برای لباس دادم,shopping
315,3425 برای لوازم تحریر دادم,shopping
316,1472 هزینه هزینه شخصی شد,other
317,4303 برای لوازم تحریر دادم,shopping
318,2582 تومن پیتزا گرفتم,food
319,2840 تومن خرید لباس کردم,shopping
320,1567 اجاره خونه پرداخت کردم,housing
321,3420 تومن دکتر رفتم,health
322,418 تومن قبض برق دادم,housing
323,4395 تومن دکتر رفتم,health
324,برای 1537 بیف برگر تومن دادم,food
325,264 تومن خرید لباس کردم,shopping
326,برای 454 ناهار تومن دادم,food
327,897 خرج شهربازی شد,entertainment
328,1148 برای هزینه متفرقه پرداخت شد,other
329,111 تومن هزینه ویزیت شد,health
330,برای 2661 ساندویچ تومن دادم,food
331,1754 تومن اتوبوس گرفتم,transport
332,2900 برای سوپرمارکت دادم,shopping
333,خرید 2625 ویزیت تومن,health
334,2965 تومن خرج کار اداری کردم,other
335,1548 تومن قبض برق دادم,housing
336,3144 اجاره خونه پرداخت کردم,housing
337,2624 برای هزینه شخصی پرداخت شد,other
338,برای 4083 پیتزا تومن دادم,food
339,2245 تومن قبض اجاره دادم,housing
340,خرید 2147 دارو تومن,health
341,3878 تومن ناهار خوردم,food
342,3639 تومن بیف برگر خوردم,food
343,4821 تومن خرید لوازم تحریر کردم,shopping
344,2321 تومن خرج هزینه متفرقه کردم,other
345,595 برای هزینه شخصی پرداخت شد,other
346,4024 برای هزینه متفرقه پرداخت شد,other
347,2723 تومن پیتزا گرفتم,food
348,2219 تومن کیف خریدم,shopping
349,1442 برای سوپرمارکت دادم,shopping
350,372 تومن خرید لباس کردم,shopping
351,3939 برای اسنپ پرداخت کردم,transport
352,661 برای سوپرمارکت دادم,shopping
353,4134 تومن قبض برق دادم,housing
354,955 برای اتوبوس پرداخت کردم,transport
355,سهم 1372 برق شد,housing
356,1435 تومن هزینه دندانپزشک شد,health
357,1616 اجاره خونه پرداخت کردم,housing
358,4717 تومن کباب خوردم,food
359,2324 تومن هزینه دارو شد,health
360,برای 4951 شهربازی دادم,entertainment
361,294 تومن کباب خوردم,food
362,2163 تومن قبض برق دادم,housing
363,319 کرایه اتوبوس شد,transport
364,برای 2713 بازی دادم,entertainment
365,4529 تومن ناهار خوردم,food
366,3705 تومن لباس خریدم,shopping
367,961 کرایه اتوبوس شد,transport
368,1012 خرج کافی شاپ شد,entertainment
369,4631 برای رفت و برگشت پرداخت کردم,transport
370,1933 خرج کافی شاپ شد,entertainment
371,503 برای لوازم تحریر دادم,shopping
372,4482 هزینه کار اداری شد,other
373,1252 تومن قبض اجاره دادم,housing
374,4073 تومن سینما رفتم,entertainment
375,1134 کرایه اسنپ شد,transport
376,2243 اجاره خونه پرداخت کردم,housing
377,4216 تومن مترو گرفتم,transport
378,سهم 2017 اجاره شد,housing
379,2929 تومن خرید سوپرمارکت کردم,shopping
380,661 تومن خرید سوپرمارکت کردم,shopping
381,321 تومن دکتر رفتم,health
382,3619 برای کار اداری پرداخت شد,other
383,747 کرایه اسنپ شد,transport
384,1044 تومن دکتر رفتم,health
385,1799 هزینه هزینه شخصی شد,other
386,4080 تومن لباس خریدم,shopping
387,2557 تومن شام گرفتم,food
388,4210 برای تاکسی پرداخت کردم,transport
389,605 خرج کافی شاپ شد,entertainment
390,2041 تومن خرید کیف کردم,shopping
391,سهم 1978 شارژ ساختمان شد,housing
392,2559 تومن شهربازی رفتم,entertainment
393,3075 کرایه تاکسی شد,transport
394,2839 تومن مترو گرفتم,transport
395,4497 تومن پیتزا خوردم,food
396,2561 تومن تاکسی گرفتم,transport
397,3243 خرج کافی شاپ شد,entertainment
398,169 برای کیف دادم,shopping
399,4183 برای لباس دادم,shopping
400,3244 برای هزینه شخصی پرداخت شد,other
401,1605 تومن هزینه آزمایش شد,health
402,644 تومن اسنپ گرفتم,transport
403,2478 تومن قبض آب دادم,housing
404,886 تومن لوازم تحریر خریدم,shopping
405,4015 برای میوه دادم,shopping
406,سهم 3729 برق شد,housing
407,4636 هزینه هزینه شخصی شد,other
408,994 خرج کنسرت شد,entertainment
409,برای 754 کافی شاپ دادم,entertainment
410,برای 1798 بازی دادم,entertainment
411,3985 تومن لوازم تحریر خریدم,shopping
412,437 کرایه اسنپ شد,transport
413,4662 تومن ساندویچ گرفتم,food
414,3598 تومن بیف برگر گرفتم,food
415,برای 322 ناهار تومن دادم,food
416,2754 اجاره خونه پرداخت کردم,housing
417,4160 تومن قبض شارژ ساختمان دادم,housing
418,خرید 2232 ویزیت تومن,health
419,3994 هزینه هزینه متفرقه شد,other
420,1993 کرایه رفت و برگشت شد,transport
421,4337 تومن کباب گرفتم,food
422,1347 تومن کیف خریدم,shopping
423,2069 برای لباس دادم,shopping
424,3697 خرج کنسرت شد,entertainment
425,3743 هزینه کار اداری شد,other
426,خرید 2913 دارو تومن,health
427,2825 تومن دکتر رفتم,health
428,2604 اجاره خونه پرداخت کردم,housing
429,4275 هزینه هزینه متفرقه شد,other
430,2235 تومن تاکسی گرفتم,transport
431,برای 55 کباب تومن دادم,food
432,1798 تومن صبحونه خوردم,food
433,4311 هزینه کار اداری شد,other
434,1643 تومن پیتزا خوردم,food
435,4716 هزینه هزینه شخصی شد,other
436,4258 تومن میوه خریدم,shopping
437,4619 تومن اسنپ گرفتم,transport
438,3802 تومن هزینه آزمایش شد,health
439,4435 اجاره خونه پرداخت کردم,housing
440,سهم 3351 اجاره شد,housing
441,3404 برای تاکسی پرداخت کردم,transport
442,4542 برای کیف دادم,shopping
443,849 کرایه رفت و برگشت شد,transport
444,1345 تومن هزینه دندانپزشک شد,health
445,برای 4995 ناهار تومن دادم,food
446,برای 4452 کافی شاپ دادم,entertainment
447,3335 تومن دکتر رفتم,health
448,برای 1903 بیف برگر تومن دادم,food
449,برای 2458 سینما دادم,entertainment
450,3529 برای لوازم تحریر دادم,shopping
451,3771 تومن مترو گرفتم,transport
452,966 تومن دکتر رفتم,health
453,1925 برای کیف دادم,shopping
454,3906 تومن دکتر رفتم,health
455,4890 تومن ناهار خوردم,food
456,3830 تومن شام گرفتم,food
457,4473 تومن خرید لباس کردم,shopping
458,4696 تومن میوه خریدم,shopping
459,4133 برای کار اداری پرداخت شد,other
460,خرید 2623 آزمایش تومن,health
461,632 برای هزینه متفرقه پرداخت شد,other
462,2961 تومن رفت و برگشت گرفتم,transport
463,سهم 4316 برق شد,housing
464,1814 کرایه اسنپ شد,transport
465,4605 برای لوازم تحریر دادم,shopping
466,3925 برای مترو پرداخت کردم,transport
467,1171 تومن قبض برق دادم,housing
468,برای 1350 کافی شاپ دادم,entertainment
469,3746 خرج سینما شد,entertainment
470,3564 هزینه کار اداری شد,other
471,برای 3319 کباب تومن دادم,food
472,4994 خرج شهربازی شد,entertainment
473,4757 تومن کنسرت رفتم,entertainment
474,سهم 3810 گاز شد,housing
475,برای 4438 بازی دادم,entertainment
476,3115 تومن کباب گرفتم,food
477,4933 تومن قبض شارژ ساختمان دادم,housing
478,4501 تومن هزینه آزمایش شد,health
479,خرید 1290 ویزیت تومن,health
480,3514 برای تاکسی پرداخت کردم,transport
481,برای 3266 ناهار تومن دادم,food
482,3824 تومن خرید لوازم تحریر کردم,shopping
483,3900 تومن کباب خوردم,food
484,260 تومن سوپرمارکت خریدم,shopping
485,1793 تومن قبض گاز دادم,housing
486,4517 تومن تاکسی گرفتم,transport
487,2759 تومن تاکسی گرفتم,transport
488,برای 182 کافی شاپ دادم,entertainment
489,4993 خرج بازی شد,entertainment
490,برای 1957 بیف برگر تومن دادم,food
491,برای 109 شهربازی دادم,entertainment
492,4447 تومن خرید سوپرمارکت کردم,shopping
493,برای 2131 شهربازی دادم,entertainment
494,4111 کرایه اتوبوس شد,transport
495,4253 تومن رفت و برگشت گرفتم,transport
496,1181 تومن ساندویچ گرفتم,food
497,1712 تومن کباب خوردم,food
498,3657 تومن هزینه دندانپزشک شد,health
499,2517 اجاره خونه پرداخت کردم,housing
500,3012 برای کیف دادم,shopping
501,667 خرج شهربازی شد,entertainment
502,838 برای اتوبوس پرداخت کردم,transport
503,4334 تومن هزینه دندانپزشک شد,health
504,4242 برای لباس دادم,shopping
505,4496 تومن شام گرفتم,food
506,2571 تومن صبحونه گرفتم,food
507,4750 برای لباس دادم,shopping
508,64 تومن قبض شارژ ساختمان دادم,housing
509,3246 برای اتوبوس پرداخت کردم,transport
510,2765 کرایه مترو شد,transport
511,خرید 1852 دندانپزشک تومن,health
512,3705 برای رفت و برگشت پرداخت کردم,transport
513,4063 برای کیف دادم,shopping
514,451 تومن ناهار خوردم,food
515,852 برای هزینه شخصی پرداخت شد,other
516,4696 تومن خرج هزینه متفرقه کردم,other
517,4901 کرایه اسنپ شد,transport
518,543 تومن لباس خریدم,shopping
519,4477 تومن کباب خوردم,food
520,4541 تومن ساندویچ خوردم,food
521,2785 کرایه تاکسی شد,transport
522,برای 88 شهربازی دادم,entertainment
523,خرید 3265 دندانپزشک تومن,health
524,سهم 3058 شارژ ساختمان شد,housing
525,3890 برای هزینه شخصی پرداخت شد,other
526,1696 تومن پیتزا گرفتم,food
527,4766 تومن شام گرفتم,food
528,2052 برای کیف دادم,shopping
529,147 تومن بیف برگر گرفتم,food
530,3105 تومن خرید لوازم تحریر کردم,shopping
531,3014 خرج بازی شد,entertainment
532,209 تومن خرج کار اداری کردم,other
533,687 برای کار اداری پرداخت شد,other
534,3176 تومن لوازم تحریر خریدم,shopping
535,4098 تومن خرج هزینه شخصی کردم,other
536,2836 خرج بازی شد,entertainment
537,3053 خرج کافی شاپ شد,entertainment
538,711 برای اسنپ پرداخت کردم,transport
539,سهم 2920 اجاره شد,housing
540,1476 تومن خرج کار اداری کردم,other
541,1997 تومن بازی رفتم,entertainment
542,55 کرایه اتوبوس شد,transport
543,269 تومن لوازم تحریر خریدم,shopping
544,خرید 4987 دندانپزشک تومن,health
545,857 کرایه مترو شد,transport
546,برای 4694 بازی دادم,entertainment
547,3235 تومن رفت و برگشت گرفتم,transport
548,3405 تومن بازی رفتم,entertainment
549,2462 تومن خرید میوه کردم,shopping
550,777 برای لباس دادم,shopping
551,2873 تومن رفت و برگشت گرفتم,transport
552,3644 تومن دکتر رفتم,health
553,98 تومن خرید سوپرمارکت کردم,shopping
554,1551 تومن خرج هزینه متفرقه کردم,other
555,سهم 1221 اجاره شد,housing
556,1138 تومن خرج هزینه شخصی کردم,other
557,2420 تومن کباب خوردم,food
558,1426 برای رفت و برگشت پرداخت کردم,transport
559,2020 برای تاکسی پرداخت کردم,transport
560,3048 تومن شام خوردم,food
561,4617 تومن کیف خریدم,shopping
562,4498 خرج سینما شد,entertainment
563,2013 اجاره خونه پرداخت کردم,housing
564,2009 خرج سینما شد,entertainment
565,2400 کرایه تاکسی شد,transport
566,1075 تومن اسنپ گرفتم,transport
567,152 تومن خرید کیف کردم,shopping
568,سهم 191 آب شد,housing
569,1640 تومن میوه خریدم,shopping
570,2710 تومن پیتزا خوردم,food
571,4432 خرج بازی شد,entertainment
572,2176 تومن سینما رفتم,entertainment
573,292 تومن خرج کار اداری کردم,other
574,4177 هزینه هزینه متفرقه شد,other
575,2470 خرج بازی شد,entertainment
576,4137 تومن کنسرت رفتم,entertainment
577,خرید 125 آزمایش تومن,health
578,2915 تومن دکتر رفتم,health
579,4229 تومن خرید لباس کردم,shopping
580,1683 تومن هزینه دندانپزشک شد,health
581,2494 تومن بیف برگر گرفتم,food
582,2511 تومن خرید لوازم تحریر کردم,shopping
583,3378 تومن تاکسی گرفتم,transport
584,1753 برای رفت و برگشت پرداخت کردم,transport
585,سهم 2141 شارژ ساختمان شد,housing
586,3906 هزینه هزینه شخصی شد,other
587,1057 تومن خرید میوه کردم,shopping
588,1262 اجاره خونه پرداخت کردم,housing
589,1915 تومن کافی شاپ رفتم,entertainment
590,برای 1274 ناهار تومن دادم,food
591,700 تومن قبض برق دادم,housing
592,3080 کرایه مترو شد,transport
593,3136 تومن میوه خریدم,shopping
594,4233 تومن لوازم تحریر خریدم,shopping
595,1315 تومن کنسرت رفتم,entertainment
596,برای 4254 کباب تومن دادم,food
597,4821 تومن اسنپ گرفتم,transport
598,1217 خرج کافی شاپ شد,entertainment
599,2245 هزینه کار اداری شد,other
600,595 تومن قبض شارژ ساختمان دادم,housing
601,برای 1397 کباب تومن دادم,food
602,4082 تومن خرید میوه کردم,shopping
603,سهم 3592 برق شد,housing
604,2690 اجاره خونه پرداخت کردم,housing
605,3657 تومن هزینه دندانپزشک شد,health
606,4902 تومن هزینه آزمایش شد,health
607,خرید 1665 دارو تومن,health
608,2867 تومن لباس خریدم,shopping
609,791 تومن مترو گرفتم,transport
610,برای 947 شام تومن دادم,food
611,2053 تومن کنسرت رفتم,entertainment
612,خرید 4907 دندانپزشک تومن,health
613,2565 برای هزینه متفرقه پرداخت شد,other
614,3151 تومن ناهار گرفتم,food
615,985 تومن دکتر رفتم,health
616,برای 4797 کنسرت دادم,entertainment
617,برای 2759 شهربازی دادم,entertainment
618,1243 تومن هزینه ویزیت شد,health
619,4328 تومن خرید میوه کردم,shopping
620,1132 تومن قبض اجاره دادم,housing
621,940 تومن هزینه ویزیت شد,health
622,4125 برای اسنپ پرداخت کردم,transport
623,سهم 3542 گاز شد,housing
624,برای 3257 سینما دادم,entertainment
625,234 تومن دکتر رفتم,health
626,4538 تومن خرج کار اداری کردم,other
627,2079 تومن کافی شاپ رفتم,entertainment
628,برای 4528 ناهار تومن دادم,food
629,برای 4023 بازی دادم,entertainment
630,3813 برای کار اداری پرداخت شد,other
631,برای 3784 کنسرت دادم,entertainment
632,818 کرایه مترو شد,transport
633,157 تومن کباب گرفتم,food
634,خرید 3635 دارو تومن,health
635,برای 4419 صبحونه تومن دادم,food
636,480 تومن هزینه ویزیت شد,health
637,1700 اجاره خونه پرداخت کردم,housing
638,4453 تومن اسنپ گرفتم,transport
639,45 تومن بیف برگر گرفتم,food
640,2875 تومن خرج هزینه شخصی کردم,other
641,1985 هزینه هزینه متفرقه شد,other
642,1402 تومن رفت و برگشت گرفتم,transport
643,خرید 4129 دارو تومن,health
644,2216 هزینه هزینه شخصی شد,other
645,برای 2598 پیتزا تومن دادم,food
646,1646 برای کیف دادم,shopping
647,1655 خرج کنسرت شد,entertainment
648,3058 اجاره خونه پرداخت کردم,housing
649,3471 تومن خرید کیف کردم,shopping
650,خرید 4341 آزمایش تومن,health
651,3354 کرایه اتوبوس شد,transport
652,4937 اجاره خونه پرداخت کردم,housing
653,2190 تومن اتوبوس گرفتم,transport
654,برای 1257 کباب تومن دادم,food
655,88 تومن قبض شارژ ساختمان دادم,housing
656,3880 تومن صبحونه خوردم,food
657,1805 تومن ناهار خوردم,food
658,4871 تومن سوپرمارکت خریدم,shopping
659,165 برای هزینه متفرقه پرداخت شد,other
660,3586 اجاره خونه پرداخت کردم,housing
661,4054 خرج کافی شاپ شد,entertainment
662,368 تومن خرید میوه کردم,shopping
663,3102 تومن هزینه آزمایش شد,health
664,4323 تومن بیف برگر خوردم,food
665,برای 3679 سینما دادم,entertainment
666,3814 کرایه رفت و برگشت شد,transport
667,4275 تومن هزینه دارو شد,health
668,2500 تومن کباب گرفتم,food
669,2536 تومن کباب گرفتم,food
670,4341 تومن دکتر رفتم,health
671,506 برای اتوبوس پرداخت کردم,transport
672,3916 تومن ساندویچ گرفتم,food
673,4918 اجاره خونه پرداخت کردم,housing
674,2520 برای لباس دادم,shopping
675,1619 هزینه کار اداری شد,other
676,426 برای سوپرمارکت دادم,shopping
677,2212 تومن خرید لوازم تحریر کردم,shopping
678,سهم 1152 گاز شد,housing
679,1465 تومن کباب گرفتم,food
680,1150 تومن پیتزا گرفتم,food
681,1975 برای هزینه متفرقه پرداخت شد,other
682,برای 4552 بیف برگر تومن دادم,food
683,1496 خرج کنسرت شد,entertainment
684,1018 تومن سینما رفتم,entertainment
685,4341 تومن خرید لباس کردم,shopping
686,2047 تومن هزینه دارو شد,health
687,1060 برای اتوبوس پرداخت کردم,transport
688,4250 برای لوازم تحریر دادم,shopping
689,2184 اجاره خونه پرداخت کردم,housing
690,1219 اجاره خونه پرداخت کردم,housing
691,4919 تومن مترو گرفتم,transport
692,542 کرایه رفت و برگشت شد,transport
693,1792 کرایه اسنپ شد,transport
694,4067 تومن دکتر رفتم,health
695,برای 2884 صبحونه تومن دادم,food
696,277 تومن رفت و برگشت گرفتم,transport
697,1770 اجاره خونه پرداخت کردم,housing
698,2904 برای رفت و برگشت پرداخت کردم,transport
699,2267 برای کار اداری پرداخت شد,other
700,4100 هزینه هزینه متفرقه شد,other
701,3772 تومن خرج هزینه شخصی کردم,other
702,3593 برای تاکسی پرداخت کردم,transport
703,1886 اجاره خونه پرداخت کردم,housing
704,3527 تومن ناهار خوردم,food
705,2160 برای هزینه متفرقه پرداخت شد,other
706,1368 برای رفت و برگشت پرداخت کردم,transport
707,3592 تومن بیف برگر خوردم,food
708,805 برای لباس دادم,shopping
709,2861 تومن کباب گرفتم,food
710,1079 تومن شام خوردم,food
711,3125 تومن خرج هزینه متفرقه کردم,other
712,سهم 4865 گاز شد,housing
713,3251 برای اسنپ پرداخت کردم,transport
714,2850 تومن خرید لوازم تحریر کردم,shopping
715,3669 تومن کیف خریدم,shopping
716,911 برای لوازم تحریر دادم,shopping
717,2269 خرج کنسرت شد,entertainment
718,1348 خرج سینما شد,entertainment
719,4622 اجاره خونه پرداخت کردم,housing
720,برای 1834 شام تومن دادم,food
721,برای 4586 ناهار تومن دادم,food
722,خرید 2589 ویزیت تومن,health
723,2826 تومن پیتزا گرفتم,food
724,برای 921 بیف برگر تومن دادم,food
725,4626 تومن خرج هزینه متفرقه کردم,other
726,4427 تومن دکتر رفتم,health
727,برای 3817 کافی شاپ دادم,entertainment
728,4625 تومن لوازم تحریر خریدم,shopping
729,2564 برای سوپرمارکت دادم,shopping
730,3497 هزینه کار اداری شد,other
731,1811 خرج کافی شاپ شد,entertainment
732,3322 تومن دکتر رفتم,health
733,سهم 4176 گاز شد,housing
734,2024 برای کار اداری پرداخت شد,other
735,4289 تومن هزینه دارو شد,health
736,1270 اجاره خونه پرداخت کردم,housing
737,خرید 212 دندانپزشک تومن,health
738,2826 برای میوه دادم,shopping
739,2340 تومن قبض گاز دادم,housing
740,642 کرایه مترو شد,transport
741,برای 3932 کنسرت دادم,entertainment
742,1837 تومن خرج هزینه شخصی کردم,other
743,سهم 4681 برق شد,housing
744,1417 تومن ساندویچ گرفتم,food
745,2900 برای کار اداری پرداخت شد,other
746,برای 740 بیف برگر تومن دادم,food
747,4003 خرج شهربازی شد,entertainment
748,2964 تومن خرج هزینه متفرقه کردم,other
749,سهم 2413 شارژ ساختمان شد,housing
750,خرید 1198 دندانپزشک تومن,health
751,2716 تومن کباب خوردم,food
752,3925 تومن خرید سوپرمارکت کردم,shopping
753,4321 هزینه هزینه متفرقه شد,other
754,برای 1843 بازی دادم,entertainment
755,137 تومن سینما رفتم,entertainment
756,4596 تومن کباب خوردم,food
757,برای 1061 شهربازی دادم,entertainment
758,2189 تومن صبحونه خوردم,food
759,4440 هزینه هزینه شخصی شد,other
760,2820 تومن خرید کیف کردم,shopping
761,3177 برای مترو پرداخت کردم,transport
762,3666 تومن خرج کار اداری کردم,other
763,596 تومن سینما رفتم,entertainment
764,4799 تومن کیف خریدم,shopping
765,2254 تومن کنسرت رفتم,entertainment
766,3900 برای سوپرمارکت دادم,shopping
767,2671 تومن دکتر رفتم,health
768,سهم 868 برق شد,housing
769,684 تومن خرید لوازم تحریر کردم,shopping
770,سهم 3900 گاز شد,housing
771,4170 خرج کافی شاپ شد,entertainment
772,769 تومن لوازم تحریر خریدم,shopping
773,212 تومن کباب خوردم,food
774,2695 تومن بیف برگر گرفتم,food
775,برای 262 بازی دادم,entertainment
776,1873 برای کیف دادم,shopping
777,2026 تومن هزینه دندانپزشک شد,health
778,برای 2350 پیتزا تومن دادم,food
779,سهم 621 گاز شد,housing
780,4991 تومن هزینه ویزیت شد,health
781,3620 تومن شهربازی رفتم,entertainment
782,123 تومن خرید میوه کردم,shopping
783,2346 هزینه کار اداری شد,other
784,708 برای کار اداری پرداخت شد,other
785,302 تومن قبض اجاره دادم,housing
786,4486 تومن سینما رفتم,entertainment
787,1407 تومن هزینه ویزیت شد,health
788,3475 تومن کباب گرفتم,food
789,1332 هزینه هزینه متفرقه شد,other
790,1746 تومن دکتر رفتم,health
791,4184 تومن هزینه دارو شد,health
792,1196 تومن صبحونه گرفتم,food
793,4609 کرایه مترو شد,transport
794,2596 تومن خرج کار اداری کردم,other
795,سهم 634 آب شد,housing
796,3239 تومن شام گرفتم,food
797,2895 تومن شام خوردم,food
798,برای 2793 بیف برگر تومن دادم,food
799,4402 تومن پیتزا گرفتم,food
800,1345 کرایه تاکسی شد,transport
801,2686 تومن پیتزا خوردم,food
802,1287 تومن خرج هزینه شخصی کردم,other
803,3512 تومن شام خوردم,food
804,خرید 388 ویزیت تومن,health
805,4163 تومن اسنپ گرفتم,transport
806,4459 تومن ساندویچ گرفتم,food
807,1897 برای میوه دادم,shopping
808,4779 تومن قبض برق دادم,housing
809,4919 تومن کافی شاپ رفتم,entertainment
810,1267 اجاره خونه پرداخت کردم,housing
811,سهم 3237 برق شد,housing
812,4406 تومن دکتر رفتم,health
813,2355 برای اتوبوس پرداخت کردم,transport
814,سهم 4874 گاز شد,housing
815,برای 2202 پیتزا تومن دادم,food
816,خرید 964 دارو تومن,health
817,2058 تومن هزینه آزمایش شد,health
818,3635 تومن اسنپ گرفتم,transport
819,2890 تومن دکتر رفتم,health
820,برای 2415 کنسرت دادم,entertainment
821,642 تومن شهربازی رفتم,entertainment
822,2059 هزینه هزینه متفرقه شد,other
823,4486 تومن بیف برگر خوردم,food
824,3538 تومن رفت و برگشت گرفتم,transport
825,72 هزینه کار اداری شد,other
826,3221 تومن خرج هزینه متفرقه کردم,other
827,4605 تومن کنسرت رفتم,entertainment
828,3064 تومن دکتر رفتم,health
829,4105 تومن اتوبوس گرفتم,transport
830,2367 تومن بیف برگر گرفتم,food
831,4995 تومن تاکسی گرفتم,transport
832,3259 کرایه رفت و برگشت شد,transport
833,سهم 2738 شارژ ساختمان شد,housing
834,4793 هزینه هزینه متفرقه شد,other
835,4076 تومن قبض آب دادم,housing
836,4563 تومن دکتر رفتم,health
837,برای 2248 صبحونه تومن دادم,food
838,2042 برای اتوبوس پرداخت کردم,transport
839,سهم 2474 شارژ ساختمان شد,housing
840,سهم 4060 شارژ ساختمان شد,housing
841,4663 برای لباس دادم,shopping
842,2801 تومن سوپرمارکت خریدم,shopping
843,189 تومن اتوبوس گرفتم,transport
844,510 تومن قبض گاز دادم,housing
845,2454 تومن بیف برگر گرفتم,food
846,499 تومن بازی رفتم,entertainment
847,4484 تومن هزینه دارو شد,health
848,3953 هزینه کار اداری شد,other
849,419 برای کار اداری پرداخت شد,other
850,639 تومن صبحونه گرفتم,food
851,419 تومن دکتر رفتم,health
852,1977 تومن بیف برگر خوردم,food
853,2236 تومن خرج هزینه متفرقه کردم,other
854,4217 تومن بیف برگر گرفتم,food
855,برای 3835 کنسرت دادم,entertainment
856,برای 1239 سینما دادم,entertainment
857,3284 کرایه اتوبوس شد,transport
858,4773 کرایه رفت و برگشت شد,transport
859,2764 تومن خرید سوپرمارکت کردم,shopping
860,خرید 684 آزمایش تومن,health
861,92 برای کیف دادم,shopping
862,2287 کرایه اسنپ شد,transport
863,3023 تومن هزینه ویزیت شد,health
864,1635 برای میوه دادم,shopping
865,3947 تومن پیتزا گرفتم,food
866,743 تومن شام گرفتم,food
867,3930 برای کار اداری پرداخت شد,other
868,2946 اجاره خونه پرداخت کردم,housing
869,3231 خرج شهربازی شد,entertainment
870,2702 تومن هزینه آزمایش شد,health
871,2133 کرایه رفت و برگشت شد,transport
872,1599 تومن لباس خریدم,shopping
873,4055 تومن قبض اجاره دادم,housing
874,3679 کرایه تاکسی شد,transport
875,3280 تومن دکتر رفتم,health
876,1587 تومن دکتر رفتم,health
877,1259 تومن خرج هزینه شخصی کردم,other
878,1353 تومن خرید لوازم تحریر کردم,shopping
879,840 تومن قبض اجاره دادم,housing
880,3418 خرج کنسرت شد,entertainment
881,541 برای هزینه متفرقه پرداخت شد,other
882,1111 تومن میوه خریدم,shopping
883,1162 تومن دکتر رفتم,health
884,4584 هزینه هزینه شخصی شد,other
885,1645 تومن هزینه آزمایش شد,health
886,برای 3605 صبحونه تومن دادم,food
887,554 تومن دکتر رفتم,health
888,برای 1625 ساندویچ تومن دادم,food
889,خرید 2624 آزمایش تومن,health
890,2543 کرایه مترو شد,transport
891,2364 تومن هزینه دارو شد,health
892,4968 تومن هزینه دارو شد,health
893,3241 تومن کیف خریدم,shopping
894,4204 برای لباس دادم,shopping
895,4736 برای لباس دادم,shopping
896,1616 تومن قبض آب دادم,housing
897,2360 تومن سوپرمارکت خریدم,shopping
898,1200 تومن هزینه دارو شد,health
899,405 تومن دکتر رفتم,health
900,برای 1381 کافی شاپ دادم,entertainment
901,برای 1722 کباب تومن دادم,food
902,1066 هزینه هزینه متفرقه شد,other
903,4953 کرایه اسنپ شد,transport
904,2266 برای میوه دادم,shopping
905,1777 تومن کیف خریدم,shopping
906,50 هزینه هزینه شخصی شد,other
907,1148 تومن دکتر رفتم,health
908,2440 خرج کنسرت شد,entertainment
909,3655 تومن ناهار گرفتم,food
910,509 هزینه هزینه متفرقه شد,other
911,خرید 3855 ویزیت تومن,health
912,1213 برای رفت و برگشت پرداخت کردم,transport
913,برای 4805 کنسرت دادم,entertainment
914,379 برای تاکسی پرداخت کردم,transport
915,4670 برای هزینه شخصی پرداخت شد,other
916,4985 تومن خرج هزینه شخصی کردم,other
917,103 تومن خرید کیف کردم,shopping
918,1438 کرایه تاکسی شد,transport
919,خرید 2340 دندانپزشک تومن,health
920,3848 تومن اتوبوس گرفتم,transport
921,648 خرج کنسرت شد,entertainment
922,3758 برای اسنپ پرداخت کردم,transport
923,1405 تومن سوپرمارکت خریدم,shopping
924,برای 201 بازی دادم,entertainment
925,4990 تومن لوازم تحریر خریدم,shopping
926,4644 تومن شام خوردم,food
927,2205 تومن رفت و برگشت گرفتم,transport
928,1848 هزینه هزینه شخصی شد,other
929,2102 تومن کیف خریدم,shopping
930,3998 تومن شهربازی رفتم,entertainment
931,3650 تومن اسنپ گرفتم,transport
932,4068 تومن دکتر رفتم,health
933,2728 کرایه اسنپ شد,transport
934,برای 3630 ناهار تومن دادم,food
935,4375 اجاره خونه پرداخت کردم,housing
936,2728 خرج شهربازی شد,entertainment
937,2369 تومن خرج کار اداری کردم,other
938,3575 تومن ناهار خوردم,food
939,117 برای کیف دادم,shopping
940,155 برای کار اداری پرداخت شد,other
941,3051 تومن اسنپ گرفتم,transport
942,برای 336 صبحونه تومن دادم,food
943,برای 1140 بازی دادم,entertainment
944,1277 تومن خرج هزینه متفرقه کردم,other
945,610 تومن کباب گرفتم,food
946,4479 برای کیف دادم,shopping
947,3765 تومن دکتر رفتم,health
948,4037 تومن هزینه ویزیت شد,health
949,3549 تومن کیف خریدم,shopping
950,3579 تومن پیتزا خوردم,food
951,3757 تومن کیف خریدم,shopping
952,3284 تومن کباب گرفتم,food
953,1212 تومن خرج کار اداری کردم,other
954,4873 اجاره خونه پرداخت کردم,housing
955,4083 برای مترو پرداخت کردم,transport
956,4374 تومن خرج هزینه شخصی کردم,other
957,برای 1631 صبحونه تومن دادم,food
958,3081 تومن هزینه ویزیت شد,health
959,4745 برای کار اداری پرداخت شد,other
960,2230 تومن لوازم تحریر خریدم,shopping
961,347 تومن دکتر رفتم,health
962,4524 برای لباس دادم,shopping
963,خرید 3894 آزمایش تومن,health
964,635 برای لباس دادم,shopping
965,برای 2596 ناهار تومن دادم,food
966,1408 تومن اتوبوس گرفتم,transport
967,برای 3354 بازی دادم,entertainment
968,224 تومن هزینه آزمایش شد,health
969,2868 تومن کباب گرفتم,food
970,برای 4740 کافی شاپ دادم,entertainment
971,1713 تومن هزینه آزمایش شد,health
972,4286 تومن مترو گرفتم,transport
973,برای 336 صبحونه تومن دادم,food
974,3120 کرایه اتوبوس شد,transport
975,592 تومن هزینه آزمایش شد,health
976,خرید 2130 دارو تومن,health
977,2360 تومن ساندویچ خوردم,food
978,خرید 2108 دارو تومن,health
979,2736 تومن بازی رفتم,entertainment
980,3007 تومن خرید لباس کردم,shopping
981,2121 برای کیف دادم,shopping
982,2591 برای لوازم تحریر دادم,shopping
983,1710 تومن اسنپ گرفتم,transport
984,1832 اجاره خونه پرداخت کردم,housing
985,121 برای هزینه شخصی پرداخت شد,other
986,3211 تومن کیف خریدم,shopping
987,3215 هزینه کار اداری شد,other
988,برای 2070 کافی شاپ دادم,entertainment
989,4467 تومن مترو گرفتم,transport
990,2581 تومن دکتر رفتم,health
991,799 تومن سینما رفتم,entertainment
992,3537 تومن قبض شارژ ساختمان دادم,housing
993,4551 تومن دکتر رفتم,health
994,143 خرج بازی شد,entertainment
995,746 تومن بیف برگر گرفتم,food
996,943 تومن مترو گرفتم,transport
997,خرید 2871 آزمایش تومن,health
998,3796 خرج شهربازی شد,entertainment
999,808 تومن دکتر رفتم,health
1000,سهم 3387 گاز شد,housing
1001,2290 برای کار اداری پرداخت شد,other
1002,4490 تومن هزینه آزمایش شد,health
1003,4706 هزینه هزینه شخصی شد,other
1004,1857 تومن دکتر رفتم,health
1005,955 تومن هزینه دارو شد,health
1006,2828 برای کار اداری پرداخت شد,other
1007,762 تومن دکتر رفتم,health
1008,3568 کرایه اتوبوس شد,transport
1009,3813 برای هزینه متفرقه پرداخت شد,other
1010,4483 هزینه هزینه متفرقه شد,other
1011,2773 تومن سینما رفتم,entertainment
1012,4511 تومن خرید لوازم تحریر کردم,shopping
1013,1612 کرایه اسنپ شد,transport
1014,سهم 3705 اجاره شد,housing
1015,4043 تومن تاکسی گرفتم,transport
1016,948 تومن بیف برگر خوردم,food
1017,برای 4709 کافی شاپ دادم,entertainment
1018,1340 تومن قبض برق دادم,housing
1019,2760 تومن شهربازی رفتم,entertainment
1020,1128 تومن خرج هزینه شخصی کردم,other
1021,3617 تومن ناهار خوردم,food
1022,774 برای اتوبوس پرداخت کردم,transport
1023,4256 تومن رفت و برگشت گرفتم,transport
1024,2109 کرایه تاکسی شد,transport
1025,134 تومن دکتر رفتم,health
1026,1921 تومن دکتر رفتم,health
1027,2368 هزینه هزینه متفرقه شد,other
1028,2345 تومن بیف برگر گرفتم,food
1029,586 تومن خرید سوپرمارکت کردم,shopping
1030,4069 خرج بازی شد,entertainment
1031,3954 اجاره خونه پرداخت کردم,housing
1032,خرید 4709 ویزیت تومن,health
1033,2687 هزینه کار اداری شد,other
1034,3104 تومن قبض گاز دادم,housing
1035,3288 تومن رفت و برگشت گرفتم,transport
1036,1765 خرج سینما شد,entertainment
1037,2169 برای لباس دادم,shopping
1038,378 تومن قبض اجاره دادم,housing
1039,1558 تومن قبض گاز دادم,housing
1040,1770 تومن قبض اجاره دادم,housing
1041,2509 برای اسنپ پرداخت کردم,transport
1042,4536 برای کار اداری پرداخت شد,other
1043,4163 تومن کافی شاپ رفتم,entertainment
1044,برای 3948 کافی شاپ دادم,entertainment
1045,444 خرج کنسرت شد,entertainment
1046,4250 کرایه رفت و برگشت شد,transport
1047,خرید 4387 دندانپزشک تومن,health
1048,1569 خرج سینما شد,entertainment
1049,474 تومن قبض اجاره دادم,housing
1050,2558 تومن پیتزا گرفتم,food
1051,3770 تومن دکتر رفتم,health
1052,خرید 2595 ویزیت تومن,health
1053,4057 برای هزینه متفرقه پرداخت شد,other
1054,2708 اجاره خونه پرداخت کردم,housing
1055,2604 تومن خرج کار اداری کردم,other
1056,3779 تومن لباس خریدم,shopping
1057,2552 کرایه رفت و برگشت شد,transport
1058,1024 تومن هزینه دندانپزشک شد,health
1059,3323 تومن تاکسی گرفتم,transport
1060,4728 اجاره خونه پرداخت کردم,housing
1061,برای 2297 کافی شاپ دادم,entertainment
1062,سهم 363 آب شد,housing
1063,2865 تومن قبض شارژ ساختمان دادم,housing
1064,4859 تومن مترو گرفتم,transport
1065,1513 خرج کنسرت شد,entertainment
1066,4228 تومن خرید سوپرمارکت کردم,shopping
1067,233 تومن بیف برگر گرفتم,food
1068,4583 تومن لباس خریدم,shopping
1069,2241 اجاره خونه پرداخت کردم,housing
1070,1814 تومن بازی رفتم,entertainment
1071,2449 تومن هزینه ویزیت شد,health
1072,سهم 115 گاز شد,housing
1073,خرید 2255 ویزیت تومن,health
1074,سهم 1033 اجاره شد,housing
1075,سهم 3647 گاز شد,housing
1076,3382 تومن هزینه آزمایش شد,health
1077,1706 تومن سینما رفتم,entertainment
1078,1870 کرایه اتوبوس شد,transport
1079,127 هزینه کار اداری شد,other
1080,2413 تومن دکتر رفتم,health
1081,2616 تومن دکتر رفتم,health
1082,1504 تومن رفت و برگشت گرفتم,transport
1083,1770 تومن کنسرت رفتم,entertainment
1084,2540 تومن لوازم تحریر خریدم,shopping
1085,خرید 1044 دارو تومن,health
1086,427 هزینه کار اداری شد,other
1087,3957 تومن مترو گرفتم,transport
1088,3379 برای رفت و برگشت پرداخت کردم,transport
1089,1616 تومن صبحونه گرفتم,food
1090,برای 4116 سینما دادم,entertainment
1091,4358 تومن خرج هزینه شخصی کردم,other
1092,1526 تومن بیف برگر خوردم,food
1093,667 برای تاکسی پرداخت کردم,transport
1094,2277 تومن خرج کار اداری کردم,other
1095,113 تومن کیف خریدم,shopping
1096,4215 تومن لوازم تحریر خریدم,shopping
1097,3694 اجاره خونه پرداخت کردم,housing
1098,3834 تومن کنسرت رفتم,entertainment
1099,3867 تومن رفت و برگشت گرفتم,transport
1100,برای 390 شهربازی دادم,entertainment
1101,1408 خرج بازی شد,entertainment
1102,4676 برای لوازم تحریر دادم,shopping
1103,363 تومن دکتر رفتم,health
1104,342 تومن قبض آب دادم,housing
1105,3951 تومن دکتر رفتم,health
1106,3892 برای اسنپ پرداخت کردم,transport
1107,938 برای هزینه متفرقه پرداخت شد,other
1108,سهم 1508 آب شد,housing
1109,1173 برای هزینه متفرقه پرداخت شد,other
1110,سهم 746 اجاره شد,housing
1111,1333 تومن خرید سوپرمارکت کردم,shopping
1112,340 تومن ساندویچ خوردم,food
1113,3375 تومن رفت و برگشت گرفتم,transport
1114,3895 تومن خرج هزینه شخصی کردم,other
1115,خرید 343 دندانپزشک تومن,health
1116,3965 هزینه هزینه شخصی شد,other
1117,1222 برای تاکسی پرداخت کردم,transport
1118,3378 خرج سینما شد,entertainment
1119,3799 تومن اتوبوس گرفتم,transport
1120,204 خرج بازی شد,entertainment
1121,1146 تومن دکتر رفتم,health
1122,1972 تومن هزینه آزمایش شد,health
1123,2049 برای هزینه متفرقه پرداخت شد,other
1124,3949 برای هزینه متفرقه پرداخت شد,other
1125,573 تومن خرید لوازم تحریر کردم,shopping
1126,390 تومن خرید میوه کردم,shopping
1127,1521 تومن رفت و برگشت گرفتم,transport
1128,2914 برای کیف دادم,shopping
1129,99 تومن بیف برگر خوردم,food
1130,431 تومن پیتزا خوردم,food
1131,2013 تومن لباس خریدم,shopping
1132,4743 خرج شهربازی شد,entertainment
1133,23 تومن کیف خریدم,shopping
1134,3233 کرایه رفت و برگشت شد,transport
1135,2858 برای کار اداری پرداخت شد,other
1136,1429 تومن ناهار گرفتم,food
1137,سهم 1010 شارژ ساختمان شد,housing
1138,2663 تومن کافی شاپ رفتم,entertainment
1139,سهم 1476 برق شد,housing
1140,2528 برای سوپرمارکت دادم,shopping
1141,361 برای هزینه متفرقه پرداخت شد,other
1142,526 تومن رفت و برگشت گرفتم,transport
1143,2497 تومن هزینه ویزیت شد,health
1144,سهم 1692 آب شد,housing
1145,4453 تومن صبحونه گرفتم,food
1146,2443 اجاره خونه پرداخت کردم,housing
1147,1841 تومن خرید سوپرمارکت کردم,shopping
1148,396 تومن قبض آب دادم,housing
1149,1919 تومن مترو گرفتم,transport
1150,2803 تومن قبض آب دادم,housing
1151,140 برای لباس دادم,shopping
1152,برای 1095 شام تومن دادم,food
1153,509 اجاره خونه پرداخت کردم,housing
1154,831 هزینه کار اداری شد,other
1155,1352 اجاره خونه پرداخت کردم,housing
1156,برای 4335 سینما دادم,entertainment
1157,خرید 1591 دارو تومن,health
1158,308 هزینه هزینه شخصی شد,other
1159,برای 2802 کنسرت دادم,entertainment
1160,4161 تومن خرج هزینه متفرقه کردم,other
1161,3384 برای کیف دادم,shopping
1162,4419 تومن خرج هزینه متفرقه کردم,other
1163,4661 تومن قبض آب دادم,housing
1164,1612 تومن خرج هزینه متفرقه کردم,other
1165,خرید 143 آزمایش تومن,health
1166,1177 تومن خرید کیف کردم,shopping
1167,3311 تومن هزینه دارو شد,health
1168,سهم 4953 آب شد,housing
1169,2528 تومن سوپرمارکت خریدم,shopping
1170,1685 تومن ناهار گرفتم,food
1171,3593 هزینه هزینه متفرقه شد,other
1172,1507 تومن خرج هزینه شخصی کردم,other
1173,2429 برای اتوبوس پرداخت کردم,transport
1174,سهم 677 آب شد,housing
1175,1015 تومن خرید سوپرمارکت کردم,shopping
1176,1501 هزینه کار اداری شد,other
1177,برای 1328 کافی شاپ دادم,entertainment
1178,4267 برای لباس دادم,shopping
1179,1288 تومن قبض برق دادم,housing
1180,4395 تومن بیف برگر خوردم,food
1181,2604 برای سوپرمارکت دادم,shopping
1182,1141 تومن اتوبوس گرفتم,transport
1183,473 تومن کافی شاپ رفتم,entertainment
1184,709 تومن سوپرمارکت خریدم,shopping
1185,4554 کرایه رفت و برگشت شد,transport
1186,برای 2565 شهربازی دادم,entertainment
1187,4165 تومن لباس خریدم,shopping
1188,4174 تومن خرید سوپرمارکت کردم,shopping
1189,برای 3292 شهربازی دادم,entertainment
1190,2755 برای کار اداری پرداخت شد,other
1191,خرید 2218 دارو تومن,health
1192,برای 1674 بازی دادم,entertainment
1193,برای 2193 شهربازی دادم,entertainment
1194,4054 تومن ساندویچ گرفتم,food
1195,4202 تومن کباب گرفتم,food
1196,4140 هزینه کار اداری شد,other
1197,3770 برای کار اداری پرداخت شد,other
1198,4453 اجاره خونه پرداخت کردم,housing
1199,3901 برای اتوبوس پرداخت کردم,transport
1200,4083 کرایه تاکسی شد,transport
1201,برای 4097 صبحونه تومن دادم,food
1202,3693 تومن قبض آب دادم,housing
1203,خرید 1860 ویزیت تومن,health
1204,4849 تومن صبحونه گرفتم,food
1205,سهم 1333 گاز شد,housing
1206,برای 4323 کافی شاپ دادم,entertainment
1207,1296 کرایه اتوبوس شد,transport
1208,257 اجاره خونه پرداخت کردم,housing
1209,2224 تومن هزینه دندانپزشک شد,health
1210,برای 4676 بیف برگر تومن دادم,food
1211,753 تومن صبحونه خوردم,food
1212,1805 تومن پیتزا خوردم,food
1213,1169 تومن کافی شاپ رفتم,entertainment
1214,884 تومن کباب گرفتم,food
1215,4374 اجاره خونه پرداخت کردم,housing
1216,1925 تومن قبض برق دادم,housing
1217,643 خرج سینما شد,entertainment
1218,3758 تومن خرید لوازم تحریر کردم,shopping
1219,947 اجاره خونه پرداخت کردم,housing
1220,4215 کرایه تاکسی شد,transport
1221,4755 برای کار اداری پرداخت شد,other
1222,4431 تومن خرج کار اداری کردم,other
1223,برای 4648 شهربازی دادم,entertainment
1224,سهم 964 شارژ ساختمان شد,housing
1225,سهم 1286 اجاره شد,housing
1226,برای 2129 پیتزا تومن دادم,food
1227,607 هزینه هزینه شخصی شد,other
1228,برای 4168 کافی شاپ دادم,entertainment
1229,2737 تومن خرج کار اداری کردم,other
1230,خرید 3333 دارو تومن,health
1231,2042 کرایه رفت و برگشت شد,transport
1232,25 تومن قبض اجاره دادم,housing
1233,1474 تومن خرید میوه کردم,shopping
1234,برای 494 پیتزا تومن دادم,food
1235,1957 تومن ساندویچ خوردم,food
1236,131 خرج کنسرت شد,entertainment
1237,2819 اجاره خونه پرداخت کردم,housing
1238,4579 تومن خرج هزینه متفرقه کردم,other
1239,2655 هزینه هزینه شخصی شد,other
1240,2307 کرایه تاکسی شد,transport
1241,خرید 2802 آزمایش تومن,health
1242,2478 تومن کیف خریدم,shopping
1243,3006 برای اسنپ پرداخت کردم,transport
1244,3705 تومن هزینه آزمایش شد,health
1245,2876 برای لوازم تحریر دادم,shopping
1246,1825 تومن دکتر رفتم,health
1247,2690 کرایه مترو شد,transport
1248,4956 تومن دکتر رفتم,health
1249,3704 تومن خرید میوه کردم,shopping
1250,4722 برای میوه دادم,shopping
1251,1997 تومن بیف برگر گرفتم,food
1252,638 برای لوازم تحریر دادم,shopping
1253,3191 تومن بیف برگر گرفتم,food
1254,4251 تومن اسنپ گرفتم,transport
1255,2595 تومن رفت و برگشت گرفتم,transport
1256,4149 هزینه هزینه شخصی شد,other
1257,سهم 2627 گاز شد,housing
1258,2622 تومن دکتر رفتم,health
1259,1881 برای سوپرمارکت دادم,shopping
1260,4042 هزینه هزینه متفرقه شد,other
1261,4960 تومن هزینه دارو شد,health
1262,1058 برای اسنپ پرداخت کردم,transport
1263,برای 3922 بیف برگر تومن دادم,food
1264,خرید 3681 آزمایش تومن,health
1265,3100 کرایه اتوبوس شد,transport
1266,1273 هزینه هزینه شخصی شد,other
1267,4751 هزینه هزینه متفرقه شد,other
1268,129 برای هزینه متفرقه پرداخت شد,other
1269,1673 تومن خرج کار اداری کردم,other
1270,سهم 2937 اجاره شد,housing
1271,برای 2118 بازی دادم,entertainment
1272,2256 برای کار اداری پرداخت شد,other
1273,سهم 3346 اجاره شد,housing
1274,1039 تومن کنسرت رفتم,entertainment
1275,2139 تومن کباب گرفتم,food
1276,855 تومن اسنپ گرفتم,transport
1277,2814 تومن خرج هزینه شخصی کردم,other
1278,1177 تومن خرج هزینه متفرقه کردم,other
1279,3388 تومن اتوبوس گرفتم,transport
1280,سهم 206 شارژ ساختمان شد,housing
1281,سهم 1284 شارژ ساختمان شد,housing
1282,سهم 1123 گاز شد,housing
1283,برای 1857 ناهار تومن دادم,food
1284,2047 تومن صبحونه گرفتم,food
1285,1828 خرج سینما شد,entertainment
1286,4137 تومن صبحونه خوردم,food
1287,4874 تومن خرید لوازم تحریر کردم,shopping
1288,1475 تومن هزینه دارو شد,health
1289,برای 3335 کباب تومن دادم,food
1290,2870 برای سوپرمارکت دادم,shopping
1291,2441 کرایه اسنپ شد,transport
1292,برای 33 بازی دادم,entertainment
1293,1905 تومن کنسرت رفتم,entertainment
1294,4500 تومن کباب گرفتم,food
1295,3391 تومن شام خوردم,food
1296,برای 734 بازی دادم,entertainment
1297,4960 برای هزینه متفرقه پرداخت شد,other
1298,1927 اجاره خونه پرداخت کردم,housing
1299,1277 تومن کنسرت رفتم,entertainment
1300,برای 2785 بازی دادم,entertainment
1301,1218 تومن شهربازی رفتم,entertainment
1302,2949 برای لوازم تحریر دادم,shopping
1303,3325 تومن دکتر رفتم,health
1304,385 تومن دکتر رفتم,health
1305,3528 برای رفت و برگشت پرداخت کردم,transport
1306,4854 کرایه اسنپ شد,transport
1307,4690 تومن رفت و برگشت گرفتم,transport
1308,1414 تومن دکتر رفتم,health
1309,559 تومن هزینه دندانپزشک شد,health
1310,4778 برای لوازم تحریر دادم,shopping
1311,4796 کرایه تاکسی شد,transport
1312,2341 برای هزینه شخصی پرداخت شد,other
1313,1503 برای هزینه شخصی پرداخت شد,other
1314,3827 اجاره خونه پرداخت کردم,housing
1315,517 تومن پیتزا گرفتم,food
1316,1707 کرایه مترو شد,transport
1317,1861 اجاره خونه پرداخت کردم,housing
1318,2399 تومن سوپرمارکت خریدم,shopping
1319,499 کرایه مترو شد,transport
1320,840 تومن صبحونه خوردم,food
1321,3507 تومن رفت و برگشت گرفتم,transport
1322,4791 تومن خرید لوازم تحریر کردم,shopping
1323,528 تومن قبض اجاره دادم,housing
1324,3549 تومن دکتر رفتم,health
1325,657 کرایه مترو شد,transport
1326,4505 برای هزینه متفرقه پرداخت شد,other
1327,3795 برای اسنپ پرداخت کردم,transport
1328,3857 تومن خرید میوه کردم,shopping
1329,3341 تومن لوازم تحریر خریدم,shopping
1330,خرید 2079 دندانپزشک تومن,health
1331,خرید 757 ویزیت تومن,health
1332,594 خرج کافی شاپ شد,entertainment
1333,1328 تومن خرج هزینه شخصی کردم,other
1334,821 برای تاکسی پرداخت کردم,transport
1335,برای 4765 کنسرت دادم,entertainment
1336,خرید 686 دندانپزشک تومن,health
1337,2455 کرایه مترو شد,transport
1338,برای 4056 صبحونه تومن دادم,food
1339,1669 اجاره خونه پرداخت کردم,housing
1340,1552 تومن قبض برق دادم,housing
1341,سهم 445 گاز شد,housing
1342,4517 تومن لوازم تحریر خریدم,shopping
1343,4930 برای لوازم تحریر دادم,shopping
1344,3297 اجاره خونه پرداخت کردم,housing
1345,4794 اجاره خونه پرداخت کردم,housing
1346,2039 تومن شام گرفتم,food
1347,3477 تومن خرید کیف کردم,shopping
1348,2923 برای کار اداری پرداخت شد,other
1349,سهم 631 گاز شد,housing
1350,489 برای اتوبوس پرداخت کردم,transport
1351,3486 تومن پیتزا گرفتم,food
1352,1656 برای تاکسی پرداخت کردم,transport
1353,4992 خرج کافی شاپ شد,entertainment
1354,برای 1781 کباب تومن دادم,food
1355,2412 برای هزینه شخصی پرداخت شد,other
1356,4089 اجاره خونه پرداخت کردم,housing
1357,4318 تومن خرید سوپرمارکت کردم,shopping
1358,1819 تومن دکتر رفتم,health
1359,4030 کرایه رفت و برگشت شد,transport
1360,3242 هزینه هزینه شخصی شد,other
1361,خرید 1270 آزمایش تومن,health
1362,4251 هزینه کار اداری شد,other
1363,2650 خرج کنسرت شد,entertainment
1364,4558 تومن هزینه دندانپزشک شد,health
1365,3908 کرایه تاکسی شد,transport
1366,2397 تومن کباب خوردم,food
1367,1174 برای میوه دادم,shopping
1368,2001 تومن خرج هزینه متفرقه کردم,other
1369,357 تومن هزینه دندانپزشک شد,health
1370,196 برای مترو پرداخت کردم,transport
1371,1117 تومن هزینه دندانپزشک شد,health
1372,4754 تومن هزینه ویزیت شد,health
1373,130 تومن تاکسی گرفتم,transport
1374,4037 تومن ناهار خوردم,food
1375,663 خرج سینما شد,entertainment
1376,4978 هزینه هزینه شخصی شد,other
1377,4572 تومن خرید کیف کردم,shopping
1378,353 تومن دکتر رفتم,health
1379,سهم 2304 اجاره شد,housing
1380,333 تومن ساندویچ گرفتم,food
1381,169 تومن شهربازی رفتم,entertainment
1382,4862 تومن پیتزا گرفتم,food
1383,2377 تومن خرید کیف کردم,shopping
1384,1076 تومن هزینه دارو شد,health
1385,1852 تومن مترو گرفتم,transport
1386,برای 1497 شام تومن دادم,food
1387,برای 172 سینما دادم,entertainment
1388,2158 خرج کنسرت شد,entertainment
1389,سهم 2603 شارژ ساختمان شد,housing
1390,991 اجاره خونه پرداخت کردم,housing
1391,3884 تومن ساندویچ گرفتم,food
1392,4348 تومن خرج هزینه متفرقه کردم,other
1393,3053 هزینه کار اداری شد,other
1394,1494 تومن ساندویچ گرفتم,food
1395,1767 کرایه اتوبوس شد,transport
1396,برای 775 شهربازی دادم,entertainment
1397,1328 برای کار اداری پرداخت شد,other
1398,108 تومن بیف برگر خوردم,food
1399,3193 تومن شام خوردم,food
1400,4265 تومن کیف خریدم,shopping
1401,2193 برای لوازم تحریر دادم,shopping
1402,180 تومن خرید میوه کردم,shopping
1403,2292 برای سوپرمارکت دادم,shopping
1404,47 تومن بازی رفتم,entertainment
1405,3544 تومن کباب خوردم,food
1406,4474 تومن قبض اجاره دادم,housing
1407,998 برای لوازم تحریر دادم,shopping
1408,2688 تومن کیف خریدم,shopping
1409,برای 2680 بازی دادم,entertainment
1410,3037 تومن پیتزا خوردم,food
1411,3153 تومن کیف خریدم,shopping
1412,2646 تومن بیف برگر خوردم,food
1413,3507 تومن قبض گاز دادم,housing
1414,خرید 2191 دارو تومن,health
1415,1389 تومن رفت و برگشت گرفتم,transport
1416,463 تومن قبض آب دادم,housing
1417,برای 3002 سینما دادم,entertainment
1418,242 برای هزینه شخصی پرداخت شد,other
1419,خرید 1444 دندانپزشک تومن,health
1420,4531 تومن دکتر رفتم,health
1421,1823 برای لباس دادم,shopping
1422,2979 تومن خرید لباس کردم,shopping
1423,سهم 3931 شارژ ساختمان شد,housing
1424,1271 تومن هزینه دندانپزشک شد,health
1425,1213 تومن دکتر رفتم,health
1426,1533 تومن خرید سوپرمارکت کردم,shopping
1427,941 تومن قبض شارژ ساختمان دادم,housing
1428,4709 تومن قبض اجاره دادم,housing
1429,2922 هزینه هزینه متفرقه شد,other
1430,311 اجاره خونه پرداخت کردم,housing
1431,4511 تومن کیف خریدم,shopping
1432,4091 برای لوازم تحریر دادم,shopping
1433,2286 کرایه اسنپ شد,transport
1434,165 کرایه اتوبوس شد,transport
1435,4725 خرج سینما شد,entertainment
1436,2546 تومن قبض برق دادم,housing
1437,برای 4277 بازی دادم,entertainment
1438,2162 برای اسنپ پرداخت کردم,transport
1439,1458 تومن اتوبوس گرفتم,transport
1440,1496 تومن صبحونه گرفتم,food
1441,1070 تومن تاکسی گرفتم,transport
1442,4247 برای هزینه شخصی پرداخت شد,other
1443,420 تومن دکتر رفتم,health
1444,2646 تومن خرید میوه کردم,shopping
1445,348 تومن کیف خریدم,shopping
1446,1769 تومن سوپرمارکت خریدم,shopping
1447,3191 کرایه اسنپ شد,transport
1448,2381 تومن خرج کار اداری کردم,other
1449,826 برای رفت و برگشت پرداخت کردم,transport
1450,3979 تومن خرج هزینه متفرقه کردم,other
1451,خرید 2271 آزمایش تومن,health
1452,3653 هزینه هزینه متفرقه شد,other
1453,1942 کرایه رفت و برگشت شد,transport
1454,4336 تومن شام خوردم,food
1455,2344 تومن کافی شاپ رفتم,entertainment
1456,2723 خرج بازی شد,entertainment
1457,3336 برای هزینه شخصی پرداخت شد,other
1458,برای 778 شهربازی دادم,entertainment
1459,603 تومن هزینه آزمایش شد,health
1460,2506 هزینه هزینه متفرقه شد,other
1461,2400 کرایه رفت و برگشت شد,transport
1462,836 اجاره خونه پرداخت کردم,housing
1463,سهم 265 آب شد,housing
1464,3101 خرج سینما شد,entertainment
1465,778 تومن خرج هزینه متفرقه کردم,other
1466,1756 تومن خرج کار اداری کردم,other
1467,538 خرج کنسرت شد,entertainment
1468,3253 تومن قبض گاز دادم,housing
1469,سهم 3236 گاز شد,housing
1470,3024 تومن ناهار گرفتم,food
1471,4251 تومن مترو گرفتم,transport
1472,سهم 4446 گاز شد,housing
1473,791 تومن هزینه دندانپزشک شد,health
1474,1203 برای کار اداری پرداخت شد,other
1475,3504 کرایه مترو شد,transport
1476,برای 2388 پیتزا تومن دادم,food
1477,3688 تومن بازی رفتم,entertainment
1478,3621 تومن هزینه ویزیت شد,health
1479,4217 کرایه اتوبوس شد,transport
1480,386 خرج کافی شاپ شد,entertainment
1481,620 تومن بیف برگر خوردم,food
1482,خرید 1420 دارو تومن,health
1483,3070 تومن میوه خریدم,shopping
1484,4356 تومن سوپرمارکت خریدم,shopping
1485,1095 برای هزینه متفرقه پرداخت شد,other
1486,3431 تومن لباس خریدم,shopping
1487,2808 خرج کنسرت شد,entertainment
1488,2770 تومن هزینه دارو شد,health
1489,1588 تومن سینما رفتم,entertainment
1490,4152 تومن کنسرت رفتم,entertainment
1491,307 تومن کافی شاپ رفتم,entertainment
1492,2950 تومن کنسرت رفتم,entertainment
1493,2354 تومن ناهار خوردم,food
1494,220 هزینه کار اداری شد,other
1495,2032 تومن سوپرمارکت خریدم,shopping
1496,1037 اجاره خونه پرداخت کردم,housing
1497,برای 1414 پیتزا تومن دادم,food
1498,2748 تومن خرید لباس کردم,shopping
1499,2771 تومن میوه خریدم,shopping
1500,2571 تومن بازی رفتم,entertainment
1501,1684 تومن دکتر رفتم,health
1502,2318 تومن بازی رفتم,entertainment
1503,4071 برای لوازم تحریر دادم,shopping
1504,4266 تومن هزینه دارو شد,health
1505,2296 تومن لباس خریدم,shopping
1506,1142 برای کیف دادم,shopping
1507,4276 خرج کنسرت شد,entertainment
1508,برای 3260 صبحونه تومن دادم,food
1509,4546 تومن دکتر رفتم,health
1510,1929 تومن دکتر رفتم,health
1511,2014 تومن اسنپ گرفتم,transport
1512,برای 4422 شهربازی دادم,entertainment
1513,54 تومن میوه خریدم,shopping
1514,4731 تومن هزینه دندانپزشک شد,health
1515,3647 تومن میوه خریدم,shopping
1516,1473 اجاره خونه پرداخت کردم,housing
1517,خرید 4745 دندانپزشک تومن,health
1518,1246 خرج کنسرت شد,entertainment
1519,399 تومن تاکسی گرفتم,transport
1520,4451 تومن هزینه ویزیت شد,health
1521,3806 تومن ساندویچ خوردم,food
1522,4295 تومن میوه خریدم,shopping
1523,3623 اجاره خونه پرداخت کردم,housing
1524,3978 اجاره خونه پرداخت کردم,housing
1525,1421 کرایه تاکسی شد,transport
1526,151 تومن بازی رفتم,entertainment
1527,4181 هزینه کار اداری شد,other
1528,1206 تومن تاکسی گرفتم,transport
1529,برای 4393 صبحونه تومن دادم,food
1530,1764 تومن خرید سوپرمارکت کردم,shopping
1531,609 تومن خرج کار اداری کردم,other
1532,2935 تومن لباس خریدم,shopping
1533,برای 1588 بیف برگر تومن دادم,food
1534,4441 برای کار اداری پرداخت شد,other
1535,271 هزینه هزینه متفرقه شد,other
1536,سهم 3175 اجاره شد,housing
1537,4190 برای اسنپ پرداخت کردم,transport
1538,3305 تومن خرج هزینه متفرقه کردم,other
1539,2345 تومن خرید میوه کردم,shopping
1540,3143 هزینه کار اداری شد,other
1541,1977 تومن مترو گرفتم,transport
1542,سهم 3231 گاز شد,housing
1543,3283 تومن اتوبوس گرفتم,transport
1544,1915 تومن قبض برق دادم,housing
1545,برای 4196 کافی شاپ دادم,entertainment
1546,خرید 2722 آزمایش تومن,health
1547,4398 هزینه هزینه شخصی شد,other
1548,4353 تومن پیتزا گرفتم,food
1549,برای 4285 پیتزا تومن دادم,food
1550,2146 تومن رفت و برگشت گرفتم,transport
1551,835 تومن سوپرمارکت خریدم,shopping
1552,3223 تومن ناهار گرفتم,food
1553,1732 تومن هزینه آزمایش شد,health
1554,برای 2539 شام تومن دادم,food
1555,1968 تومن سینما رفتم,entertainment
1556,125 برای هزینه متفرقه پرداخت شد,other
1557,266 تومن صبحونه گرفتم,food
1558,1779 برای هزینه شخصی پرداخت شد,other
1559,472 خرج کافی شاپ شد,entertainment
1560,511 تومن صبحونه خوردم,food
1561,خرید 4549 ویزیت تومن,health
1562,2094 اجاره خونه پرداخت کردم,housing
1563,3047 تومن صبحونه خوردم,food
1564,821 برای مترو پرداخت کردم,transport
1565,1756 تومن خرید میوه کردم,shopping
1566,2907 اجاره خونه پرداخت کردم,housing
1567,268 برای لوازم تحریر دادم,shopping
1568,3089 برای هزینه شخصی پرداخت شد,other
1569,503 تومن ساندویچ گرفتم,food
1570,590 تومن هزینه دندانپزشک شد,health
1571,1897 اجاره خونه پرداخت کردم,housing
1572,2918 تومن قبض شارژ ساختمان دادم,housing
1573,1098 تومن ناهار گرفتم,food
1574,2560 خرج سینما شد,entertainment
1575,3791 اجاره خونه پرداخت کردم,housing
1576,3244 هزینه هزینه شخصی شد,other
1577,سهم 2552 اجاره شد,housing
1578,برای 2499 کافی شاپ دادم,entertainment
1579,2157 تومن هزینه ویزیت شد,health
1580,3544 تومن خرج هزینه شخصی کردم,other
1581,3256 تومن خرید سوپرمارکت کردم,shopping
1582,1643 برای سوپرمارکت دادم,shopping
1583,3164 برای کیف دادم,shopping
1584,4568 اجاره خونه پرداخت کردم,housing
1585,برای 111 بیف برگر تومن دادم,food
1586,2673 تومن اتوبوس گرفتم,transport
1587,1101 تومن قبض برق دادم,housing
1588,1963 تومن هزینه ویزیت شد,health
1589,4876 هزینه کار اداری شد,other
1590,480 برای تاکسی پرداخت کردم,transport
1591,2107 برای لوازم تحریر دادم,shopping
1592,1001 برای میوه دادم,shopping
1593,2602 تومن سینما رفتم,entertainment
1594,1308 تومن صبحونه خوردم,food
1595,2046 کرایه تاکسی شد,transport
1596,347 برای اتوبوس پرداخت کردم,transport
1597,برای 759 بیف برگر تومن دادم,food
1598,سهم 3518 اجاره شد,housing
1599,1803 تومن قبض شارژ ساختمان دادم,housing
1600,4946 برای اتوبوس پرداخت کردم,transport
1601,1285 برای هزینه متفرقه پرداخت شد,other
1602,خرید 1646 ویزیت تومن,health
1603,477 کرایه تاکسی شد,transport
1604,سهم 4287 شارژ ساختمان شد,housing
1605,134 تومن ناهار گرفتم,food
1606,1976 برای تاکسی پرداخت کردم,transport
1607,1748 تومن دکتر رفتم,health
1608,سهم 4420 اجاره شد,housing
1609,197 هزینه هزینه متفرقه شد,other
1610,3166 اجاره خونه پرداخت کردم,housing
1611,4132 تومن خرج هزینه شخصی کردم,other
1612,808 تومن اتوبوس گرفتم,transport
1613,برای 1262 پیتزا تومن دادم,food
1614,4473 خرج کافی شاپ شد,entertainment
1615,3913 برای مترو پرداخت کردم,transport
1616,352 برای هزینه متفرقه پرداخت شد,other
1617,3249 برای میوه دادم,shopping
1618,2498 کرایه مترو شد,transport
1619,سهم 1771 گاز شد,housing
1620,برای 1215 ناهار تومن دادم,food
1621,برای 4193 کنسرت دادم,entertainment
1622,برای 3361 کافی شاپ دادم,entertainment
1623,406 تومن قبض اجاره دادم,housing
1624,1668 برای هزینه شخصی پرداخت شد,other
1625,2545 تومن ناهار گرفتم,food
1626,1571 تومن لباس خریدم,shopping
1627,4451 تومن خرج کار اداری کردم,other
1628,خرید 1931 ویزیت تومن,health
1629,خرید 2955 ویزیت تومن,health
1630,4503 هزینه هزینه متفرقه شد,other
1631,3440 اجاره خونه پرداخت کردم,housing
1632,145 تومن لوازم تحریر خریدم,shopping
1633,1540 برای هزینه شخصی پرداخت شد,other
1634,3142 هزینه هزینه شخصی شد,other
1635,2581 تومن شهربازی رفتم,entertainment
1636,3340 تومن بازی رفتم,entertainment
1637,2582 تومن قبض برق دادم,housing
1638,3550 کرایه رفت و برگشت شد,transport
1639,2248 برای اسنپ پرداخت کردم,transport
1640,807 تومن قبض اجاره دادم,housing
1641,1765 خرج کافی شاپ شد,entertainment
1642,86 اجاره خونه پرداخت کردم,housing
1643,1346 کرایه اسنپ شد,transport
1644,4182 تومن دکتر رفتم,health
1645,802 کرایه رفت و برگشت شد,transport
1646,3825 تومن سوپرمارکت خریدم,shopping
1647,214 تومن هزینه آزمایش شد,health
1648,3638 تومن پیتزا خوردم,food
1649,790 تومن کافی شاپ رفتم,entertainment
1650,4527 برای اتوبوس پرداخت کردم,transport
1651,1307 تومن قبض گاز دادم,housing
1652,4751 تومن ساندویچ خوردم,food
1653,خرید 1272 ویزیت تومن,health
1654,898 برای لوازم تحریر دادم,shopping
1655,1662 تومن شهربازی رفتم,entertainment
1656,برای 3528 بازی دادم,entertainment
1657,1032 خرج کنسرت شد,entertainment
1658,853 کرایه تاکسی شد,transport
1659,3166 برای کار اداری پرداخت شد,other
1660,1024 تومن بیف برگر گرفتم,food
1661,1423 تومن بیف برگر گرفتم,food
1662,596 تومن دکتر رفتم,health
1663,4494 اجاره خونه پرداخت کردم,housing
1664,سهم 1630 اجاره شد,housing
1665,1507 تومن بیف برگر گرفتم,food
1666,1247 تومن هزینه ویزیت شد,health
1667,826 تومن سوپرمارکت خریدم,shopping
1668,2245 تومن هزینه دارو شد,health
1669,3555 خرج کافی شاپ شد,entertainment
1670,369 برای لوازم تحریر دادم,shopping
1671,خرید 601 دارو تومن,health
1672,2458 کرایه اسنپ شد,transport
1673,2571 تومن بازی رفتم,entertainment
1674,2008 تومن دکتر رفتم,health
1675,494 برای اتوبوس پرداخت کردم,transport
1676,912 تومن خرج هزینه شخصی کردم,other
1677,سهم 4079 برق شد,housing
1678,4821 هزینه هزینه متفرقه شد,other
1679,2953 تومن هزینه ویزیت شد,health
1680,4351 کرایه تاکسی شد,transport
1681,924 تومن هزینه ویزیت شد,health
1682,4474 اجاره خونه پرداخت کردم,housing
1683,خرید 2676 ویزیت تومن,health
1684,4932 تومن صبحونه خوردم,food
1685,4257 تومن خرید میوه کردم,shopping
1686,2818 تومن پیتزا خوردم,food
1687,سهم 4298 برق شد,housing
1688,45 برای لوازم تحریر دادم,shopping
1689,741 تومن صبحونه خوردم,food
1690,2963 تومن قبض گاز دادم,housing
1691,برای 1789 شام تومن دادم,food
1692,948 تومن هزینه دندانپزشک شد,health
1693,3279 تومن هزینه دارو شد,health
1694,2878 هزینه هزینه شخصی شد,other
1695,2169 تومن هزینه ویزیت شد,health
1696,4246 تومن خرید کیف کردم,shopping
1697,سهم 306 آب شد,housing
1698,1820 تومن بیف برگر خوردم,food
1699,1957 تومن کباب خوردم,food
1700,197 تومن ساندویچ گرفتم,food
1701,4836 برای هزینه شخصی پرداخت شد,other
1702,3287 اجاره خونه پرداخت کردم,housing
1703,1597 اجاره خونه پرداخت کردم,housing
1704,1784 تومن دکتر رفتم,health
1705,819 برای کیف دادم,shopping
1706,1023 برای کار اداری پرداخت شد,other
1707,1134 تومن اسنپ گرفتم,transport
1708,939 اجاره خونه پرداخت کردم,housing
1709,برای 2668 ساندویچ تومن دادم,food
1710,3427 تومن خرید سوپرمارکت کردم,shopping
1711,برای 4333 سینما دادم,entertainment
1712,4732 هزینه کار اداری شد,other
1713,1365 برای کار اداری پرداخت شد,other
1714,211 تومن مترو گرفتم,transport
1715,1018 تومن بیف برگر خوردم,food
1716,برای 4141 شهربازی دادم,entertainment
1717,3047 هزینه کار اداری شد,other
1718,1851 تومن خرید میوه کردم,shopping
1719,436 تومن کنسرت رفتم,entertainment
1720,برای 4484 صبحونه تومن دادم,food
1721,2107 برای اتوبوس پرداخت کردم,transport
1722,345 تومن دکتر رفتم,health
1723,سهم 998 آب شد,housing
1724,2985 اجاره خونه پرداخت کردم,housing
1725,790 تومن دکتر رفتم,health
1726,1284 تومن پیتزا گرفتم,food
1727,برای 1226 بازی دادم,entertainment
1728,1129 تومن قبض برق دادم,housing
1729,1204 تومن شهربازی رفتم,entertainment
1730,4811 هزینه هزینه شخصی شد,other
1731,2736 تومن خرید کیف کردم,shopping
1732,2943 تومن خرج کار اداری کردم,other
1733,3861 برای کار اداری پرداخت شد,other
1734,برای 4605 بیف برگر تومن دادم,food
1735,1796 هزینه هزینه شخصی شد,other
1736,1355 تومن هزینه آزمایش شد,health
1737,4580 تومن صبحونه خوردم,food
1738,3442 برای اسنپ پرداخت کردم,transport
1739,1322 هزینه کار اداری شد,other
1740,781 تومن قبض برق دادم,housing
1741,4198 تومن خرج هزینه شخصی کردم,other
1742,خرید 2014 دندانپزشک تومن,health
1743,1518 برای کیف دادم,shopping
1744,471 برای میوه دادم,shopping
1745,1127 خرج سینما شد,entertainment
1746,325 اجاره خونه پرداخت کردم,housing
1747,4232 هزینه هزینه شخصی شد,other
1748,برای 1832 بازی دادم,entertainment
1749,1814 برای میوه دادم,shopping
1750,4882 تومن قبض گاز دادم,housing
1751,969 تومن هزینه دارو شد,health
1752,2056 کرایه مترو شد,transport
1753,3282 تومن کباب خوردم,food
1754,برای 4834 ساندویچ تومن دادم,food
1755,سهم 2060 گاز شد,housing
1756,3984 خرج کافی شاپ شد,entertainment
1757,1029 تومن خرید سوپرمارکت کردم,shopping
1758,4191 برای هزینه شخصی پرداخت شد,other
1759,1584 هزینه کار اداری شد,other
1760,4146 تومن مترو گرفتم,transport
1761,برای 1449 ناهار تومن دادم,food
1762,4306 تومن شام خوردم,food
1763,1459 تومن شهربازی رفتم,entertainment
1764,2081 تومن صبحونه خوردم,food
1765,3940 خرج سینما شد,entertainment
1766,2183 تومن شهربازی رفتم,entertainment
1767,483 خرج کنسرت شد,entertainment
1768,خرید 3366 آزمایش تومن,health
1769,3281 برای کار اداری پرداخت شد,other
1770,2347 خرج سینما شد,entertainment
1771,325 کرایه رفت و برگشت شد,transport
1772,4385 تومن خرید لباس کردم,shopping
1773,4560 تومن شهربازی رفتم,entertainment
1774,2296 تومن خرج هزینه متفرقه کردم,other
1775,1274 تومن هزینه دارو شد,health
1776,3300 تومن خرج هزینه شخصی کردم,other
1777,2086 برای هزینه شخصی پرداخت شد,other
1778,خرید 1268 دارو تومن,health
1779,3017 تومن قبض شارژ ساختمان دادم,housing
1780,سهم 3087 آب شد,housing
1781,3784 خرج بازی شد,entertainment
1782,681 تومن میوه خریدم,shopping
1783,3441 اجاره خونه پرداخت کردم,housing
1784,خرید 998 ویزیت تومن,health
1785,3280 تومن خرج هزینه متفرقه کردم,other
1786,برای 2982 کباب تومن دادم,food
1787,205 برای هزینه شخصی پرداخت شد,other
1788,1588 برای هزینه متفرقه پرداخت شد,other
1789,1355 تومن شام گرفتم,food
1790,2633 تومن خرج کار اداری کردم,other
1791,4850 برای اتوبوس پرداخت کردم,transport
1792,872 برای میوه دادم,shopping
1793,916 تومن قبض اجاره دادم,housing
1794,برای 1648 شام تومن دادم,food
1795,2814 برای کار اداری پرداخت شد,other
1796,892 تومن ناهار خوردم,food
1797,553 اجاره خونه پرداخت کردم,housing
1798,4407 برای هزینه متفرقه پرداخت شد,other
1799,4202 تومن قبض شارژ ساختمان دادم,housing
1800,2463 هزینه کار اداری شد,other
1801,1147 تومن کنسرت رفتم,entertainment
1802,3600 برای کیف دادم,shopping
1803,1670 هزینه هزینه شخصی شد,other
1804,1514 اجاره خونه پرداخت کردم,housing
1805,3962 کرایه مترو شد,transport
1806,348 تومن بازی رفتم,entertainment
1807,3631 تومن شام گرفتم,food
1808,برای 4519 شام تومن دادم,food
1809,2602 خرج سینما شد,entertainment
1810,1253 تومن هزینه آزمایش شد,health
1811,3603 تومن سوپرمارکت خریدم,shopping
1812,برای 4673 کافی شاپ دادم,entertainment
1813,4714 اجاره خونه پرداخت کردم,housing
1814,4181 برای میوه دادم,shopping
1815,سهم 3024 شارژ ساختمان شد,housing
1816,971 خرج کافی شاپ شد,entertainment
1817,برای 1939 صبحونه تومن دادم,food
1818,4182 برای هزینه متفرقه پرداخت شد,other
1819,2166 تومن قبض آب دادم,housing
1820,خرید 4292 ویزیت تومن,health
1821,648 تومن خرید لوازم تحریر کردم,shopping
1822,2959 تومن دکتر رفتم,health
1823,73 تومن سینما رفتم,entertainment
1824,سهم 100 اجاره شد,housing
1825,3347 تومن کباب خوردم,food
1826,4628 برای هزینه متفرقه پرداخت شد,other
1827,3486 برای هزینه شخصی پرداخت شد,other
1828,2195 برای کار اداری پرداخت شد,other
1829,سهم 1540 اجاره شد,housing
1830,برای 2899 بازی دادم,entertainment
1831,4352 اجاره خونه پرداخت کردم,housing
1832,برای 1280 شام تومن دادم,food
1833,1389 خرج کنسرت شد,entertainment
1834,1555 تومن سوپرمارکت خریدم,shopping
1835,1114 تومن خرج کار اداری کردم,other
1836,1248 برای هزینه متفرقه پرداخت شد,other
1837,2012 برای اسنپ پرداخت کردم,transport
1838,1243 تومن خرید میوه کردم,shopping
1839,سهم 578 شارژ ساختمان شد,housing
1840,1639 برای کار اداری پرداخت شد,other
1841,سهم 4599 آب شد,housing
1842,4215 تومن خرید کیف کردم,shopping
1843,برای 3381 ناهار تومن دادم,food
1844,برای 2657 بیف برگر تومن دادم,food
1845,2049 تومن تاکسی گرفتم,transport
1846,1073 تومن خرج هزینه شخصی کردم,other
1847,490 تومن سوپرمارکت خریدم,shopping
1848,برای 1502 شام تومن دادم,food
1849,4536 تومن بازی رفتم,entertainment
1850,1909 تومن خرج کار اداری کردم,other
1851,3646 تومن شهربازی رفتم,entertainment
1852,4529 برای سوپرمارکت دادم,shopping
1853,1849 تومن خرج هزینه متفرقه کردم,other
1854,4968 تومن دکتر رفتم,health
1855,3817 کرایه رفت و برگشت شد,transport
1856,سهم 2639 آب شد,housing
1857,خرید 2591 دارو تومن,health
1858,2901 تومن شهربازی رفتم,entertainment
1859,سهم 1073 برق شد,housing
1860,2824 خرج شهربازی شد,entertainment
1861,374 تومن شام خوردم,food
1862,برای 2434 شهربازی دادم,entertainment
1863,سهم 1026 گاز شد,housing
1864,برای 3298 شهربازی دادم,entertainment
1865,4478 تومن قبض آب دادم,housing
1866,برای 2389 شام تومن دادم,food
1867,4788 تومن ناهار گرفتم,food
1868,148 کرایه اتوبوس شد,transport
1869,568 تومن تاکسی گرفتم,transport
1870,2384 تومن سینما رفتم,entertainment
1871,1964 تومن پیتزا گرفتم,food
1872,1158 تومن قبض برق دادم,housing
1873,4546 برای لباس دادم,shopping
1874,1038 تومن قبض شارژ ساختمان دادم,housing
1875,3440 تومن کباب گرفتم,food
1876,292 برای کار اداری پرداخت شد,other
1877,2001 کرایه اسنپ شد,transport
1878,2478 تومن اتوبوس گرفتم,transport
1879,2340 تومن کباب خوردم,food
1880,2106 برای کار اداری پرداخت شد,other
1881,برای 4429 بیف برگر تومن دادم,food
1882,3109 تومن خرید میوه کردم,shopping
1883,4841 کرایه رفت و برگشت شد,transport
1884,837 تومن قبض برق دادم,housing
1885,برای 978 کافی شاپ دادم,entertainment
1886,برای 3022 شهربازی دادم,entertainment
1887,3683 هزینه هزینه شخصی شد,other
1888,777 برای لباس دادم,shopping
1889,2451 تومن بازی رفتم,entertainment
1890,904 هزینه هزینه متفرقه شد,other
1891,1231 برای لوازم تحریر دادم,shopping
1892,2613 برای میوه دادم,shopping
1893,برای 1865 سینما دادم,entertainment
1894,2841 برای لباس دادم,shopping
1895,برای 3609 ناهار تومن دادم,food
1896,2032 برای رفت و برگشت پرداخت کردم,transport
1897,1598 تومن خرج هزینه متفرقه کردم,other
1898,برای 4102 شام تومن دادم,food
1899,برای 4903 پیتزا تومن دادم,food
1900,924 تومن هزینه دندانپزشک شد,health
1901,1697 تومن دکتر رفتم,health
1902,خرید 4729 دندانپزشک تومن,health
1903,3412 اجاره خونه پرداخت کردم,housing
1904,2578 هزینه کار اداری شد,other
1905,خرید 4918 ویزیت تومن,health
1906,3117 تومن خرید لباس کردم,shopping
1907,43 اجاره خونه پرداخت کردم,housing
1908,برای 3755 بازی دادم,entertainment
1909,خرید 215 ویزیت تومن,health
1910,1607 کرایه اسنپ شد,transport
1911,2958 اجاره خونه پرداخت کردم,housing
1912,1297 برای سوپرمارکت دادم,shopping
1913,2466 تومن اتوبوس گرفتم,transport
1914,941 تومن قبض گاز دادم,housing
1915,خرید 2441 ویزیت تومن,health
1916,2636 کرایه رفت و برگشت شد,transport
1917,خرید 1857 آزمایش تومن,health
1918,4420 تومن رفت و برگشت گرفتم,transport
1919,برای 351 ناهار تومن دادم,food
1920,152 تومن میوه خریدم,shopping
1921,1894 تومن پیتزا گرفتم,food
1922,4629 تومن دکتر رفتم,health
1923,1628 برای اسنپ پرداخت کردم,transport
1924,4336 برای هزینه متفرقه پرداخت شد,other
1925,802 کرایه تاکسی شد,transport
1926,2283 خرج کافی شاپ شد,entertainment
1927,1101 تومن شام گرفتم,food
1928,115 تومن هزینه دندانپزشک شد,health
1929,برای 1111 بازی دادم,entertainment
1930,53 برای سوپرمارکت دادم,shopping
1931,3994 تومن قبض اجاره دادم,housing
1932,خرید 4563 دندانپزشک تومن,health
1933,خرید 2400 دارو تومن,health
1934,3514 تومن شهربازی رفتم,entertainment
1935,1779 برای سوپرمارکت دادم,shopping
1936,3119 تومن میوه خریدم,shopping
1937,754 تومن خرید میوه کردم,shopping
1938,2033 برای لباس دادم,shopping
1939,3003 برای سوپرمارکت دادم,shopping
1940,425 برای میوه دادم,shopping
1941,546 تومن ناهار خوردم,food
1942,3107 برای هزینه متفرقه پرداخت شد,other
1943,1695 خرج بازی شد,entertainment
1944,1318 تومن خرج هزینه شخصی کردم,other
1945,873 تومن هزینه دارو شد,health
1946,540 تومن قبض اجاره دادم,housing
1947,4934 هزینه کار اداری شد,other
1948,4081 تومن تاکسی گرفتم,transport
1949,3796 تومن بیف برگر گرفتم,food
1950,170 تومن خرج کار اداری کردم,other
1951,2710 تومن قبض برق دادم,housing
1952,2831 خرج شهربازی شد,entertainment
1953,برای 971 سینما دادم,entertainment
1954,423 تومن کنسرت رفتم,entertainment
1955,1472 تومن رفت و برگشت گرفتم,transport
1956,1928 تومن بازی رفتم,entertainment
1957,3331 تومن خرج کار اداری کردم,other
1958,2836 برای اتوبوس پرداخت کردم,transport
1959,840 تومن خرید کیف کردم,shopping
1960,سهم 3677 شارژ ساختمان شد,housing
1961,3431 تومن قبض گاز دادم,housing
1962,939 هزینه هزینه شخصی شد,other
1963,4427 کرایه اتوبوس شد,transport
1964,2562 تومن سینما رفتم,entertainment
1965,برای 647 ساندویچ تومن دادم,food
1966,3023 هزینه هزینه شخصی شد,other
1967,3998 تومن خرید کیف کردم,shopping
1968,1848 خرج شهربازی شد,entertainment
1969,462 تومن قبض برق دادم,housing
1970,2921 خرج بازی شد,entertainment
1971,3849 تومن شهربازی رفتم,entertainment
1972,4018 تومن بیف برگر خوردم,food
1973,4340 تومن بازی رفتم,entertainment
1974,4493 اجاره خونه پرداخت کردم,housing
1975,394 تومن دکتر رفتم,health
1976,554 تومن خرج کار اداری کردم,other
1977,برای 4240 کافی شاپ دادم,entertainment
1978,181 برای هزینه شخصی پرداخت شد,other
1979,3091 تومن خرج هزینه متفرقه کردم,other
1980,4919 تومن سینما رفتم,entertainment
1981,4432 اجاره خونه پرداخت کردم,housing
1982,2161 اجاره خونه پرداخت کردم,housing
1983,4125 برای کار اداری پرداخت شد,other
1984,3217 تومن خرج هزینه شخصی کردم,other
1985,1181 تومن سینما رفتم,entertainment
1986,2634 برای هزینه متفرقه پرداخت شد,other
1987,3788 تومن کنسرت رفتم,entertainment
1988,2741 تومن بازی رفتم,entertainment
1989,4117 تومن ساندویچ گرفتم,food
1990,برای 1346 سینما دادم,entertainment
1991,برای 863 کنسرت دادم,entertainment
1992,1323 تومن قبض آب دادم,housing
1993,637 تومن کافی شاپ رفتم,entertainment
1994,1253 کرایه رفت و برگشت شد,transport
1995,خرید 1055 ویزیت تومن,health
1996,960 هزینه هزینه متفرقه شد,other
1997,3618 تومن قبض اجاره دادم,housing
1998,برای 4827 شهربازی دادم,entertainment
1999,3930 تومن خرید سوپرمارکت کردم,shopping
2000,3286 تومن ساندویچ گرفتم,food
2001,2900 برای کیف دادم,shopping
2002,852 تومن هزینه آزمایش شد,health
2003,3387 تومن خرج کار اداری کردم,other
2004,4039 تومن قبض اجاره دادم,housing
2005,خرید 3557 دندانپزشک تومن,health
2006,1229 برای هزینه متفرقه پرداخت شد,other
2007,4474 کرایه رفت و برگشت شد,transport
2008,برای 3967 صبحونه تومن دادم,food
2009,سهم 4378 گاز شد,housing
2010,1140 تومن دکتر رفتم,health
2011,2607 تومن سینما رفتم,entertainment
2012,4265 تومن کنسرت رفتم,entertainment
2013,3508 اجاره خونه پرداخت کردم,housing
2014,3043 اجاره خونه پرداخت کردم,housing
2015,برای 966 کافی شاپ دادم,entertainment
2016,خرید 4869 ویزیت تومن,health
2017,1916 تومن هزینه آزمایش شد,health
2018,3849 تومن خرج هزینه متفرقه کردم,other
2019,3797 کرایه اتوبوس شد,transport
2020,673 برای هزینه شخصی پرداخت شد,other
2021,366 اجاره خونه پرداخت کردم,housing
2022,2253 تومن کافی شاپ رفتم,entertainment
2023,2021 خرج شهربازی شد,entertainment
2024,2417 تومن ناهار گرفتم,food
2025,2085 هزینه هزینه متفرقه شد,other
2026,4180 اجاره خونه پرداخت کردم,housing
2027,4190 تومن سینما رفتم,entertainment
2028,2633 برای سوپرمارکت دادم,shopping
2029,339 هزینه هزینه شخصی شد,other
2030,920 برای هزینه متفرقه پرداخت شد,other
2031,1956 خرج کنسرت شد,entertainment
2032,4155 برای هزینه شخصی پرداخت شد,other
2033,4643 تومن تاکسی گرفتم,transport
2034,3752 خرج سینما شد,entertainment
2035,3347 تومن رفت و برگشت گرفتم,transport
2036,4239 تومن خرج کار اداری کردم,other
2037,3540 تومن پیتزا خوردم,food
2038,3787 هزینه هزینه شخصی شد,other
2039,3344 اجاره خونه پرداخت کردم,housing
2040,493 تومن هزینه دارو شد,health
2041,1916 تومن خرج هزینه شخصی کردم,other
2042,خرید 2270 دندانپزشک تومن,health
2043,1726 برای کار اداری پرداخت شد,other
2044,1619 تومن دکتر رفتم,health
2045,4157 کرایه رفت و برگشت شد,transport
2046,4116 کرایه مترو شد,transport
2047,3926 برای هزینه شخصی پرداخت شد,other
2048,خرید 1964 دندانپزشک تومن,health
2049,برای 279 صبحونه تومن دادم,food
2050,1476 تومن خرید سوپرمارکت کردم,shopping
2051,1451 تومن شهربازی رفتم,entertainment
2052,3372 اجاره خونه پرداخت کردم,housing
2053,4513 تومن قبض شارژ ساختمان دادم,housing
2054,4065 برای کیف دادم,shopping
2055,1625 تومن بازی رفتم,entertainment
2056,486 اجاره خونه پرداخت کردم,housing
2057,2421 تومن ناهار خوردم,food
2058,3363 تومن دکتر رفتم,health
2059,4963 تومن هزینه ویزیت شد,health
2060,3634 برای اسنپ پرداخت کردم,transport
2061,691 تومن هزینه دارو شد,health
2062,2572 برای کار اداری پرداخت شد,other
2063,برای 1680 صبحونه تومن دادم,food
2064,سهم 1097 آب شد,housing
2065,4690 تومن خرج هزینه متفرقه کردم,other
2066,برای 2981 شام تومن دادم,food
2067,خرید 3715 ویزیت تومن,health
2068,137 تومن دکتر رفتم,health
2069,1463 تومن میوه خریدم,shopping
2070,4121 تومن پیتزا خوردم,food
2071,700 تومن اتوبوس گرفتم,transport
2072,4214 تومن ناهار گرفتم,food
2073,برای 4344 کنسرت دادم,entertainment
2074,2896 تومن خرید سوپرمارکت کردم,shopping
2075,خرید 4731 آزمایش تومن,health
2076,4448 تومن خرید میوه کردم,shopping
2077,3963 خرج سینما شد,entertainment
2078,2271 تومن لباس خریدم,shopping
2079,برای 3268 کباب تومن دادم,food
2080,2129 برای هزینه متفرقه پرداخت شد,other
2081,3042 برای هزینه شخصی پرداخت شد,other
2082,4216 تومن کافی شاپ رفتم,entertainment
2083,3974 تومن خرید سوپرمارکت کردم,shopping
2084,3291 تومن خرج هزینه متفرقه کردم,other
2085,2450 برای مترو پرداخت کردم,transport
2086,1473 برای سوپرمارکت دادم,shopping
2087,4908 اجاره خونه پرداخت کردم,housing
2088,2314 خرج بازی شد,entertainment
2089,4642 تومن کنسرت رفتم,entertainment
2090,2800 خرج کافی شاپ شد,entertainment
2091,2629 اجاره خونه پرداخت کردم,housing
2092,3224 اجاره خونه پرداخت کردم,housing
2093,2393 برای هزینه متفرقه پرداخت شد,other
2094,برای 4335 سینما دادم,entertainment
2095,خرید 1156 ویزیت تومن,health
2096,3584 خرج سینما شد,entertainment
2097,3054 برای اسنپ پرداخت کردم,transport
2098,سهم 1350 گاز شد,housing
2099,3445 تومن خرج هزینه شخصی کردم,other
2100,4278 اجاره خونه پرداخت کردم,housing
2101,2873 تومن قبض برق دادم,housing
2102,4436 تومن بازی رفتم,entertainment
2103,2203 تومن صبحونه خوردم,food
2104,839 خرج کافی شاپ شد,entertainment
2105,سهم 721 گاز شد,housing
2106,سهم 3504 برق شد,housing
2107,122 تومن دکتر رفتم,health
2108,برای 4799 بازی دادم,entertainment
2109,برای 3488 کباب تومن دادم,food
2110,1078 تومن لوازم تحریر خریدم,shopping
2111,2195 خرج سینما شد,entertainment
2112,666 هزینه هزینه متفرقه شد,other
2113,4928 تومن بازی رفتم,entertainment
2114,برای 2453 کنسرت دادم,entertainment
2115,974 تومن خرج کار اداری کردم,other
2116,برای 3445 کافی شاپ دادم,entertainment
2117,3558 برای تاکسی پرداخت کردم,transport
2118,1292 تومن اتوبوس گرفتم,transport
2119,4218 تومن بیف برگر خوردم,food
2120,2849 تومن خرج هزینه متفرقه کردم,other
2121,2165 تومن شهربازی رفتم,entertainment
2122,3507 تومن بازی رفتم,entertainment
2123,سهم 4335 آب شد,housing
2124,4846 تومن هزینه ویزیت شد,health
2125,3612 تومن خرج هزینه شخصی کردم,other
2126,1809 تومن شام گرفتم,food
2127,1597 هزینه هزینه شخصی شد,other
2128,3086 اجاره خونه پرداخت کردم,housing
2129,701 تومن تاکسی گرفتم,transport
2130,2389 تومن قبض اجاره دادم,housing
2131,سهم 1430 آب شد,housing
2132,1490 تومن دکتر رفتم,health
2133,68 هزینه کار اداری شد,other
2134,3652 تومن پیتزا گرفتم,food
2135,348 تومن خرج کار اداری کردم,other
2136,3663 هزینه هزینه شخصی شد,other
2137,2847 تومن کنسرت رفتم,entertainment
2138,سهم 4479 برق شد,housing
2139,خرید 33 دندانپزشک تومن,health
2140,113 تومن بازی رفتم,entertainment
2141,2380 برای تاکسی پرداخت کردم,transport
2142,597 تومن خرید میوه کردم,shopping
2143,1074 برای هزینه شخصی پرداخت شد,other
2144,472 تومن مترو گرفتم,transport
2145,2155 تومن دکتر رفتم,health
2146,2609 تومن خرج هزینه شخصی کردم,other
2147,سهم 707 برق شد,housing
2148,1752 برای لوازم تحریر دادم,shopping
2149,2299 تومن خرید لباس کردم,shopping
2150,برای 4907 شهربازی دادم,entertainment
2151,سهم 212 گاز شد,housing
2152,690 برای میوه دادم,shopping
2153,3377 تومن اتوبوس گرفتم,transport
2154,3413 خرج شهربازی شد,entertainment
2155,3907 تومن هزینه آزمایش شد,health
2156,2711 تومن شام خوردم,food
2157,1145 کرایه تاکسی شد,transport
2158,3445 خرج شهربازی شد,entertainment
2159,سهم 3322 اجاره شد,housing
2160,1221 تومن سوپرمارکت خریدم,shopping
2161,4618 اجاره خونه پرداخت کردم,housing
2162,1740 تومن قبض گاز دادم,housing
2163,4295 تومن بازی رفتم,entertainment
2164,2246 تومن شهربازی رفتم,entertainment
2165,2961 اجاره خونه پرداخت کردم,housing
2166,1193 تومن شهربازی رفتم,entertainment
2167,1057 هزینه کار اداری شد,other
2168,4000 اجاره خونه پرداخت کردم,housing
2169,1732 تومن شام گرفتم,food
2170,3181 خرج شهربازی شد,entertainment
2171,3908 تومن کنسرت رفتم,entertainment
2172,1072 تومن لوازم تحریر خریدم,shopping
2173,برای 3217 سینما دادم,entertainment
2174,برای 4052 شام تومن دادم,food
2175,سهم 4128 آب شد,housing
2176,2573 تومن هزینه دارو شد,health
2177,2199 برای لوازم تحریر دادم,shopping
2178,برای 1240 کباب تومن دادم,food
2179,3609 تومن لباس خریدم,shopping
2180,849 تومن شهربازی رفتم,entertainment
2181,برای 3700 پیتزا تومن دادم,food
2182,برای 2256 سینما دادم,entertainment
2183,4287 اجاره خونه پرداخت کردم,housing
2184,2601 تومن ناهار گرفتم,food
2185,4968 اجاره خونه پرداخت کردم,housing
2186,سهم 2855 شارژ ساختمان شد,housing
2187,2888 خرج شهربازی شد,entertainment
2188,خرید 608 دندانپزشک تومن,health
2189,2912 کرایه تاکسی شد,transport
2190,سهم 4003 اجاره شد,housing
2191,1560 تومن ساندویچ گرفتم,food
2192,3192 هزینه کار اداری شد,other
2193,2174 تومن اسنپ گرفتم,transport
2194,4605 تومن دکتر رفتم,health
2195,خرید 4593 ویزیت تومن,health
2196,3914 اجاره خونه پرداخت کردم,housing
2197,سهم 3889 آب شد,housing
2198,برای 3265 شام تومن دادم,food
2199,4962 تومن لباس خریدم,shopping
2200,2746 خرج سینما شد,entertainment
2201,3882 تومن خرج هزینه شخصی کردم,other
2202,3762 تومن بیف برگر خوردم,food
2203,227 تومن قبض گاز دادم,housing
2204,1300 تومن قبض شارژ ساختمان دادم,housing
2205,3546 تومن شهربازی رفتم,entertainment
2206,4329 تومن لباس خریدم,shopping
2207,سهم 932 گاز شد,housing
2208,4469 برای مترو پرداخت کردم,transport
2209,برای 3330 کنسرت دادم,entertainment
2210,2860 کرایه تاکسی شد,transport
2211,4328 تومن هزینه دندانپزشک شد,health
2212,سهم 84 برق شد,housing
2213,برای 4110 شهربازی دادم,entertainment
2214,برای 981 شهربازی دادم,entertainment
2215,966 تومن پیتزا گرفتم,food
2216,1430 خرج سینما شد,entertainment
2217,برای 4666 ساندویچ تومن دادم,food
2218,4492 خرج کافی شاپ شد,entertainment
2219,4693 تومن کافی شاپ رفتم,entertainment
2220,4504 هزینه هزینه متفرقه شد,other
2221,1725 تومن شام گرفتم,food
2222,456 خرج شهربازی شد,entertainment
2223,سهم 1098 برق شد,housing
2224,4867 برای رفت و برگشت پرداخت کردم,transport
2225,1400 برای سوپرمارکت دادم,shopping
2226,خرید 2757 ویزیت تومن,health
2227,4275 خرج سینما شد,entertainment
2228,3109 تومن خرج هزینه شخصی کردم,other
2229,2859 تومن خرج هزینه شخصی کردم,other
2230,1854 هزینه کار اداری شد,other
2231,1964 تومن کنسرت رفتم,entertainment
2232,3256 تومن دکتر رفتم,health
2233,2604 تومن خرید سوپرمارکت کردم,shopping
2234,2042 تومن دکتر رفتم,health
2235,1636 تومن خرید سوپرمارکت کردم,shopping
2236,1434 تومن دکتر رفتم,health
2237,4186 خرج شهربازی شد,entertainment
2238,4232 هزینه هزینه شخصی شد,other
2239,874 اجاره خونه پرداخت کردم,housing
2240,239 هزینه هزینه متفرقه شد,other
2241,3919 تومن اسنپ گرفتم,transport
2242,4717 برای کیف دادم,shopping
2243,4465 تومن خرج هزینه متفرقه کردم,other
2244,2247 کرایه مترو شد,transport
2245,برای 4853 شهربازی دادم,entertainment
2246,1740 تومن کافی شاپ رفتم,entertainment
2247,برای 3526 کباب تومن دادم,food
2248,2679 اجاره خونه پرداخت کردم,housing
2249,برای 1756 بازی دادم,entertainment
2250,1695 تومن خرید میوه کردم,shopping
2251,1733 اجاره خونه پرداخت کردم,housing
2252,برای 1242 سینما دادم,entertainment
2253,2908 تومن خرج کار اداری کردم,other
2254,1067 تومن خرج هزینه شخصی کردم,other
2255,985 تومن هزینه آزمایش شد,health
2256,3840 تومن اتوبوس گرفتم,transport
2257,3598 تومن لباس خریدم,shopping
2258,3000 تومن پیتزا خوردم,food
2259,برای 3538 سینما دادم,entertainment
2260,برای 3027 کافی شاپ دادم,entertainment
2261,1017 اجاره خونه پرداخت کردم,housing
2262,1586 تومن دکتر رفتم,health
2263,1247 تومن قبض برق دادم,housing
2264,1823 کرایه رفت و برگشت شد,transport
2265,4220 هزینه کار اداری شد,other
2266,خرید 1803 ویزیت تومن,health
2267,287 هزینه هزینه متفرقه شد,other
2268,187 برای اتوبوس پرداخت کردم,transport
2269,2981 تومن شهربازی رفتم,entertainment
2270,2886 اجاره خونه پرداخت کردم,housing
2271,23 تومن لباس خریدم,shopping
2272,2577 تومن هزینه دندانپزشک شد,health
2273,4662 برای اسنپ پرداخت کردم,transport
2274,3774 تومن کیف خریدم,shopping
2275,4335 کرایه اسنپ شد,transport
2276,402 برای لباس دادم,shopping
2277,2482 هزینه کار اداری شد,other
2278,برای 2401 کنسرت دادم,entertainment
2279,582 تومن شام خوردم,food
2280,2090 تومن دکتر رفتم,health
2281,135 تومن لوازم تحریر خریدم,shopping
2282,2864 تومن خرج هزینه شخصی کردم,other
2283,1726 تومن هزینه دارو شد,health
2284,1185 تومن لباس خریدم,shopping
2285,4487 تومن سینما رفتم,entertainment
2286,1610 خرج کنسرت شد,entertainment
2287,2740 کرایه تاکسی شد,transport
2288,3719 تومن شام خوردم,food
2289,542 تومن شام خوردم,food
2290,4926 برای سوپرمارکت دادم,shopping
2291,4023 تومن پیتزا گرفتم,food
2292,2378 تومن شام گرفتم,food
2293,برای 1548 بیف برگر تومن دادم,food
2294,برای 4910 بیف برگر تومن دادم,food
2295,2106 اجاره خونه پرداخت کردم,housing
2296,4382 تومن دکتر رفتم,health
2297,3702 تومن هزینه دارو شد,health
2298,1750 کرایه رفت و برگشت شد,transport
2299,226 کرایه رفت و برگشت شد,transport
2300,967 تومن خرج هزینه متفرقه کردم,other
2301,4534 تومن میوه خریدم,shopping
2302,1250 خرج سینما شد,entertainment
2303,برای 4312 صبحونه تومن دادم,food
2304,3388 تومن پیتزا خوردم,food
2305,خرید 3124 دارو تومن,health
2306,4625 خرج بازی شد,entertainment
2307,1091 هزینه هزینه متفرقه شد,other
2308,خرید 2705 ویزیت تومن,health
2309,برای 1566 شهربازی دادم,entertainment
2310,3467 تومن قبض شارژ ساختمان دادم,housing
2311,980 برای هزینه شخصی پرداخت شد,other
2312,4713 اجاره خونه پرداخت کردم,housing
2313,1484 هزینه هزینه متفرقه شد,other
2314,برای 2887 بازی دادم,entertainment
2315,1588 تومن لوازم تحریر خریدم,shopping
2316,1836 خرج کنسرت شد,entertainment
2317,برای 3059 بازی دادم,entertainment
2318,3240 برای رفت و برگشت پرداخت کردم,transport
2319,4157 تومن خرید لباس کردم,shopping
2320,4659 هزینه هزینه متفرقه شد,other
2321,1899 تومن دکتر رفتم,health
2322,160 برای میوه دادم,shopping
2323,2974 تومن لباس خریدم,shopping
2324,4692 هزینه کار اداری شد,other
2325,برای 260 بازی دادم,entertainment
2326,178 تومن مترو گرفتم,transport
2327,2982 تومن خرج هزینه متفرقه کردم,other
2328,804 هزینه هزینه متفرقه شد,other
2329,2897 تومن کباب گرفتم,food
2330,خرید 3368 دندانپزشک تومن,health
2331,2620 کرایه مترو شد,transport
2332,2341 تومن خرید میوه کردم,shopping
2333,3807 تومن کافی شاپ رفتم,entertainment
2334,2422 کرایه مترو شد,transport
2335,1361 تومن دکتر رفتم,health
2336,سهم 1262 شارژ ساختمان شد,housing
2337,1611 تومن خرید سوپرمارکت کردم,shopping
2338,4186 تومن هزینه دارو شد,health
2339,1482 تومن دکتر رفتم,health
2340,983 تومن بیف برگر گرفتم,food
2341,3242 هزینه هزینه شخصی شد,other
2342,1746 تومن خرید میوه کردم,shopping
2343,3250 اجاره خونه پرداخت کردم,housing
2344,4883 تومن شهربازی رفتم,entertainment
2345,679 برای اتوبوس پرداخت کردم,transport
2346,سهم 783 گاز شد,housing
2347,4209 تومن قبض اجاره دادم,housing
2348,4688 تومن مترو گرفتم,transport
2349,3379 هزینه کار اداری شد,other
2350,2289 برای اتوبوس پرداخت کردم,transport
2351,خرید 2622 دندانپزشک تومن,health
2352,2070 تومن قبض آب دادم,housing
2353,3484 تومن لباس خریدم,shopping
2354,1926 تومن هزینه دندانپزشک شد,health
2355,4754 تومن قبض آب دادم,housing
2356,2092 تومن خرج هزینه متفرقه کردم,other
2357,سهم 1939 گاز شد,housing
2358,برای 1703 شهربازی دادم,entertainment
2359,416 هزینه هزینه متفرقه شد,other
2360,1357 هزینه هزینه شخصی شد,other
2361,4411 تومن دکتر رفتم,health
2362,456 کرایه مترو شد,transport
2363,2722 تومن دکتر رفتم,health
2364,551 تومن شام خوردم,food
2365,سهم 62 آب شد,housing
2366,سهم 3014 برق شد,housing
2367,سهم 613 آب شد,housing
2368,3785 هزینه هزینه متفرقه شد,other
2369,3272 تومن شهربازی رفتم,entertainment
2370,3934 کرایه رفت و برگشت شد,transport
2371,3550 تومن میوه خریدم,shopping
2372,927 تومن خرید لباس کردم,shopping
2373,2151 تومن خرید لوازم تحریر کردم,shopping
2374,1477 تومن دکتر رفتم,health
2375,1057 تومن سوپرمارکت خریدم,shopping
2376,2668 تومن شهربازی رفتم,entertainment
2377,143 اجاره خونه پرداخت کردم,housing
2378,سهم 3550 شارژ ساختمان شد,housing
2379,545 برای هزینه متفرقه پرداخت شد,other
2380,559 تومن اسنپ گرفتم,transport
2381,4431 تومن رفت و برگشت گرفتم,transport
2382,906 برای هزینه متفرقه پرداخت شد,other
2383,4818 تومن سینما رفتم,entertainment
2384,288 برای مترو پرداخت کردم,transport
2385,برای 850 سینما دادم,entertainment
2386,4132 برای اسنپ پرداخت کردم,transport
2387,3862 تومن هزینه آزمایش شد,health
2388,1928 کرایه رفت و برگشت شد,transport
2389,1790 تومن کنسرت رفتم,entertainment
2390,سهم 4220 شارژ ساختمان شد,housing
2391,1554 برای هزینه شخصی پرداخت شد,other
2392,729 تومن هزینه ویزیت شد,health
2393,2023 خرج شهربازی شد,entertainment
2394,2454 تومن قبض شارژ ساختمان دادم,housing
2395,2894 تومن هزینه دندانپزشک شد,health
2396,4765 برای هزینه شخصی پرداخت شد,other
2397,2298 اجاره خونه پرداخت کردم,housing
2398,برای 871 شهربازی دادم,entertainment
2399,1399 تومن رفت و برگشت گرفتم,transport
2400,3286 تومن اتوبوس گرفتم,transport
2401,3510 برای کیف دادم,shopping
2402,برای 2979 پیتزا تومن دادم,food
2403,2744 برای هزینه متفرقه پرداخت شد,other
2404,3115 تومن کافی شاپ رفتم,entertainment
2405,1238 تومن خرید میوه کردم,shopping
2406,3944 تومن دکتر رفتم,health
2407,1199 تومن صبحونه خوردم,food
2408,2965 تومن شهربازی رفتم,entertainment
2409,1304 تومن قبض شارژ ساختمان دادم,housing
2410,برای 4121 کباب تومن دادم,food
2411,3970 تومن خرج هزینه متفرقه کردم,other
2412,3446 کرایه مترو شد,transport
2413,3430 تومن قبض آب دادم,housing
2414,3814 تومن شام گرفتم,food
2415,2799 تومن خرج هزینه شخصی کردم,other
2416,سهم 1919 آب شد,housing
2417,2148 اجاره خونه پرداخت کردم,housing
2418,4619 تومن هزینه دارو شد,health
2419,1133 تومن خرج هزینه شخصی کردم,other
2420,3426 اجاره خونه پرداخت کردم,housing
2421,خرید 388 دندانپزشک تومن,health
2422,برای 33 شهربازی دادم,entertainment
2423,2787 اجاره خونه پرداخت کردم,housing
2424,برای 1319 ساندویچ تومن دادم,food
2425,1411 کرایه مترو شد,transport
2426,2163 اجاره خونه پرداخت کردم,housing
2427,4601 تومن دکتر رفتم,health
2428,4581 کرایه اتوبوس شد,transport
2429,سهم 1488 شارژ ساختمان شد,housing
2430,برای 1666 شهربازی دادم,entertainment
2431,4338 تومن شهربازی رفتم,entertainment
2432,3787 برای رفت و برگشت پرداخت کردم,transport
2433,1713 تومن خرید میوه کردم,shopping
2434,1179 تومن سوپرمارکت خریدم,shopping
2435,4957 خرج بازی شد,entertainment
2436,4986 تومن قبض اجاره دادم,housing
2437,برای 515 کباب تومن دادم,food
2438,1319 تومن هزینه آزمایش شد,health
2439,1254 تومن خرج هزینه متفرقه کردم,other
2440,795 تومن دکتر رفتم,health
2441,2251 خرج سینما شد,entertainment
2442,3617 خرج سینما شد,entertainment
2443,1730 تومن بیف برگر خوردم,food
2444,3471 تومن خرج هزینه شخصی کردم,other
2445,4103 تومن بازی رفتم,entertainment
2446,1431 تومن هزینه آزمایش شد,health
2447,1429 تومن خرج کار اداری کردم,other
2448,3983 خرج کنسرت شد,entertainment
2449,1157 کرایه رفت و برگشت شد,transport
2450,4237 برای هزینه شخصی پرداخت شد,other
2451,برای 2197 سینما دادم,entertainment
2452,789 تومن بیف برگر خوردم,food
2453,2978 تومن لوازم تحریر خریدم,shopping
2454,1331 تومن خرج هزینه متفرقه کردم,other
2455,2168 هزینه کار اداری شد,other
2456,50 برای اسنپ پرداخت کردم,transport
2457,3245 تومن اسنپ گرفتم,transport
2458,2363 برای میوه دادم,shopping
2459,برای 4845 کافی شاپ دادم,entertainment
2460,1796 تومن قبض اجاره دادم,housing
2461,3760 تومن قبض شارژ ساختمان دادم,housing
2462,1592 تومن تاکسی گرفتم,transport
2463,4469 برای رفت و برگشت پرداخت کردم,transport
2464,برای 1789 بازی دادم,entertainment
2465,2830 تومن کباب گرفتم,food
2466,2451 هزینه هزینه شخصی شد,other
2467,199 تومن ساندویچ گرفتم,food
2468,4270 تومن خرید لباس کردم,shopping
2469,برای 1250 شهربازی دادم,entertainment
2470,1312 تومن قبض شارژ ساختمان دادم,housing
2471,4193 تومن خرید لوازم تحریر کردم,shopping
2472,برای 897 سینما دادم,entertainment
2473,1421 تومن ساندویچ گرفتم,food
2474,برای 2825 صبحونه تومن دادم,food
2475,1674 تومن ناهار خوردم,food
2476,737 تومن دکتر رفتم,health
2477,3546 تومن پیتزا گرفتم,food
2478,1074 تومن خرید کیف کردم,shopping
2479,2406 خرج سینما شد,entertainment
2480,سهم 290 گاز شد,housing
2481,2635 تومن خرج هزینه شخصی کردم,other
2482,3432 هزینه هزینه متفرقه شد,other
2483,4613 تومن ساندویچ خوردم,food
2484,617 برای هزینه متفرقه پرداخت شد,other
2485,4101 تومن دکتر رفتم,health
2486,4088 هزینه هزینه متفرقه شد,other
2487,4412 تومن کیف خریدم,shopping
2488,1557 برای لوازم تحریر دادم,shopping
2489,برای 3609 کنسرت دادم,entertainment
2490,4662 تومن ساندویچ گرفتم,food
2491,4269 برای هزینه شخصی پرداخت شد,other
2492,3486 کرایه رفت و برگشت شد,transport
2493,341 تومن لباس خریدم,shopping
2494,1277 تومن هزینه ویزیت شد,health
2495,214 تومن کباب خوردم,food
2496,2803 تومن پیتزا گرفتم,food
2497,4057 کرایه اسنپ شد,transport
2498,4495 تومن خرج هزینه شخصی کردم,other
2499,برای 3480 کباب تومن دادم,food
2500,4759 تومن کافی شاپ رفتم,entertainment
2501,1409 برای کار اداری پرداخت شد,other
2502,4866 برای سوپرمارکت دادم,shopping
2503,3056 برای سوپرمارکت دادم,shopping
2504,2003 برای تاکسی پرداخت کردم,transport
2505,برای 3970 شهربازی دادم,entertainment
2506,3747 تومن هزینه آزمایش شد,health
2507,3606 برای اتوبوس پرداخت کردم,transport
2508,455 خرج بازی شد,entertainment
2509,648 تومن سوپرمارکت خریدم,shopping
2510,برای 4020 ساندویچ تومن دادم,food
2511,4891 تومن خرج هزینه متفرقه کردم,other
2512,برای 1439 شهربازی دادم,entertainment
2513,2523 تومن هزینه دندانپزشک شد,health
2514,2878 تومن سوپرمارکت خریدم,shopping
2515,سهم 2671 آب شد,housing
2516,2863 تومن رفت و برگشت گرفتم,transport
2517,3122 اجاره خونه پرداخت کردم,housing
2518,1995 تومن هزینه آزمایش شد,health
2519,3083 کرایه رفت و برگشت شد,transport
2520,1844 تومن خرج هزینه شخصی کردم,other
2521,1147 کرایه اسنپ شد,transport
2522,496 تومن میوه خریدم,shopping
2523,1248 تومن بازی رفتم,entertainment
2524,4212 تومن خرج هزینه شخصی کردم,other
2525,31 تومن قبض اجاره دادم,housing
2526,3274 تومن دکتر رفتم,health
2527,1548 تومن بیف برگر خوردم,food
2528,2206 خرج بازی شد,entertainment
2529,1652 کرایه اسنپ شد,transport
2530,برای 2240 بیف برگر تومن دادم,food
2531,2189 تومن خرج هزینه شخصی کردم,other
2532,4285 تومن خرید میوه کردم,shopping
2533,4832 تومن دکتر رفتم,health
2534,4440 کرایه مترو شد,transport
2535,815 تومن دکتر رفتم,health
2536,3522 تومن هزینه ویزیت شد,health
2537,برای 3531 بازی دادم,entertainment
2538,4393 تومن دکتر رفتم,health
2539,3070 کرایه تاکسی شد,transport
2540,20 برای میوه دادم,shopping
2541,برای 359 بازی دادم,entertainment
2542,883 هزینه کار اداری شد,other
2543,3767 برای لوازم تحریر دادم,shopping
2544,سهم 4516 شارژ ساختمان شد,housing
2545,4313 هزینه هزینه متفرقه شد,other
2546,1754 خرج بازی شد,entertainment
2547,1637 برای رفت و برگشت پرداخت کردم,transport
2548,4526 اجاره خونه پرداخت کردم,housing
2549,برای 2066 صبحونه تومن دادم,food
2550,756 تومن هزینه آزمایش شد,health
2551,1549 تومن میوه خریدم,shopping
2552,2741 تومن لوازم تحریر خریدم,shopping
2553,3194 تومن صبحونه خوردم,food
2554,52 تومن قبض اجاره دادم,housing
2555,1614 تومن خرج هزینه متفرقه کردم,other
2556,3326 تومن خرج هزینه شخصی کردم,other
2557,4213 تومن کباب خوردم,food
2558,3946 کرایه مترو شد,transport
2559,1336 تومن لباس خریدم,shopping
2560,3265 تومن خرج کار اداری کردم,other
2561,1482 تومن رفت و برگشت گرفتم,transport
2562,برای 4464 کافی شاپ دادم,entertainment
2563,1032 تومن صبحونه گرفتم,food
2564,2945 تومن شهربازی رفتم,entertainment
2565,1358 برای هزینه شخصی پرداخت شد,other
2566,1835 تومن خرج هزینه متفرقه کردم,other
2567,1725 کرایه اسنپ شد,transport
2568,58 خرج شهربازی شد,entertainment
2569,خرید 4576 ویزیت تومن,health
2570,4957 برای کیف دادم,shopping
2571,1454 تومن پیتزا گرفتم,food
2572,سهم 3809 گاز شد,housing
2573,26 اجاره خونه پرداخت کردم,housing
2574,برای 1660 کافی شاپ دادم,entertainment
2575,3321 برای هزینه متفرقه پرداخت شد,other
2576,4945 تومن قبض گاز دادم,housing
2577,3021 برای اسنپ پرداخت کردم,transport
2578,خرید 4302 ویزیت تومن,health
2579,2380 تومن خرید کیف کردم,shopping
2580,128 هزینه هزینه متفرقه شد,other
2581,برای 3440 شهربازی دادم,entertainment
2582,2137 برای کیف دادم,shopping
2583,540 هزینه هزینه شخصی شد,other
2584,2486 تومن قبض برق دادم,housing
2585,برای 782 بیف برگر تومن دادم,food
2586,1462 برای میوه دادم,shopping
2587,1323 تومن ساندویچ گرفتم,food
2588,3272 تومن خرج هزینه شخصی کردم,other
2589,515 تومن ناهار خوردم,food
2590,1879 تومن شهربازی رفتم,entertainment
2591,3121 تومن لوازم تحریر خریدم,shopping
2592,برای 1048 کافی شاپ دادم,entertainment
2593,سهم 2548 گاز شد,housing
2594,41 کرایه اتوبوس شد,transport
2595,1029 تومن کباب گرفتم,food
2596,2377 تومن پیتزا گرفتم,food
2597,سهم 3591 آب شد,housing
2598,2241 تومن قبض برق دادم,housing
2599,خرید 1592 دندانپزشک تومن,health
2600,1830 کرایه مترو شد,transport
2601,4875 کرایه رفت و برگشت شد,transport
2602,578 اجاره خونه پرداخت کردم,housing
2603,1758 تومن دکتر رفتم,health
2604,3416 اجاره خونه پرداخت کردم,housing
2605,164 برای اتوبوس پرداخت کردم,transport
2606,710 تومن دکتر رفتم,health
2607,474 تومن هزینه ویزیت شد,health
2608,3257 برای کیف دادم,shopping
2609,4372 تومن دکتر رفتم,health
2610,2126 تومن ناهار گرفتم,food
2611,برای 4352 ساندویچ تومن دادم,food
2612,2778 خرج کنسرت شد,entertainment
2613,1770 تومن لوازم تحریر خریدم,shopping
2614,146 برای مترو پرداخت کردم,transport
2615,1948 برای مترو پرداخت کردم,transport
2616,4270 اجاره خونه پرداخت کردم,housing
2617,2367 تومن قبض برق دادم,housing
2618,3165 تومن ساندویچ خوردم,food
2619,1403 اجاره خونه پرداخت کردم,housing
2620,1194 هزینه کار اداری شد,other
2621,1746 تومن پیتزا خوردم,food
2622,2620 هزینه هزینه شخصی شد,other
2623,سهم 1084 گاز شد,housing
2624,خرید 4128 دارو تومن,health
2625,سهم 3379 گاز شد,housing
2626,3691 تومن سینما رفتم,entertainment
2627,4350 تومن دکتر رفتم,health
2628,4754 تومن میوه خریدم,shopping
2629,4293 تومن بیف برگر خوردم,food
2630,3480 خرج کافی شاپ شد,entertainment
2631,765 تومن قبض برق دادم,housing
2632,برای 2660 بازی دادم,entertainment
2633,2784 تومن دکتر رفتم,health
2634,2194 خرج کافی شاپ شد,entertainment
2635,284 تومن خرج هزینه شخصی کردم,other
2636,3089 تومن دکتر رفتم,health
2637,3364 تومن خرج کار اداری کردم,other
2638,2172 تومن پیتزا گرفتم,food
2639,2860 تومن سینما رفتم,entertainment
2640,4734 برای کار اداری پرداخت شد,other
2641,873 تومن هزینه دندانپزشک شد,health
2642,463 هزینه هزینه متفرقه شد,other
2643,2849 برای رفت و برگشت پرداخت کردم,transport
2644,برای 463 ساندویچ تومن دادم,food
2645,خرید 165 ویزیت تومن,health
2646,3422 تومن صبحونه گرفتم,food
2647,3993 تومن شام خوردم,food
2648,سهم 3391 اجاره شد,housing
2649,2088 تومن هزینه دارو شد,health
2650,3749 تومن خرج هزینه شخصی کردم,other
2651,3861 اجاره خونه پرداخت کردم,housing
2652,3619 تومن دکتر رفتم,health
2653,3936 برای هزینه شخصی پرداخت شد,other
2654,2996 اجاره خونه پرداخت کردم,housing
2655,3569 تومن اسنپ گرفتم,transport
2656,3939 تومن ناهار خوردم,food
2657,2690 تومن لوازم تحریر خریدم,shopping
2658,3646 تومن خرج هزینه متفرقه کردم,other
2659,4456 تومن کیف خریدم,shopping
2660,خرید 4931 ویزیت تومن,health
2661,4982 خرج کافی شاپ شد,entertainment
2662,4622 تومن بیف برگر خوردم,food
2663,531 کرایه مترو شد,transport
2664,برای 2663 شام تومن دادم,food
2665,خرید 1528 دارو تومن,health
2666,3179 هزینه هزینه متفرقه شد,other
2667,1830 تومن خرج هزینه متفرقه کردم,other
2668,45 تومن دکتر رفتم,health
2669,2153 برای لباس دادم,shopping
2670,3509 تومن هزینه دندانپزشک شد,health
2671,2205 هزینه کار اداری شد,other
2672,4376 اجاره خونه پرداخت کردم,housing
2673,38 تومن قبض برق دادم,housing
2674,3373 تومن اتوبوس گرفتم,transport
2675,1994 تومن دکتر رفتم,health
2676,خرید 1340 ویزیت تومن,health
2677,145 تومن اتوبوس گرفتم,transport
2678,خرید 109 دارو تومن,health
2679,4820 برای هزینه متفرقه پرداخت شد,other
2680,2380 برای تاکسی پرداخت کردم,transport
2681,2088 برای اسنپ پرداخت کردم,transport
2682,1560 خرج بازی شد,entertainment
2683,3215 تومن قبض شارژ ساختمان دادم,housing
2684,2605 خرج کنسرت شد,entertainment
2685,برای 4738 صبحونه تومن دادم,food
2686,برای 2547 ساندویچ تومن دادم,food
2687,خرید 4317 دندانپزشک تومن,health
2688,2382 برای کار اداری پرداخت شد,other
2689,2785 کرایه اتوبوس شد,transport
2690,3064 تومن خرج کار اداری کردم,other
2691,1224 تومن رفت و برگشت گرفتم,transport
2692,برای 36 کنسرت دادم,entertainment
2693,875 برای لوازم تحریر دادم,shopping
2694,4016 تومن سوپرمارکت خریدم,shopping
2695,901 تومن لوازم تحریر خریدم,shopping
2696,2044 خرج سینما شد,entertainment
2697,1225 تومن بازی رفتم,entertainment
2698,برای 805 شام تومن دادم,food
2699,3603 هزینه هزینه متفرقه شد,other
2700,1760 هزینه هزینه متفرقه شد,other
2701,برای 1002 کباب تومن دادم,food
2702,برای 4733 کنسرت دادم,entertainment
2703,1565 تومن تاکسی گرفتم,transport
2704,1063 کرایه مترو شد,transport
2705,2687 برای هزینه متفرقه پرداخت شد,other
2706,384 برای لباس دادم,shopping
2707,111 تومن پیتزا گرفتم,food
2708,156 برای تاکسی پرداخت کردم,transport
2709,4339 تومن لباس خریدم,shopping
2710,برای 1645 سینما دادم,entertainment
2711,1650 تومن دکتر رفتم,health
2712,978 تومن قبض برق دادم,housing
2713,2754 تومن ساندویچ خوردم,food
2714,753 خرج کنسرت شد,entertainment
2715,722 کرایه رفت و برگشت شد,transport
2716,1802 تومن تاکسی گرفتم,transport
2717,2747 تومن قبض برق دادم,housing
2718,2091 برای سوپرمارکت دادم,shopping
2719,4059 تومن کیف خریدم,shopping
2720,برای 3672 کافی شاپ دادم,entertainment
2721,2065 تومن خرج هزینه شخصی کردم,other
2722,2459 کرایه رفت و برگشت شد,transport
2723,سهم 3781 برق شد,housing
2724,2454 تومن هزینه ویزیت شد,health
2725,2895 تومن هزینه ویزیت شد,health
2726,1903 تومن سینما رفتم,entertainment
2727,578 اجاره خونه پرداخت کردم,housing
2728,2307 تومن کنسرت رفتم,entertainment
2729,برای 2734 سینما دادم,entertainment
2730,1688 برای لباس دادم,shopping
2731,474 خرج کافی شاپ شد,entertainment
2732,3740 تومن قبض اجاره دادم,housing
2733,1228 کرایه مترو شد,transport
2734,3549 هزینه کار اداری شد,other
2735,840 تومن دکتر رفتم,health
2736,2926 تومن بیف برگر خوردم,food
2737,3470 برای هزینه متفرقه پرداخت شد,other
2738,برای 3433 بیف برگر تومن دادم,food
2739,1544 اجاره خونه پرداخت کردم,housing
2740,4030 تومن دکتر رفتم,health
2741,4806 کرایه اتوبوس شد,transport
2742,سهم 2795 شارژ ساختمان شد,housing
2743,سهم 3504 شارژ ساختمان شد,housing
2744,3016 تومن اتوبوس گرفتم,transport
2745,4135 تومن هزینه دارو شد,health
2746,4221 اجاره خونه پرداخت کردم,housing
2747,1645 برای هزینه متفرقه پرداخت شد,other
2748,سهم 78 اجاره شد,housing
2749,4829 اجاره خونه پرداخت کردم,housing
2750,1855 تومن لباس خریدم,shopping
2751,1079 تومن خرید لوازم تحریر کردم,shopping
2752,688 خرج کافی شاپ شد,entertainment
2753,1089 خرج سینما شد,entertainment
2754,3167 تومن لوازم تحریر خریدم,shopping
2755,1489 تومن رفت و برگشت گرفتم,transport
2756,577 کرایه اسنپ شد,transport
2757,سهم 1700 برق شد,housing
2758,2624 تومن هزینه آزمایش شد,health
2759,3373 برای رفت و برگشت پرداخت کردم,transport
2760,3589 اجاره خونه پرداخت کردم,housing
2761,برای 1483 پیتزا تومن دادم,food
2762,برای 3311 بیف برگر تومن دادم,food
2763,سهم 2330 اجاره شد,housing
2764,خرید 1504 دندانپزشک تومن,health
2765,2664 تومن هزینه آزمایش شد,health
2766,4626 کرایه رفت و برگشت شد,transport
2767,389 خرج سینما شد,entertainment
2768,595 کرایه مترو شد,transport
2769,1638 اجاره خونه پرداخت کردم,housing
2770,4934 برای مترو پرداخت کردم,transport
2771,1420 اجاره خونه پرداخت کردم,housing
2772,1305 تومن لباس خریدم,shopping
2773,1341 برای اتوبوس پرداخت کردم,transport
2774,برای 192 کنسرت دادم,entertainment
2775,برای 3119 صبحونه تومن دادم,food
2776,4750 تومن کباب خوردم,food
2777,723 برای کیف دادم,shopping
2778,816 تومن دکتر رفتم,health
2779,سهم 3091 آب شد,housing
2780,195 برای لباس دادم,shopping
2781,2213 تومن شام گرفتم,food
2782,3511 کرایه رفت و برگشت شد,transport
2783,4645 تومن خرید سوپرمارکت کردم,shopping
2784,723 تومن قبض شارژ ساختمان دادم,housing
2785,سهم 1338 آب شد,housing
2786,838 خرج کافی شاپ شد,entertainment
2787,1267 خرج کنسرت شد,entertainment
2788,2009 برای کار اداری پرداخت شد,other
2789,2465 برای هزینه متفرقه پرداخت شد,other
2790,4169 تومن قبض گاز دادم,housing
2791,برای 90 ساندویچ تومن دادم,food
2792,2875 تومن خرج کار اداری کردم,other
2793,سهم 1272 اجاره شد,housing
2794,4795 تومن خرج کار اداری کردم,other
2795,1518 کرایه اتوبوس شد,transport
2796,1981 تومن پیتزا گرفتم,food
2797,برای 1729 شهربازی دادم,entertainment
2798,برای 2950 سینما دادم,entertainment
2799,برای 3651 شهربازی دادم,entertainment
2800,4896 برای کار اداری پرداخت شد,other
2801,سهم 2601 آب شد,housing
2802,3286 تومن خرج هزینه شخصی کردم,other
2803,235 تومن قبض اجاره دادم,housing
2804,640 برای هزینه شخصی پرداخت شد,other
2805,2240 برای لباس دادم,shopping
2806,4986 کرایه اتوبوس شد,transport
2807,3449 کرایه اسنپ شد,transport
2808,3026 تومن خرید سوپرمارکت کردم,shopping
2809,605 تومن لوازم تحریر خریدم,shopping
2810,برای 3108 ساندویچ تومن دادم,food
2811,503 تومن هزینه دارو شد,health
2812,2554 تومن خرج هزینه شخصی کردم,other
2813,691 تومن هزینه دندانپزشک شد,health
2814,590 برای کار اداری پرداخت شد,other
2815,608 تومن لوازم تحریر خریدم,shopping
2816,سهم 500 برق شد,housing
2817,برای 2276 صبحونه تومن دادم,food
2818,2913 تومن خرید کیف کردم,shopping
2819,2578 تومن کباب خوردم,food
2820,برای 3852 سینما دادم,entertainment
2821,برای 1861 بیف برگر تومن دادم,food
2822,622 تومن خرید کیف کردم,shopping
2823,2084 خرج کنسرت شد,entertainment
2824,4828 تومن صبحونه خوردم,food
2825,812 هزینه هزینه شخصی شد,other
2826,2572 برای کیف دادم,shopping
2827,سهم 716 برق شد,housing
2828,4792 تومن خرج کار اداری کردم,other
2829,3500 تومن دکتر رفتم,health
2830,2506 تومن خرید کیف کردم,shopping
2831,219 تومن هزینه ویزیت شد,health
2832,1226 برای اسنپ پرداخت کردم,transport
2833,4702 تومن مترو گرفتم,transport
2834,1238 تومن بیف برگر خوردم,food
2835,4611 تومن کافی شاپ رفتم,entertainment
2836,3455 برای مترو پرداخت کردم,transport
2837,2494 تومن خرید لوازم تحریر کردم,shopping
2838,3671 تومن پیتزا گرفتم,food
2839,4693 برای هزینه شخصی پرداخت شد,other
2840,3201 برای اسنپ پرداخت کردم,transport
2841,1163 تومن خرید میوه کردم,shopping
2842,خرید 2140 دارو تومن,health
2843,896 تومن پیتزا خوردم,food
2844,1781 برای لوازم تحریر دادم,shopping
2845,2806 تومن قبض شارژ ساختمان دادم,housing
2846,4617 هزینه هزینه متفرقه شد,other
2847,خرید 2608 دارو تومن,health
2848,4325 تومن خرید لباس کردم,shopping
2849,388 کرایه اسنپ شد,transport
2850,43 برای اسنپ پرداخت کردم,transport
2851,4288 کرایه اسنپ شد,transport
2852,3509 هزینه کار اداری شد,other
2853,778 تومن لوازم تحریر خریدم,shopping
2854,698 تومن لباس خریدم,shopping
2855,برای 4344 کباب تومن دادم,food
2856,خرید 21 دندانپزشک تومن,health
2857,2065 تومن خرج هزینه شخصی کردم,other
2858,2491 تومن کباب خوردم,food
2859,4570 تومن دکتر رفتم,health
2860,304 تومن ناهار خوردم,food
2861,432 تومن هزینه آزمایش شد,health
2862,برای 291 صبحونه تومن دادم,food
2863,1188 تومن لباس خریدم,shopping
2864,برای 2747 ناهار تومن دادم,food
2865,3566 تومن دکتر رفتم,health
2866,3194 تومن تاکسی گرفتم,transport
2867,3849 تومن تاکسی گرفتم,transport
2868,540 تومن بازی رفتم,entertainment
2869,711 تومن بیف برگر گرفتم,food
2870,139 تومن تاکسی گرفتم,transport
2871,برای 4312 شهربازی دادم,entertainment
2872,خرید 2408 دندانپزشک تومن,health
2873,3372 تومن دکتر رفتم,health
2874,1951 تومن کیف خریدم,shopping
2875,سهم 960 اجاره شد,housing
2876,سهم 2789 شارژ ساختمان شد,housing
2877,3918 برای رفت و برگشت پرداخت کردم,transport
2878,2637 تومن قبض گاز دادم,housing
2879,1598 برای هزینه شخصی پرداخت شد,other
2880,4147 خرج شهربازی شد,entertainment
2881,4886 خرج سینما شد,entertainment
2882,برای 65 شهربازی دادم,entertainment
2883,4063 خرج سینما شد,entertainment
2884,برای 3468 صبحونه تومن دادم,food
2885,1918 تومن کباب گرفتم,food
2886,2152 تومن دکتر رفتم,health
2887,1391 خرج کافی شاپ شد,entertainment
2888,3604 خرج کنسرت شد,entertainment
2889,172 تومن هزینه ویزیت شد,health
2890,برای 447 پیتزا تومن دادم,food
2891,خرید 736 ویزیت تومن,health
2892,برای 1442 ناهار تومن دادم,food
2893,خرید 3093 ویزیت تومن,health
2894,برای 2286 ساندویچ تومن دادم,food
2895,740 خرج سینما شد,entertainment
2896,4564 تومن مترو گرفتم,transport
2897,برای 2149 سینما دادم,entertainment
2898,خرید 624 ویزیت تومن,health
2899,2854 تومن شهربازی رفتم,entertainment
2900,235 تومن دکتر رفتم,health
2901,4404 تومن کباب خوردم,food
2902,4759 تومن هزینه آزمایش شد,health
2903,2438 هزینه کار اداری شد,other
2904,3369 تومن قبض گاز دادم,housing
2905,1257 تومن مترو گرفتم,transport
2906,1906 تومن صبحونه گرفتم,food
2907,3035 خرج شهربازی شد,entertainment
2908,3999 خرج سینما شد,entertainment
2909,1077 تومن دکتر رفتم,health
2910,971 خرج سینما شد,entertainment
2911,371 کرایه اتوبوس شد,transport
2912,برای 2851 پیتزا تومن دادم,food
2913,برای 274 کافی شاپ دادم,entertainment
2914,3089 تومن ساندویچ خوردم,food
2915,227 تومن خرید لباس کردم,shopping
2916,4954 تومن هزینه ویزیت شد,health
2917,خرید 1071 ویزیت تومن,health
2918,2161 تومن سوپرمارکت خریدم,shopping
2919,1611 تومن هزینه دندانپزشک شد,health
2920,3341 تومن رفت و برگشت گرفتم,transport
2921,1212 تومن خرید لوازم تحریر کردم,shopping
2922,1937 تومن لوازم تحریر خریدم,shopping
2923,1098 تومن شام خوردم,food
2924,193 تومن میوه خریدم,shopping
2925,سهم 1538 برق شد,housing
2926,سهم 2757 اجاره شد,housing
2927,1751 تومن شام گرفتم,food
2928,3023 تومن هزینه ویزیت شد,health
2929,776 تومن خرید میوه کردم,shopping
2930,4310 تومن بیف برگر گرفتم,food
2931,برای 1756 سینما دادم,entertainment
2932,3561 تومن سینما رفتم,entertainment
2933,1053 هزینه هزینه متفرقه شد,other
2934,349 برای کیف دادم,shopping
2935,3446 تومن هزینه ویزیت شد,health
2936,4774 تومن شام گرفتم,food
2937,2859 تومن شام گرفتم,food
2938,2657 تومن هزینه دندانپزشک شد,health
2939,2452 تومن میوه خریدم,shopping
2940,خرید 2000 دارو تومن,health
2941,918 تومن اتوبوس گرفتم,transport
2942,2984 تومن قبض برق دادم,housing
2943,2395 اجاره خونه پرداخت کردم,housing
2944,2836 تومن لباس خریدم,shopping
2945,برای 3957 کنسرت دادم,entertainment
2946,4644 برای هزینه شخصی پرداخت شد,other
2947,برای 1922 صبحونه تومن دادم,food
2948,1709 تومن تاکسی گرفتم,transport
2949,3560 برای اتوبوس پرداخت کردم,transport
2950,124 کرایه اسنپ شد,transport
2951,4070 برای اتوبوس پرداخت کردم,transport
2952,3432 تومن هزینه آزمایش شد,health
2953,2015 تومن خرج کار اداری کردم,other
2954,خرید 3696 ویزیت تومن,health
2955,2683 تومن دکتر رفتم,health
2956,575 تومن کیف خریدم,shopping
2957,2165 تومن قبض شارژ ساختمان دادم,housing
2958,سهم 4080 گاز شد,housing
2959,908 تومن هزینه آزمایش شد,health
2960,847 اجاره خونه پرداخت کردم,housing
2961,2218 تومن قبض آب دادم,housing
2962,1272 تومن رفت و برگشت گرفتم,transport
2963,348 برای رفت و برگشت پرداخت کردم,transport
2964,4491 هزینه هزینه شخصی شد,other
2965,3734 برای اسنپ پرداخت کردم,transport
2966,986 تومن قبض برق دادم,housing
2967,1044 اجاره خونه پرداخت کردم,housing
2968,4389 تومن سوپرمارکت خریدم,shopping
2969,1611 برای کار اداری پرداخت شد,other
2970,1385 تومن قبض شارژ ساختمان دادم,housing
2971,3869 برای هزینه شخصی پرداخت شد,other
2972,1578 تومن پیتزا خوردم,food
2973,2141 برای اتوبوس پرداخت کردم,transport
2974,خرید 1931 دارو تومن,health
2975,1103 هزینه هزینه شخصی شد,other
2976,4366 تومن خرید کیف کردم,shopping
2977,1805 تومن بازی رفتم,entertainment
2978,خرید 1603 دارو تومن,health
2979,442 تومن صبحونه خوردم,food
2980,1812 کرایه مترو شد,transport
2981,2871 تومن پیتزا خوردم,food
2982,برای 3265 سینما دادم,entertainment
2983,2693 کرایه مترو شد,transport
2984,340 تومن ناهار خوردم,food
2985,907 برای لباس دادم,shopping
2986,سهم 372 آب شد,housing
2987,2550 کرایه رفت و برگشت شد,transport
2988,4598 برای هزینه متفرقه پرداخت شد,other
2989,2291 برای تاکسی پرداخت کردم,transport
2990,3396 تومن سوپرمارکت خریدم,shopping
2991,793 تومن کباب گرفتم,food
2992,2677 تومن خرید سوپرمارکت کردم,shopping
2993,2981 تومن خرید میوه کردم,shopping
2994,833 تومن شام خوردم,food
2995,4955 تومن خرید سوپرمارکت کردم,shopping
2996,1810 هزینه هزینه شخصی شد,other
2997,3535 برای سوپرمارکت دادم,shopping
2998,3698 تومن خرج هزینه متفرقه کردم,other
2999,برای 955 ساندویچ تومن دادم,food
3000,3279 تومن خرید لوازم تحریر کردم,shopping
3001,4241 تومن خرید لوازم تحریر کردم,shopping
3002,1812 تومن کیف خریدم,shopping
3003,4406 تومن لباس خریدم,shopping
3004,سهم 4649 برق شد,housing
3005,951 هزینه کار اداری شد,other
3006,1585 تومن خرید لوازم تحریر کردم,shopping
3007,2137 اجاره خونه پرداخت کردم,housing
3008,3743 تومن بیف برگر گرفتم,food
3009,28 تومن دکتر رفتم,health
3010,3241 تومن سوپرمارکت خریدم,shopping
3011,682 تومن دکتر رفتم,health
3012,4032 هزینه کار اداری شد,other
3013,704 برای سوپرمارکت دادم,shopping
3014,4650 اجاره خونه پرداخت کردم,housing
3015,2515 تومن سینما رفتم,entertainment
3016,1685 برای کیف دادم,shopping
3017,1244 کرایه تاکسی شد,transport
3018,2881 تومن اتوبوس گرفتم,transport
3019,2631 برای لباس دادم,shopping
3020,2392 تومن لباس خریدم,shopping
3021,3217 تومن لوازم تحریر خریدم,shopping
3022,2198 تومن خرج کار اداری کردم,other
3023,3345 اجاره خونه پرداخت کردم,housing
3024,4316 برای هزینه متفرقه پرداخت شد,other
3025,4382 تومن سینما رفتم,entertainment
3026,3442 خرج بازی شد,entertainment
3027,خرید 2024 دندانپزشک تومن,health
3028,4616 تومن ناهار خوردم,food
3029,162 تومن هزینه دارو شد,health
3030,خرید 1561 آزمایش تومن,health
3031,4022 برای هزینه متفرقه پرداخت شد,other
3032,خرید 2913 آزمایش تومن,health
3033,4578 تومن هزینه آزمایش شد,health
3034,3129 کرایه اتوبوس شد,transport
3035,3698 تومن قبض آب دادم,housing
3036,2047 تومن شام خوردم,food
3037,2540 برای اتوبوس پرداخت کردم,transport
3038,4877 هزینه هزینه متفرقه شد,other
3039,326 برای رفت و برگشت پرداخت کردم,transport
3040,1861 تومن اسنپ گرفتم,transport
3041,1410 کرایه تاکسی شد,transport
3042,3302 تومن خرید لوازم تحریر کردم,shopping
3043,برای 4921 کباب تومن دادم,food
3044,706 تومن لباس خریدم,shopping
3045,1269 خرج کافی شاپ شد,entertainment
3046,برای 4656 بیف برگر تومن دادم,food
3047,4821 اجاره خونه پرداخت کردم,housing
3048,654 تومن کافی شاپ رفتم,entertainment
3049,927 برای میوه دادم,shopping
3050,1376 تومن خرج هزینه شخصی کردم,other
3051,3981 هزینه هزینه شخصی شد,other
3052,1786 تومن ناهار خوردم,food
3053,1846 هزینه هزینه شخصی شد,other
3054,1569 کرایه اتوبوس شد,transport
3055,3933 تومن مترو گرفتم,transport
3056,2288 برای اتوبوس پرداخت کردم,transport
3057,سهم 3311 اجاره شد,housing
3058,1349 برای لوازم تحریر دادم,shopping
3059,1787 برای کار اداری پرداخت شد,other
3060,1350 برای کیف دادم,shopping
3061,1060 تومن کباب خوردم,food
3062,1848 برای کیف دادم,shopping
3063,1638 هزینه کار اداری شد,other
3064,4565 تومن خرج کار اداری کردم,other
3065,4926 تومن قبض اجاره دادم,housing
3066,4584 تومن دکتر رفتم,health
3067,900 برای هزینه متفرقه پرداخت شد,other
3068,157 تومن بیف برگر خوردم,food
3069,3824 تومن خرید سوپرمارکت کردم,shopping
3070,برای 3246 سینما دادم,entertainment
3071,2734 کرایه مترو شد,transport
3072,4808 برای اتوبوس پرداخت کردم,transport
3073,خرید 1599 آزمایش تومن,health
3074,3156 برای مترو پرداخت کردم,transport
3075,3385 تومن قبض گاز دادم,housing
3076,2542 اجاره خونه پرداخت کردم,housing
3077,501 خرج بازی شد,entertainment
3078,3346 هزینه هزینه متفرقه شد,other
3079,566 تومن پیتزا خوردم,food
3080,1404 تومن اسنپ گرفتم,transport
3081,3818 تومن اتوبوس گرفتم,transport
3082,1734 تومن هزینه دندانپزشک شد,health
3083,سهم 3889 آب شد,housing
3084,خرید 3643 دارو تومن,health
3085,3789 تومن خرج هزینه شخصی کردم,other
3086,1318 تومن ساندویچ گرفتم,food
3087,1596 تومن قبض آب دادم,housing
3088,147 اجاره خونه پرداخت کردم,housing
3089,4619 هزینه کار اداری شد,other
3090,4729 کرایه تاکسی شد,transport
3091,3618 تومن تاکسی گرفتم,transport
3092,برای 1092 کنسرت دادم,entertainment
3093,1695 هزینه هزینه متفرقه شد,other
3094,3895 تومن اتوبوس گرفتم,transport
3095,2810 تومن خرج هزینه متفرقه کردم,other
3096,3446 تومن شام خوردم,food
3097,2422 کرایه تاکسی شد,transport
3098,4171 کرایه تاکسی شد,transport
3099,1332 برای تاکسی پرداخت کردم,transport
3100,3203 تومن پیتزا گرفتم,food
3101,4757 تومن قبض آب دادم,housing
3102,4591 هزینه کار اداری شد,other
3103,سهم 2984 آب شد,housing
3104,2233 تومن سوپرمارکت خریدم,shopping
3105,2559 تومن پیتزا خوردم,food
3106,2987 تومن دکتر رفتم,health
3107,864 برای کار اداری پرداخت شد,other
3108,894 تومن مترو گرفتم,transport
3109,56 تومن خرید کیف کردم,shopping
3110,824 تومن دکتر رفتم,health
3111,سهم 292 برق شد,housing
3112,3699 تومن ساندویچ گرفتم,food
3113,687 تومن قبض اجاره دادم,housing
3114,برای 4776 کافی شاپ دادم,entertainment
3115,خرید 1328 دندانپزشک تومن,health
3116,3372 خرج بازی شد,entertainment
3117,3440 تومن لباس خریدم,shopping
3118,3256 خرج بازی شد,entertainment
3119,2570 تومن هزینه دندانپزشک شد,health
3120,3434 خرج کافی شاپ شد,entertainment
3121,1629 تومن شهربازی رفتم,entertainment
3122,1042 تومن لباس خریدم,shopping
3123,52 تومن لوازم تحریر خریدم,shopping
3124,1211 خرج بازی شد,entertainment
3125,1269 تومن خرید میوه کردم,shopping
3126,برای 156 پیتزا تومن دادم,food
3127,1097 تومن کنسرت رفتم,entertainment
3128,3548 برای اسنپ پرداخت کردم,transport
3129,خرید 2414 ویزیت تومن,health
3130,برای 1463 بیف برگر تومن دادم,food
3131,1400 تومن اسنپ گرفتم,transport
3132,برای 2714 پیتزا تومن دادم,food
3133,1338 تومن رفت و برگشت گرفتم,transport
3134,برای 160 بیف برگر تومن دادم,food
3135,2427 تومن شهربازی رفتم,entertainment
3136,1451 خرج کنسرت شد,entertainment
3137,4630 تومن هزینه آزمایش شد,health
3138,2915 تومن خرید میوه کردم,shopping
3139,برای 1615 کافی شاپ دادم,entertainment
3140,4176 تومن هزینه آزمایش شد,health
3141,1586 تومن هزینه آزمایش شد,health
3142,2772 تومن دکتر رفتم,health
3143,990 برای کیف دادم,shopping
3144,4730 تومن خرج هزینه متفرقه کردم,other
3145,734 تومن لوازم تحریر خریدم,shopping
3146,447 خرج سینما شد,entertainment
3147,714 تومن دکتر رفتم,health
3148,430 خرج کافی شاپ شد,entertainment
3149,3957 برای رفت و برگشت پرداخت کردم,transport
3150,سهم 4134 آب شد,housing
3151,131 خرج شهربازی شد,entertainment
3152,برای 3821 کباب تومن دادم,food
3153,3309 تومن کیف خریدم,shopping
3154,2134 تومن لباس خریدم,shopping
3155,1341 تومن شهربازی رفتم,entertainment
3156,1260 تومن تاکسی گرفتم,transport
3157,1262 تومن رفت و برگشت گرفتم,transport
3158,2745 خرج بازی شد,entertainment
3159,3035 هزینه کار اداری شد,other
3160,3651 برای اسنپ پرداخت کردم,transport
3161,2035 تومن هزینه دارو شد,health
3162,سهم 1123 گاز شد,housing
3163,3363 هزینه هزینه متفرقه شد,other
3164,715 تومن بیف برگر خوردم,food
3165,215 تومن هزینه دندانپزشک شد,health
3166,2370 تومن خرید کیف کردم,shopping
3167,4281 خرج شهربازی شد,entertainment
3168,1041 خرج بازی شد,entertainment
3169,خرید 3916 دندانپزشک تومن,health
3170,2414 تومن خرید لباس کردم,shopping
3171,خرید 746 دارو تومن,health
3172,خرید 3868 آزمایش تومن,health
3173,2368 برای لوازم تحریر دادم,shopping
3174,982 اجاره خونه پرداخت کردم,housing
3175,2509 تومن پیتزا گرفتم,food
3176,1971 تومن لباس خریدم,shopping
3177,3230 هزینه کار اداری شد,other
3178,خرید 4080 ویزیت تومن,health
3179,2395 برای اتوبوس پرداخت کردم,transport
3180,3276 خرج بازی شد,entertainment
3181,32 تومن کنسرت رفتم,entertainment
3182,3593 خرج کافی شاپ شد,entertainment
3183,1796 برای کار اداری پرداخت شد,other
3184,3530 خرج سینما شد,entertainment
3185,4525 تومن سوپرمارکت خریدم,shopping
3186,1240 تومن کنسرت رفتم,entertainment
3187,3730 تومن دکتر رفتم,health
3188,2932 هزینه هزینه شخصی شد,other
3189,450 برای سوپرمارکت دادم,shopping
3190,خرید 547 دندانپزشک تومن,health
3191,برای 4632 ساندویچ تومن دادم,food
3192,522 اجاره خونه پرداخت کردم,housing
3193,2555 تومن بازی رفتم,entertainment
3194,1510 تومن خرج هزینه شخصی کردم,other
3195,4275 برای رفت و برگشت پرداخت کردم,transport
3196,4838 تومن پیتزا گرفتم,food
3197,برای 1401 ناهار تومن دادم,food
3198,3919 خرج بازی شد,entertainment
3199,429 تومن سینما رفتم,entertainment
3200,155 تومن خرید میوه کردم,shopping
3201,3087 تومن تاکسی گرفتم,transport
3202,218 تومن خرج کار اداری کردم,other
3203,3141 هزینه هزینه متفرقه شد,other
3204,سهم 640 گاز شد,housing
3205,4559 خرج بازی شد,entertainment
3206,957 تومن پیتزا خوردم,food
3207,2172 تومن هزینه ویزیت شد,health
3208,سهم 3338 اجاره شد,housing
3209,37 تومن خرید کیف کردم,shopping
3210,1396 تومن صبحونه خوردم,food
3211,3951 تومن خرج هزینه متفرقه کردم,other
3212,3466 تومن ساندویچ گرفتم,food
3213,3497 هزینه هزینه متفرقه شد,other
3214,3541 تومن لوازم تحریر خریدم,shopping
3215,برای 1662 سینما دادم,entertainment
3216,796 تومن هزینه ویزیت شد,health
3217,1585 برای تاکسی پرداخت کردم,transport
3218,برای 164 بازی دادم,entertainment
3219,233 تومن خرید سوپرمارکت کردم,shopping
3220,2872 کرایه مترو شد,transport
3221,خرید 3502 دندانپزشک تومن,health
3222,567 تومن کیف خریدم,shopping
3223,برای 1758 کباب تومن دادم,food
3224,1002 اجاره خونه پرداخت کردم,housing
3225,2824 تومن دکتر رفتم,health
3226,3620 تومن میوه خریدم,shopping
3227,1374 تومن اتوبوس گرفتم,transport
3228,215 تومن میوه خریدم,shopping
3229,خرید 3469 ویزیت تومن,health
3230,1099 برای مترو پرداخت کردم,transport
3231,2944 تومن شام خوردم,food
3232,4449 هزینه هزینه متفرقه شد,other
3233,3745 تومن مترو گرفتم,transport
3234,برای 3589 کنسرت دادم,entertainment
3235,2095 کرایه مترو شد,transport
3236,52 برای اتوبوس پرداخت کردم,transport
3237,4325 تومن هزینه دندانپزشک شد,health
3238,3626 اجاره خونه پرداخت کردم,housing
3239,1337 برای هزینه متفرقه پرداخت شد,other
3240,4142 برای میوه دادم,shopping
3241,131 تومن خرج هزینه شخصی کردم,other
3242,872 تومن قبض برق دادم,housing
3243,2518 تومن کنسرت رفتم,entertainment
3244,1828 خرج بازی شد,entertainment
3245,3645 تومن دکتر رفتم,health
3246,3814 تومن مترو گرفتم,transport
3247,1439 تومن خرید میوه کردم,shopping
3248,4815 کرایه رفت و برگشت شد,transport
3249,875 تومن خرج هزینه شخصی کردم,other
3250,1631 تومن دکتر رفتم,health
3251,4405 تومن شهربازی رفتم,entertainment
3252,خرید 4896 دارو تومن,health
3253,2245 تومن خرج کار اداری کردم,other
3254,سهم 4380 اجاره شد,housing
3255,3882 اجاره خونه پرداخت کردم,housing
3256,231 کرایه تاکسی شد,transport
3257,3690 اجاره خونه پرداخت کردم,housing
3258,44 تومن شام خوردم,food
3259,2711 هزینه هزینه شخصی شد,other
3260,برای 442 شام تومن دادم,food
3261,4560 برای سوپرمارکت دادم,shopping
3262,1290 تومن دکتر رفتم,health
3263,1291 تومن خرج کار اداری کردم,other
3264,3012 هزینه هزینه شخصی شد,other
3265,3541 تومن قبض آب دادم,housing
3266,3026 تومن بازی رفتم,entertainment
3267,خرید 783 آزمایش تومن,health
3268,خرید 4552 ویزیت تومن,health
3269,2318 تومن رفت و برگشت گرفتم,transport
3270,4992 تومن کنسرت رفتم,entertainment
3271,خرید 3407 ویزیت تومن,health
3272,1228 خرج سینما شد,entertainment
3273,برای 4729 سینما دادم,entertainment
3274,خرید 288 دارو تومن,health
3275,2247 تومن هزینه ویزیت شد,health
3276,2342 تومن خرج هزینه شخصی کردم,other
3277,3456 تومن خرید لباس کردم,shopping
3278,336 برای هزینه متفرقه پرداخت شد,other
3279,سهم 3852 آب شد,housing
3280,خرید 2686 آزمایش تومن,health
3281,سهم 1819 اجاره شد,housing
3282,خرید 2459 دارو تومن,health
3283,4730 خرج سینما شد,entertainment
3284,458 تومن هزینه آزمایش شد,health
3285,4591 برای رفت و برگشت پرداخت کردم,transport
3286,4339 تومن رفت و برگشت گرفتم,transport
3287,3079 تومن دکتر رفتم,health
3288,881 تومن سینما رفتم,entertainment
3289,سهم 2984 شارژ ساختمان شد,housing
3290,4755 تومن بیف برگر گرفتم,food
3291,1325 تومن قبض گاز دادم,housing
3292,3350 تومن قبض اجاره دادم,housing
3293,4940 تومن ساندویچ گرفتم,food
3294,804 تومن خرید لوازم تحریر کردم,shopping
3295,سهم 2181 شارژ ساختمان شد,housing
3296,برای 2321 ناهار تومن دادم,food
3297,4539 برای هزینه شخصی پرداخت شد,other
3298,3490 تومن صبحونه خوردم,food
3299,برای 2509 شهربازی دادم,entertainment
3300,3296 تومن دکتر رفتم,health
3301,1380 کرایه اتوبوس شد,transport
3302,برای 3751 سینما دادم,entertainment
3303,برای 3238 صبحونه تومن دادم,food
3304,برای 3902 بیف برگر تومن دادم,food
3305,3628 تومن دکتر رفتم,health
3306,3066 تومن کافی شاپ رفتم,entertainment
3307,53 کرایه اسنپ شد,transport
3308,سهم 2456 برق شد,housing
3309,2604 تومن لباس خریدم,shopping
3310,112 برای کار اداری پرداخت شد,other
3311,584 تومن قبض اجاره دادم,housing
3312,برای 4265 کباب تومن دادم,food
3313,2926 اجاره خونه پرداخت کردم,housing
3314,488 برای رفت و برگشت پرداخت کردم,transport
3315,برای 3366 شام تومن دادم,food
3316,144 تومن شام خوردم,food
3317,برای 1915 کنسرت دادم,entertainment
3318,3241 کرایه رفت و برگشت شد,transport
3319,982 تومن شام گرفتم,food
3320,4567 برای هزینه شخصی پرداخت شد,other
3321,3825 خرج کافی شاپ شد,entertainment
3322,سهم 3436 اجاره شد,housing
3323,3526 تومن قبض برق دادم,housing
3324,1712 کرایه اتوبوس شد,transport
3325,1951 تومن هزینه آزمایش شد,health
3326,2772 تومن خرید سوپرمارکت کردم,shopping
3327,353 برای اسنپ پرداخت کردم,transport
3328,2923 تومن خرید لباس کردم,shopping
3329,4564 تومن ساندویچ خوردم,food
3330,برای 4682 شهربازی دادم,entertainment
3331,خرید 2842 دارو تومن,health
3332,برای 2716 صبحونه تومن دادم,food
3333,2316 هزینه هزینه شخصی شد,other
3334,خرید 2725 ویزیت تومن,health
3335,1161 تومن تاکسی گرفتم,transport
3336,4284 برای میوه دادم,shopping
3337,برای 1411 شام تومن دادم,food
3338,3364 کرایه رفت و برگشت شد,transport
3339,4891 کرایه اسنپ شد,transport
3340,1900 اجاره خونه پرداخت کردم,housing
3341,963 تومن خرید سوپرمارکت کردم,shopping
3342,386 هزینه کار اداری شد,other
3343,سهم 440 گاز شد,housing
3344,4613 اجاره خونه پرداخت کردم,housing
3345,1921 اجاره خونه پرداخت کردم,housing
3346,1218 تومن لباس خریدم,shopping
3347,1855 تومن دکتر رفتم,health
3348,سهم 1889 برق شد,housing
3349,531 تومن قبض گاز دادم,housing
3350,229 تومن کافی شاپ رفتم,entertainment
3351,1876 تومن سوپرمارکت خریدم,shopping
3352,2371 تومن کیف خریدم,shopping
3353,3782 تومن هزینه ویزیت شد,health
3354,4157 برای هزینه متفرقه پرداخت شد,other
3355,برای 4848 شهربازی دادم,entertainment
3356,سهم 101 اجاره شد,housing
3357,2074 برای کیف دادم,shopping
3358,3570 برای هزینه شخصی پرداخت شد,other
3359,1229 برای تاکسی پرداخت کردم,transport
3360,2072 برای سوپرمارکت دادم,shopping
3361,3298 برای مترو پرداخت کردم,transport
3362,3787 برای اسنپ پرداخت کردم,transport
3363,309 هزینه هزینه شخصی شد,other
3364,4680 تومن شهربازی رفتم,entertainment
3365,3973 تومن کافی شاپ رفتم,entertainment
3366,96 تومن ناهار خوردم,food
3367,2904 تومن رفت و برگشت گرفتم,transport
3368,4234 تومن تاکسی گرفتم,transport
3369,3691 تومن هزینه دارو شد,health
3370,4485 تومن مترو گرفتم,transport
3371,839 تومن ساندویچ گرفتم,food
3372,4244 اجاره خونه پرداخت کردم,housing
3373,خرید 1481 ویزیت تومن,health
3374,146 تومن مترو گرفتم,transport
3375,3477 کرایه اتوبوس شد,transport
3376,2359 برای هزینه متفرقه پرداخت شد,other
3377,3154 تومن دکتر رفتم,health
3378,490 تومن هزینه دندانپزشک شد,health
3379,247 کرایه رفت و برگشت شد,transport
3380,3523 تومن ساندویچ گرفتم,food
3381,خرید 4941 دندانپزشک تومن,health
3382,4903 تومن صبحونه گرفتم,food
3383,خرید 2068 ویزیت تومن,health
3384,4050 تومن دکتر رفتم,health
3385,خرید 2636 آزمایش تومن,health
3386,928 تومن اسنپ گرفتم,transport
3387,2199 تومن خرید میوه کردم,shopping
3388,3486 برای اسنپ پرداخت کردم,transport
3389,362 تومن سینما رفتم,entertainment
3390,3324 تومن سوپرمارکت خریدم,shopping
3391,4619 تومن بیف برگر خوردم,food
3392,2474 برای کار اداری پرداخت شد,other
3393,1177 تومن خرج هزینه شخصی کردم,other
3394,506 هزینه کار اداری شد,other
3395,3142 برای مترو پرداخت کردم,transport
3396,2265 تومن شام گرفتم,food
3397,1846 تومن سوپرمارکت خریدم,shopping
3398,2364 کرایه مترو شد,transport
3399,1826 برای هزینه شخصی پرداخت شد,other
3400,409 خرج کنسرت شد,entertainment
3401,3521 برای مترو پرداخت کردم,transport
3402,772 کرایه تاکسی شد,transport
3403,4361 تومن قبض شارژ ساختمان دادم,housing
3404,4079 برای لوازم تحریر دادم,shopping
3405,3490 تومن خرج کار اداری کردم,other
3406,4449 کرایه اتوبوس شد,transport
3407,2544 تومن خرج هزینه شخصی کردم,other
3408,خرید 1003 دارو تومن,health
3409,4858 تومن شهربازی رفتم,entertainment
3410,برای 1291 ساندویچ تومن دادم,food
3411,2013 تومن قبض برق دادم,housing
3412,برای 2379 ناهار تومن دادم,food
3413,888 هزینه هزینه شخصی شد,other
3414,65 تومن کنسرت رفتم,entertainment
3415,3314 برای رفت و برگشت پرداخت کردم,transport
3416,برای 1670 کنسرت دادم,entertainment
3417,2296 اجاره خونه پرداخت کردم,housing
3418,برای 1745 بازی دادم,entertainment
3419,182 تومن بیف برگر گرفتم,food
3420,2469 تومن خرید سوپرمارکت کردم,shopping
3421,1337 تومن شام خوردم,food
3422,2801 برای میوه دادم,shopping
3423,2766 تومن بیف برگر گرفتم,food
3424,1592 برای تاکسی پرداخت کردم,transport
3425,2568 تومن هزینه دندانپزشک شد,health
3426,2549 تومن خرج هزینه متفرقه کردم,other
3427,222 برای لباس دادم,shopping
3428,1979 کرایه اتوبوس شد,transport
3429,427 تومن خرید کیف کردم,shopping
3430,4066 برای هزینه متفرقه پرداخت شد,other
3431,2024 تومن دکتر رفتم,health
3432,4035 اجاره خونه پرداخت کردم,housing
3433,4981 برای تاکسی پرداخت کردم,transport
3434,برای 3003 ساندویچ تومن دادم,food
3435,1669 کرایه اتوبوس شد,transport
3436,خرید 1633 دندانپزشک تومن,health
3437,2334 تومن لباس خریدم,shopping
3438,3748 تومن هزینه آزمایش شد,health
3439,4034 تومن هزینه ویزیت شد,health
3440,1338 تومن دکتر رفتم,health
3441,1573 کرایه تاکسی شد,transport
3442,3634 تومن لباس خریدم,shopping
3443,خرید 4799 دندانپزشک تومن,health
3444,2712 تومن خرید میوه کردم,shopping
3445,3485 تومن قبض گاز دادم,housing
3446,4928 اجاره خونه پرداخت کردم,housing
3447,2048 برای اتوبوس پرداخت کردم,transport
3448,1033 تومن سوپرمارکت خریدم,shopping
3449,4328 تومن خرج هزینه شخصی کردم,other
3450,650 هزینه کار اداری شد,other
3451,3042 اجاره خونه پرداخت کردم,housing
3452,سهم 2681 اجاره شد,housing
3453,برای 2718 بیف برگر تومن دادم,food
3454,1303 تومن سوپرمارکت خریدم,shopping
3455,754 تومن خرید لوازم تحریر کردم,shopping
3456,1777 تومن خرید میوه کردم,shopping
3457,1361 تومن قبض شارژ ساختمان دادم,housing
3458,برای 4159 ناهار تومن دادم,food
3459,4689 تومن دکتر رفتم,health
3460,3811 تومن اسنپ گرفتم,transport
3461,3566 خرج بازی شد,entertainment
3462,136 تومن کنسرت رفتم,entertainment
3463,3775 برای اتوبوس پرداخت کردم,transport
3464,برای 131 شهربازی دادم,entertainment
3465,2059 تومن قبض گاز دادم,housing
3466,265 تومن خرید سوپرمارکت کردم,shopping
3467,267 تومن قبض اجاره دادم,housing
3468,4040 تومن ساندویچ گرفتم,food
3469,32 تومن میوه خریدم,shopping
3470,برای 3308 کنسرت دادم,entertainment
3471,813 تومن بیف برگر گرفتم,food
3472,برای 465 شهربازی دادم,entertainment
3473,خرید 453 دندانپزشک تومن,health
3474,خرید 2912 آزمایش تومن,health
3475,2912 خرج کافی شاپ شد,entertainment
3476,2889 برای کار اداری پرداخت شد,other
3477,2469 هزینه هزینه متفرقه شد,other
3478,4736 تومن قبض آب دادم,housing
3479,564 تومن کیف خریدم,shopping
3480,2333 برای سوپرمارکت دادم,shopping
3481,2661 کرایه رفت و برگشت شد,transport
3482,4310 تومن هزینه ویزیت شد,health
3483,4414 تومن قبض شارژ ساختمان دادم,housing
3484,برای 3502 ناهار تومن دادم,food
3485,4373 تومن قبض شارژ ساختمان دادم,housing
3486,4173 تومن هزینه دندانپزشک شد,health
3487,سهم 1947 شارژ ساختمان شد,housing
3488,1729 برای لباس دادم,shopping
3489,1767 برای اسنپ پرداخت کردم,transport
3490,1810 تومن سوپرمارکت خریدم,shopping
3491,1639 هزینه کار اداری شد,other
3492,422 کرایه رفت و برگشت شد,transport
3493,4446 تومن مترو گرفتم,transport
3494,برای 3953 کنسرت دادم,entertainment
3495,3066 تومن سینما رفتم,entertainment
3496,1854 تومن خرید سوپرمارکت کردم,shopping
3497,548 تومن بازی رفتم,entertainment
3498,1988 برای کار اداری پرداخت شد,other
3499,4912 تومن بیف برگر گرفتم,food
3500,1329 تومن دکتر رفتم,health
3501,809 تومن شام خوردم,food
3502,1943 تومن دکتر رفتم,health
3503,651 تومن هزینه آزمایش شد,health
3504,2415 کرایه اتوبوس شد,transport
3505,554 تومن میوه خریدم,shopping
3506,خرید 4746 دارو تومن,health
3507,2042 تومن خرید سوپرمارکت کردم,shopping
3508,3726 هزینه هزینه شخصی شد,other
3509,سهم 816 اجاره شد,housing
3510,3379 اجاره خونه پرداخت کردم,housing
3511,برای 4128 شام تومن دادم,food
3512,353 تومن خرج هزینه شخصی کردم,other
3513,1027 تومن قبض گاز دادم,housing
3514,830 خرج شهربازی شد,entertainment
3515,2025 هزینه هزینه متفرقه شد,other
3516,4100 برای سوپرمارکت دادم,shopping
3517,1845 تومن هزینه ویزیت شد,health
3518,4969 کرایه رفت و برگشت شد,transport
3519,2308 برای لوازم تحریر دادم,shopping
3520,684 تومن قبض آب دادم,housing
3521,1898 تومن دکتر رفتم,health
3522,4432 تومن خرج کار اداری کردم,other
3523,3867 برای سوپرمارکت دادم,shopping
3524,4178 برای میوه دادم,shopping
3525,3889 تومن کیف خریدم,shopping
3526,1456 تومن خرج کار اداری کردم,other
3527,4683 تومن هزینه دندانپزشک شد,health
3528,برای 4558 سینما دادم,entertainment
3529,3782 برای تاکسی پرداخت کردم,transport
3530,318 تومن ساندویچ خوردم,food
3531,1381 هزینه کار اداری شد,other
3532,3447 تومن بیف برگر گرفتم,food
3533,2565 تومن میوه خریدم,shopping
3534,3549 تومن قبض شارژ ساختمان دادم,housing
3535,3404 برای سوپرمارکت دادم,shopping
3536,3831 تومن هزینه ویزیت شد,health
3537,1924 خرج کنسرت شد,entertainment
3538,4165 کرایه اسنپ شد,transport
3539,3067 خرج شهربازی شد,entertainment
3540,4110 تومن پیتزا خوردم,food
3541,4397 تومن لوازم تحریر خریدم,shopping
3542,سهم 341 آب شد,housing
3543,349 هزینه هزینه متفرقه شد,other
3544,1183 تومن هزینه آزمایش شد,health
3545,903 تومن قبض گاز دادم,housing
3546,1103 تومن دکتر رفتم,health
3547,1614 هزینه هزینه متفرقه شد,other
3548,2465 تومن رفت و برگشت گرفتم,transport
3549,4368 برای لباس دادم,shopping
3550,434 تومن خرج کار اداری کردم,other
3551,3506 تومن دکتر رفتم,health
3552,57 تومن خرید میوه کردم,shopping
3553,2604 تومن خرج هزینه شخصی کردم,other
3554,برای 1015 کباب تومن دادم,food
3555,1858 تومن کباب گرفتم,food
3556,199 تومن خرید لباس کردم,shopping
3557,1692 تومن مترو گرفتم,transport
3558,سهم 1219 آب شد,housing
3559,2926 برای لوازم تحریر دادم,shopping
3560,4271 تومن رفت و برگشت گرفتم,transport
3561,1674 تومن هزینه دندانپزشک شد,health
3562,خرید 4642 دندانپزشک تومن,health
3563,4527 کرایه اتوبوس شد,transport
3564,4437 تومن خرید کیف کردم,shopping
3565,2318 تومن سوپرمارکت خریدم,shopping
3566,سهم 1209 برق شد,housing
3567,50 هزینه هزینه متفرقه شد,other
3568,2346 تومن هزینه ویزیت شد,health
3569,2573 برای هزینه شخصی پرداخت شد,other
3570,842 تومن پیتزا خوردم,food
3571,3571 تومن خرید لباس کردم,shopping
3572,4141 برای لباس دادم,shopping
3573,3198 تومن قبض شارژ ساختمان دادم,housing
3574,698 کرایه اتوبوس شد,transport
3575,1814 برای تاکسی پرداخت کردم,transport
3576,2353 تومن خرید سوپرمارکت کردم,shopping
3577,980 برای رفت و برگشت پرداخت کردم,transport
3578,سهم 3429 گاز شد,housing
3579,1045 برای کیف دادم,shopping
3580,4968 تومن خرج هزینه شخصی کردم,other
3581,2196 هزینه هزینه شخصی شد,other
3582,2467 کرایه اتوبوس شد,transport
3583,537 کرایه رفت و برگشت شد,transport
3584,سهم 1439 آب شد,housing
3585,برای 3333 کنسرت دادم,entertainment
3586,سهم 3317 اجاره شد,housing
3587,خرید 4412 ویزیت تومن,health
3588,4237 تومن دکتر رفتم,health
3589,3272 کرایه اتوبوس شد,transport
3590,4185 برای هزینه متفرقه پرداخت شد,other
3591,برای 2768 بازی دادم,entertainment
3592,3775 تومن هزینه آزمایش شد,health
3593,خرید 1296 دارو تومن,health
3594,3802 برای سوپرمارکت دادم,shopping
3595,4733 تومن اتوبوس گرفتم,transport
3596,3566 تومن خرید لباس کردم,shopping
3597,3426 اجاره خونه پرداخت کردم,housing
3598,3319 هزینه هزینه شخصی شد,other
3599,2471 اجاره خونه پرداخت کردم,housing
3600,416 هزینه کار اداری شد,other
3601,3136 اجاره خونه پرداخت کردم,housing
3602,4038 برای اسنپ پرداخت کردم,transport
3603,2235 تومن کباب گرفتم,food
3604,1608 هزینه کار اداری شد,other
3605,706 تومن مترو گرفتم,transport
3606,2621 تومن شهربازی رفتم,entertainment
3607,2844 تومن خرج هزینه شخصی کردم,other
3608,2834 کرایه مترو شد,transport
3609,1448 تومن صبحونه گرفتم,food
3610,1800 تومن خرج کار اداری کردم,other
3611,2981 تومن قبض اجاره دادم,housing
3612,1803 تومن بیف برگر خوردم,food
3613,1070 تومن بازی رفتم,entertainment
3614,2347 تومن کافی شاپ رفتم,entertainment
3615,2816 تومن خرج هزینه متفرقه کردم,other
3616,2977 تومن قبض آب دادم,housing
3617,سهم 203 گاز شد,housing
3618,2595 خرج سینما شد,entertainment
3619,751 تومن لباس خریدم,shopping
3620,4994 تومن بیف برگر خوردم,food
3621,برای 1040 کباب تومن دادم,food
3622,882 برای کار اداری پرداخت شد,other
3623,3938 هزینه هزینه متفرقه شد,other
3624,4175 تومن کیف خریدم,shopping
3625,خرید 370 آزمایش تومن,health
3626,3726 برای اسنپ پرداخت کردم,transport
3627,125 برای تاکسی پرداخت کردم,transport
3628,1324 اجاره خونه پرداخت کردم,housing
3629,4817 اجاره خونه پرداخت کردم,housing
3630,2878 تومن کیف خریدم,shopping
3631,سهم 2275 گاز شد,housing
3632,551 کرایه مترو شد,transport
3633,493 تومن خرج هزینه متفرقه کردم,other
3634,3720 برای هزینه متفرقه پرداخت شد,other
3635,167 تومن هزینه ویزیت شد,health
3636,375 تومن قبض آب دادم,housing
3637,1711 تومن صبحونه خوردم,food
3638,3620 تومن مترو گرفتم,transport
3639,خرید 4598 آزمایش تومن,health
3640,1169 تومن دکتر رفتم,health
3641,517 برای سوپرمارکت دادم,shopping
3642,1215 تومن اتوبوس گرفتم,transport
3643,2061 برای لباس دادم,shopping
3644,خرید 4800 آزمایش تومن,health
3645,449 برای هزینه شخصی پرداخت شد,other
3646,4913 تومن پیتزا خوردم,food
3647,4893 کرایه اسنپ شد,transport
3648,1595 هزینه هزینه شخصی شد,other
3649,811 برای هزینه شخصی پرداخت شد,other
3650,3788 تومن دکتر رفتم,health
3651,3601 اجاره خونه پرداخت کردم,housing
3652,3877 تومن سینما رفتم,entertainment
3653,2631 برای لباس دادم,shopping
3654,356 تومن هزینه آزمایش شد,health
3655,2160 تومن لباس خریدم,shopping
3656,2049 اجاره خونه پرداخت کردم,housing
3657,1344 برای مترو پرداخت کردم,transport
3658,4532 تومن خرید میوه کردم,shopping
3659,سهم 1349 برق شد,housing
3660,2369 خرج بازی شد,entertainment
3661,2566 برای رفت و برگشت پرداخت کردم,transport
3662,499 برای کیف دادم,shopping
3663,1532 اجاره خونه پرداخت کردم,housing
3664,4886 برای سوپرمارکت دادم,shopping
3665,1674 خرج کافی شاپ شد,entertainment
3666,4918 تومن خرید لوازم تحریر کردم,shopping
3667,3388 تومن خرید لوازم تحریر کردم,shopping
3668,2909 تومن خرج هزینه متفرقه کردم,other
3669,1558 برای اسنپ پرداخت کردم,transport
3670,3222 تومن اسنپ گرفتم,transport
3671,2479 برای هزینه متفرقه پرداخت شد,other
3672,4021 کرایه تاکسی شد,transport
3673,4775 تومن پیتزا گرفتم,food
3674,2683 خرج کنسرت شد,entertainment
3675,1325 تومن کافی شاپ رفتم,entertainment
3676,خرید 75 ویزیت تومن,health
3677,4386 هزینه هزینه متفرقه شد,other
3678,1512 تومن دکتر رفتم,health
3679,1002 تومن هزینه دندانپزشک شد,health
3680,127 تومن هزینه دندانپزشک شد,health
3681,4013 برای تاکسی پرداخت کردم,transport
3682,4505 تومن بازی رفتم,entertainment
3683,3895 برای اسنپ پرداخت کردم,transport
3684,سهم 4138 اجاره شد,housing
3685,4514 تومن خرج هزینه متفرقه کردم,other
3686,4586 برای مترو پرداخت کردم,transport
3687,خرید 2354 دارو تومن,health
3688,2062 کرایه تاکسی شد,transport
3689,برای 3210 شهربازی دادم,entertainment
3690,خرید 2358 دارو تومن,health
3691,4153 تومن رفت و برگشت گرفتم,transport
3692,1736 تومن کنسرت رفتم,entertainment
3693,3749 تومن خرج کار اداری کردم,other
3694,3606 تومن قبض آب دادم,housing
3695,4269 تومن قبض برق دادم,housing
3696,سهم 2601 آب شد,housing
3697,1247 برای کار اداری پرداخت شد,other
3698,2701 تومن بازی رفتم,entertainment
3699,3037 تومن کباب خوردم,food
3700,913 کرایه اسنپ شد,transport
3701,برای 4043 بیف برگر تومن دادم,food
3702,سهم 2248 آب شد,housing
3703,3001 تومن میوه خریدم,shopping
3704,3855 هزینه هزینه شخصی شد,other
3705,3386 کرایه اسنپ شد,transport
3706,خرید 4023 آزمایش تومن,health
3707,سهم 1647 شارژ ساختمان شد,housing
3708,3350 اجاره خونه پرداخت کردم,housing
3709,2005 کرایه اتوبوس شد,transport
3710,1722 تومن رفت و برگشت گرفتم,transport
3711,1090 تومن شهربازی رفتم,entertainment
3712,1076 تومن خرج هزینه متفرقه کردم,other
3713,1859 تومن خرج هزینه متفرقه کردم,other
3714,3990 برای میوه دادم,shopping
3715,2651 هزینه هزینه شخصی شد,other
3716,3494 تومن هزینه دارو شد,health
3717,781 تومن صبحونه گرفتم,food
3718,101 تومن کافی شاپ رفتم,entertainment
3719,40 تومن کباب خوردم,food
3720,1679 هزینه کار اداری شد,other
3721,3891 تومن شهربازی رفتم,entertainment
3722,1579 خرج کافی شاپ شد,entertainment
3723,1109 اجاره خونه پرداخت کردم,housing
3724,4892 برای اسنپ پرداخت کردم,transport
3725,1055 اجاره خونه پرداخت کردم,housing
3726,1806 تومن سوپرمارکت خریدم,shopping
3727,696 برای کار اداری پرداخت شد,other
3728,3184 تومن خرید کیف کردم,shopping
3729,برای 1103 کباب تومن دادم,food
3730,1214 برای کار اداری پرداخت شد,other
3731,2242 تومن هزینه ویزیت شد,health
3732,1156 برای لباس دادم,shopping
3733,3830 تومن خرید لباس کردم,shopping
3734,3704 تومن صبحونه گرفتم,food
3735,3739 تومن پیتزا خوردم,food
3736,1178 تومن شام گرفتم,food
3737,2980 تومن قبض اجاره دادم,housing
3738,1482 تومن بیف برگر خوردم,food
3739,سهم 3476 شارژ ساختمان شد,housing
3740,3225 تومن خرج کار اداری کردم,other
3741,2234 اجاره خونه پرداخت کردم,housing
3742,برای 4033 پیتزا تومن دادم,food
3743,2981 تومن خرید کیف کردم,shopping
3744,2557 برای اسنپ پرداخت کردم,transport
3745,3919 تومن خرج کار اداری کردم,other
3746,4690 هزینه هزینه متفرقه شد,other
3747,4450 برای لباس دادم,shopping
3748,خرید 4021 دارو تومن,health
3749,4907 تومن سوپرمارکت خریدم,shopping
3750,3019 تومن دکتر رفتم,health
3751,1382 تومن خرید لباس کردم,shopping
3752,2371 هزینه هزینه شخصی شد,other
3753,3960 برای تاکسی پرداخت کردم,transport
3754,1855 تومن کیف خریدم,shopping
3755,774 تومن هزینه آزمایش شد,health
3756,192 اجاره خونه پرداخت کردم,housing
3757,1159 برای مترو پرداخت کردم,transport
3758,خرید 1180 آزمایش تومن,health
3759,4674 کرایه اسنپ شد,transport
3760,4669 تومن هزینه دارو شد,health
3761,2781 خرج سینما شد,entertainment
3762,274 تومن کیف خریدم,shopping
3763,3814 تومن هزینه آزمایش شد,health
3764,2636 تومن پیتزا خوردم,food
3765,3832 برای لوازم تحریر دادم,shopping
3766,3902 هزینه کار اداری شد,other
3767,4265 کرایه اتوبوس شد,transport
3768,2636 تومن سینما رفتم,entertainment
3769,3378 برای هزینه شخصی پرداخت شد,other
3770,4131 تومن ساندویچ گرفتم,food
3771,برای 1163 ساندویچ تومن دادم,food
3772,600 تومن سینما رفتم,entertainment
3773,278 برای کار اداری پرداخت شد,other
3774,1524 تومن هزینه آزمایش شد,health
3775,4370 برای لباس دادم,shopping
3776,350 تومن سینما رفتم,entertainment
3777,4548 کرایه اتوبوس شد,transport
3778,4323 برای کیف دادم,shopping
3779,4960 هزینه هزینه متفرقه شد,other
3780,3092 تومن خرج هزینه متفرقه کردم,other
3781,4817 برای هزینه شخصی پرداخت شد,other
3782,786 برای میوه دادم,shopping
3783,3839 تومن صبحونه خوردم,food
3784,411 تومن قبض آب دادم,housing
3785,برای 1989 بازی دادم,entertainment
3786,3731 تومن اسنپ گرفتم,transport
3787,2234 هزینه هزینه متفرقه شد,other
3788,2933 تومن قبض گاز دادم,housing
3789,4537 برای مترو پرداخت کردم,transport
3790,1851 خرج شهربازی شد,entertainment
3791,3559 تومن خرج هزینه شخصی کردم,other
3792,1610 تومن خرید میوه کردم,shopping
3793,2521 تومن دکتر رفتم,health
3794,3252 تومن هزینه دندانپزشک شد,health
3795,1656 تومن ساندویچ گرفتم,food
3796,1655 تومن خرید لباس کردم,shopping
3797,3895 برای رفت و برگشت پرداخت کردم,transport
3798,888 تومن کنسرت رفتم,entertainment
3799,3442 تومن قبض شارژ ساختمان دادم,housing
3800,142 تومن پیتزا گرفتم,food
3801,3792 هزینه هزینه متفرقه شد,other
3802,سهم 4872 گاز شد,housing
3803,330 برای میوه دادم,shopping
3804,517 اجاره خونه پرداخت کردم,housing
3805,4194 برای هزینه متفرقه پرداخت شد,other
3806,2740 تومن خرید لوازم تحریر کردم,shopping
3807,برای 4105 ساندویچ تومن دادم,food
3808,برای 3289 پیتزا تومن دادم,food
3809,4444 برای کار اداری پرداخت شد,other
3810,61 اجاره خونه پرداخت کردم,housing
3811,4839 تومن سوپرمارکت خریدم,shopping
3812,479 خرج بازی شد,entertainment
3813,3048 تومن هزینه ویزیت شد,health
3814,2602 برای اسنپ پرداخت کردم,transport
3815,3733 تومن شهربازی رفتم,entertainment
3816,3560 کرایه اسنپ شد,transport
3817,4821 تومن کباب خوردم,food
3818,3760 تومن قبض گاز دادم,housing
3819,1016 تومن قبض اجاره دادم,housing
3820,2275 اجاره خونه پرداخت کردم,housing
3821,3427 کرایه مترو شد,transport
3822,4814 برای رفت و برگشت پرداخت کردم,transport
3823,3848 برای هزینه متفرقه پرداخت شد,other
3824,3425 هزینه هزینه شخصی شد,other
3825,سهم 3813 شارژ ساختمان شد,housing
3826,4443 برای هزینه متفرقه پرداخت شد,other
3827,1299 تومن کنسرت رفتم,entertainment
3828,4719 تومن ساندویچ گرفتم,food
3829,سهم 4046 گاز شد,housing
3830,2339 خرج کافی شاپ شد,entertainment
3831,1126 تومن قبض برق دادم,housing
3832,4516 تومن مترو گرفتم,transport
3833,2212 تومن دکتر رفتم,health
3834,1760 تومن قبض گاز دادم,housing
3835,3823 تومن تاکسی گرفتم,transport
3836,2159 تومن قبض آب دادم,housing
3837,4579 اجاره خونه پرداخت کردم,housing
3838,3936 کرایه تاکسی شد,transport
3839,117 برای رفت و برگشت پرداخت کردم,transport
3840,برای 2976 کباب تومن دادم,food
3841,3700 تومن کنسرت رفتم,entertainment
3842,1090 تومن لباس خریدم,shopping
3843,627 هزینه هزینه شخصی شد,other
3844,4387 کرایه تاکسی شد,transport
3845,سهم 2702 آب شد,housing
3846,4629 تومن رفت و برگشت گرفتم,transport
3847,165 کرایه مترو شد,transport
3848,برای 4059 صبحونه تومن دادم,food
3849,برای 4917 ناهار تومن دادم,food
3850,خرید 850 آزمایش تومن,health
3851,589 خرج بازی شد,entertainment
3852,160 برای اتوبوس پرداخت کردم,transport
3853,3798 تومن لباس خریدم,shopping
3854,3934 اجاره خونه پرداخت کردم,housing
3855,3070 هزینه کار اداری شد,other
3856,3857 تومن صبحونه گرفتم,food
3857,1847 تومن بیف برگر خوردم,food
3858,1776 تومن هزینه ویزیت شد,health
3859,2917 برای هزینه متفرقه پرداخت شد,other
3860,خرید 752 آزمایش تومن,health
3861,2376 تومن تاکسی گرفتم,transport
3862,4248 برای لوازم تحریر دادم,shopping
3863,3985 برای میوه دادم,shopping
3864,813 تومن سوپرمارکت خریدم,shopping
3865,4919 تومن قبض اجاره دادم,housing
3866,3518 تومن قبض آب دادم,housing
3867,3410 تومن هزینه آزمایش شد,health
3868,4456 تومن هزینه آزمایش شد,health
3869,برای 1877 سینما دادم,entertainment
3870,2975 تومن خرج کار اداری کردم,other
3871,772 تومن کنسرت رفتم,entertainment
3872,1730 تومن خرج هزینه متفرقه کردم,other
3873,2806 برای میوه دادم,shopping
3874,1329 برای مترو پرداخت کردم,transport
3875,3050 تومن خرید لباس کردم,shopping
3876,1899 خرج کافی شاپ شد,entertainment
3877,2457 تومن بیف برگر خوردم,food
3878,2571 برای تاکسی پرداخت کردم,transport
3879,2823 تومن کنسرت رفتم,entertainment
3880,1109 تومن پیتزا گرفتم,food
3881,2166 برای لوازم تحریر دادم,shopping
3882,868 برای سوپرمارکت دادم,shopping
3883,2730 هزینه کار اداری شد,other
3884,614 کرایه مترو شد,transport
3885,2736 تومن خرج کار اداری کردم,other
3886,1460 تومن کنسرت رفتم,entertainment
3887,3033 برای هزینه متفرقه پرداخت شد,other
3888,2210 تومن تاکسی گرفتم,transport
3889,4159 برای هزینه متفرقه پرداخت شد,other
3890,4705 اجاره خونه پرداخت کردم,housing
3891,1371 برای لباس دادم,shopping
3892,488 برای لوازم تحریر دادم,shopping
3893,499 تومن ساندویچ گرفتم,food
3894,43 تومن دکتر رفتم,health
3895,برای 2162 سینما دادم,entertainment
3896,3286 تومن هزینه دندانپزشک شد,health
3897,برای 2782 کباب تومن دادم,food
3898,417 تومن خرج هزینه متفرقه کردم,other
3899,1763 تومن شام گرفتم,food
3900,سهم 1319 اجاره شد,housing
3901,خرید 3912 ویزیت تومن,health
3902,4359 تومن سوپرمارکت خریدم,shopping
3903,خرید 474 دارو تومن,health
3904,4184 برای هزینه متفرقه پرداخت شد,other
3905,910 کرایه اسنپ شد,transport
3906,برای 3718 کنسرت دادم,entertainment
3907,29 تومن خرید میوه کردم,shopping
3908,4705 کرایه تاکسی شد,transport
3909,2620 تومن تاکسی گرفتم,transport
3910,خرید 2288 آزمایش تومن,health
3911,2876 اجاره خونه پرداخت کردم,housing
3912,برای 4768 بیف برگر تومن دادم,food
3913,خرید 4006 آزمایش تومن,health
3914,خرید 1502 دارو تومن,health
3915,3911 تومن رفت و برگشت گرفتم,transport
3916,برای 187 کنسرت دادم,entertainment
3917,2538 خرج سینما شد,entertainment
3918,3290 تومن دکتر رفتم,health
3919,4311 تومن ساندویچ گرفتم,food
3920,4056 کرایه اسنپ شد,transport
3921,2286 تومن هزینه آزمایش شد,health
3922,43 تومن بیف برگر گرفتم,food
3923,2583 اجاره خونه پرداخت کردم,housing
3924,سهم 1531 شارژ ساختمان شد,housing
3925,4710 تومن هزینه ویزیت شد,health
3926,سهم 4877 آب شد,housing
3927,2261 اجاره خونه پرداخت کردم,housing
3928,3762 تومن ناهار خوردم,food
3929,برای 4263 صبحونه تومن دادم,food
3930,754 تومن لوازم تحریر خریدم,shopping
3931,2513 تومن سوپرمارکت خریدم,shopping
3932,خرید 2003 دندانپزشک تومن,health
3933,4589 اجاره خونه پرداخت کردم,housing
3934,1681 برای میوه دادم,shopping
3935,4168 تومن سینما رفتم,entertainment
3936,3277 تومن هزینه دندانپزشک شد,health
3937,4583 هزینه کار اداری شد,other
3938,4943 برای کیف دادم,shopping
3939,2594 تومن دکتر رفتم,health
3940,2831 تومن خرید میوه کردم,shopping
3941,2650 تومن خرج کار اداری کردم,other
3942,خرید 3270 آزمایش تومن,health
3943,1244 تومن قبض اجاره دادم,housing
3944,سهم 3226 اجاره شد,housing
3945,4845 تومن خرید سوپرمارکت کردم,shopping
3946,3202 تومن اسنپ گرفتم,transport
3947,97 تومن خرید سوپرمارکت کردم,shopping
3948,622 تومن کباب خوردم,food
3949,1346 برای اتوبوس پرداخت کردم,transport
3950,2988 اجاره خونه پرداخت کردم,housing
3951,882 تومن سینما رفتم,entertainment
3952,4221 برای سوپرمارکت دادم,shopping
3953,برای 3598 کافی شاپ دادم,entertainment
3954,4744 برای اتوبوس پرداخت کردم,transport
3955,4682 برای لباس دادم,shopping
3956,240 تومن بازی رفتم,entertainment
3957,3818 اجاره خونه پرداخت کردم,housing
3958,1657 کرایه اتوبوس شد,transport
3959,491 برای لوازم تحریر دادم,shopping
3960,2041 تومن هزینه ویزیت شد,health
3961,سهم 2879 شارژ ساختمان شد,housing
3962,خرید 3343 ویزیت تومن,health
3963,1413 تومن ناهار خوردم,food
3964,419 تومن شهربازی رفتم,entertainment
3965,4439 برای کیف دادم,shopping
3966,سهم 2142 اجاره شد,housing
3967,3679 تومن ساندویچ خوردم,food
3968,2802 برای کیف دادم,shopping
3969,3389 برای لباس دادم,shopping
3970,1584 تومن خرج هزینه متفرقه کردم,other
3971,2929 اجاره خونه پرداخت کردم,housing
3972,2875 تومن خرید میوه کردم,shopping
3973,1781 تومن قبض گاز دادم,housing
3974,4206 خرج کافی شاپ شد,entertainment
3975,222 تومن لباس خریدم,shopping
3976,1092 تومن پیتزا خوردم,food
3977,56 اجاره خونه پرداخت کردم,housing
3978,1248 تومن خرید سوپرمارکت کردم,shopping
3979,سهم 3127 گاز شد,housing
3980,68 تومن میوه خریدم,shopping
3981,1427 تومن صبحونه گرفتم,food
3982,1075 تومن خرید میوه کردم,shopping
3983,3429 تومن صبحونه خوردم,food
3984,3210 تومن بیف برگر خوردم,food
3985,1885 برای مترو پرداخت کردم,transport
3986,1690 تومن پیتزا گرفتم,food
3987,2291 تومن پیتزا خوردم,food
3988,688 برای تاکسی پرداخت کردم,transport
3989,2452 خرج کنسرت شد,entertainment
3990,3775 خرج سینما شد,entertainment
3991,3503 برای لباس دادم,shopping
3992,2192 برای تاکسی پرداخت کردم,transport
3993,53 خرج سینما شد,entertainment
3994,سهم 4638 آب شد,housing
3995,سهم 2124 آب شد,housing
3996,سهم 4255 آب شد,housing
3997,خرید 3827 آزمایش تومن,health
3998,3206 تومن خرید لباس کردم,shopping
3999,1200 برای مترو پرداخت کردم,transport
4000,3181 برای کار اداری پرداخت شد,other
4001,2520 کرایه تاکسی شد,transport
4002,2534 برای لباس دادم,shopping
4003,3910 تومن کنسرت رفتم,entertainment
4004,2747 تومن قبض شارژ ساختمان دادم,housing
4005,4631 برای لباس دادم,shopping
4006,2181 تومن قبض آب دادم,housing
4007,خرید 695 ویزیت تومن,health
4008,3730 تومن هزینه ویزیت شد,health
4009,1706 تومن کیف خریدم,shopping
4010,4108 برای هزینه شخصی پرداخت شد,other
4011,1069 برای اتوبوس پرداخت کردم,transport
4012,3620 هزینه هزینه شخصی شد,other
4013,برای 1324 شهربازی دادم,entertainment
4014,سهم 3184 برق شد,housing
4015,1177 تومن قبض گاز دادم,housing
4016,سهم 413 گاز شد,housing
4017,961 کرایه رفت و برگشت شد,transport
4018,برای 1236 کنسرت دادم,entertainment
4019,3887 تومن کباب خوردم,food
4020,63 تومن دکتر رفتم,health
4021,1899 تومن دکتر رفتم,health
4022,2810 تومن اسنپ گرفتم,transport
4023,3211 تومن دکتر رفتم,health
4024,2581 تومن اتوبوس گرفتم,transport
4025,1604 اجاره خونه پرداخت کردم,housing
4026,503 تومن دکتر رفتم,health
4027,2965 تومن دکتر رفتم,health
4028,2465 اجاره خونه پرداخت کردم,housing
4029,4418 برای رفت و برگشت پرداخت کردم,transport
4030,1210 برای کیف دادم,shopping
4031,2169 برای کار اداری پرداخت شد,other
4032,1171 اجاره خونه پرداخت کردم,housing
4033,2525 تومن خرج کار اداری کردم,other
4034,354 اجاره خونه پرداخت کردم,housing
4035,4994 تومن دکتر رفتم,health
4036,2253 تومن خرید کیف کردم,shopping
4037,1388 خرج سینما شد,entertainment
4038,543 تومن کافی شاپ رفتم,entertainment
4039,788 تومن میوه خریدم,shopping
4040,2934 کرایه تاکسی شد,transport
4041,3470 تومن هزینه آزمایش شد,health
4042,1874 تومن دکتر رفتم,health
4043,4025 هزینه هزینه شخصی شد,other
4044,3754 تومن پیتزا خوردم,food
4045,141 اجاره خونه پرداخت کردم,housing
4046,2913 تومن لوازم تحریر خریدم,shopping
4047,3500 هزینه کار اداری شد,other
4048,1925 اجاره خونه پرداخت کردم,housing
4049,4689 برای اسنپ پرداخت کردم,transport
4050,746 خرج شهربازی شد,entertainment
4051,4955 تومن بازی رفتم,entertainment
4052,566 تومن لباس خریدم,shopping
4053,2811 خرج کافی شاپ شد,entertainment
4054,2457 تومن خرید سوپرمارکت کردم,shopping
4055,2418 هزینه هزینه متفرقه شد,other
4056,720 تومن لباس خریدم,shopping
4057,3264 تومن خرج هزینه شخصی کردم,other
4058,475 تومن مترو گرفتم,transport
4059,171 تومن خرج هزینه متفرقه کردم,other
4060,خرید 2936 ویزیت تومن,health
4061,4825 اجاره خونه پرداخت کردم,housing
4062,3551 برای لوازم تحریر دادم,shopping
4063,3365 تومن خرید لباس کردم,shopping
4064,4753 هزینه هزینه شخصی شد,other
4065,295 تومن خرید میوه کردم,shopping
4066,خرید 2677 دارو تومن,health
4067,2890 کرایه رفت و برگشت شد,transport
4068,1888 تومن سوپرمارکت خریدم,shopping
4069,943 هزینه کار اداری شد,other
4070,414 تومن قبض اجاره دادم,housing
4071,2633 تومن قبض آب دادم,housing
4072,سهم 1328 اجاره شد,housing
4073,1199 تومن هزینه دندانپزشک شد,health
4074,612 تومن ناهار گرفتم,food
4075,1490 تومن تاکسی گرفتم,transport
4076,4559 اجاره خونه پرداخت کردم,housing
4077,2144 تومن رفت و برگشت گرفتم,transport
4078,3065 برای لوازم تحریر دادم,shopping
4079,1332 تومن خرید میوه کردم,shopping
4080,4306 تومن کافی شاپ رفتم,entertainment
4081,خرید 1193 ویزیت تومن,health
4082,برای 555 کباب تومن دادم,food
4083,3074 برای لباس دادم,shopping
4084,2200 تومن قبض برق دادم,housing
4085,331 تومن کافی شاپ رفتم,entertainment
4086,89 تومن هزینه دندانپزشک شد,health
4087,2434 تومن دکتر رفتم,health
4088,برای 2355 صبحونه تومن دادم,food
4089,3179 تومن بازی رفتم,entertainment
4090,2340 کرایه مترو شد,transport
4091,برای 458 بازی دادم,entertainment
4092,1135 برای سوپرمارکت دادم,shopping
4093,4938 برای اتوبوس پرداخت کردم,transport
4094,1637 برای رفت و برگشت پرداخت کردم,transport
4095,2629 تومن کباب خوردم,food
4096,3951 تومن ناهار خوردم,food
4097,3776 اجاره خونه پرداخت کردم,housing
4098,4148 هزینه هزینه شخصی شد,other
4099,4631 هزینه هزینه متفرقه شد,other
4100,1117 تومن قبض گاز دادم,housing
4101,1838 تومن خرید لوازم تحریر کردم,shopping
4102,3773 برای کار اداری پرداخت شد,other
4103,2555 هزینه هزینه شخصی شد,other
4104,4693 کرایه تاکسی شد,transport
4105,2182 برای تاکسی پرداخت کردم,transport
4106,4073 تومن پیتزا خوردم,food
4107,برای 4882 پیتزا تومن دادم,food
4108,4044 اجاره خونه پرداخت کردم,housing
4109,برای 2907 ساندویچ تومن دادم,food
4110,4907 اجاره خونه پرداخت کردم,housing
4111,4179 کرایه مترو شد,transport
4112,3086 اجاره خونه پرداخت کردم,housing
4113,928 تومن شهربازی رفتم,entertainment
4114,1565 کرایه اسنپ شد,transport
4115,1141 تومن صبحونه گرفتم,food
4116,496 تومن خرید سوپرمارکت کردم,shopping
4117,سهم 4536 گاز شد,housing
4118,1723 تومن خرج کار اداری کردم,other
4119,برای 4160 بازی دادم,entertainment
4120,4682 تومن هزینه دندانپزشک شد,health
4121,2759 تومن دکتر رفتم,health
4122,سهم 1730 برق شد,housing
4123,4646 تومن ساندویچ خوردم,food
4124,1259 تومن ساندویچ خوردم,food
4125,594 تومن قبض آب دادم,housing
4126,1139 برای کار اداری پرداخت شد,other
4127,249 هزینه هزینه شخصی شد,other
4128,4862 تومن صبحونه خوردم,food
4129,735 هزینه هزینه شخصی شد,other
4130,1554 خرج سینما شد,entertainment
4131,148 تومن ناهار خوردم,food
4132,967 تومن خرج هزینه متفرقه کردم,other
4133,1774 تومن خرید لباس کردم,shopping
4134,3817 تومن پیتزا گرفتم,food
4135,1117 برای میوه دادم,shopping
4136,برای 3105 کافی شاپ دادم,entertainment
4137,3553 هزینه هزینه متفرقه شد,other
4138,2016 تومن رفت و برگشت گرفتم,transport
4139,خرید 3196 دارو تومن,health
4140,برای 2804 ناهار تومن دادم,food
4141,برای 3205 ناهار تومن دادم,food
4142,3816 تومن سینما رفتم,entertainment
4143,2564 تومن کیف خریدم,shopping
4144,573 هزینه هزینه شخصی شد,other
4145,1122 تومن خرید میوه کردم,shopping
4146,1455 تومن اسنپ گرفتم,transport
4147,3146 تومن کنسرت رفتم,entertainment
4148,1336 تومن صبحونه خوردم,food
4149,580 تومن هزینه دارو شد,health
4150,1909 برای میوه دادم,shopping
4151,1466 تومن خرج کار اداری کردم,other
4152,2013 برای لوازم تحریر دادم,shopping
4153,4020 کرایه رفت و برگشت شد,transport
4154,802 تومن شهربازی رفتم,entertainment
4155,2185 خرج شهربازی شد,entertainment
4156,4552 اجاره خونه پرداخت کردم,housing
4157,632 تومن خرج هزینه متفرقه کردم,other
4158,1165 تومن سینما رفتم,entertainment
4159,1131 برای کار اداری پرداخت شد,other
4160,خرید 3175 دندانپزشک تومن,health
4161,3061 تومن قبض آب دادم,housing
4162,3119 تومن بازی رفتم,entertainment
4163,2028 هزینه هزینه متفرقه شد,other
4164,برای 2966 ناهار تومن دادم,food
4165,120 تومن صبحونه خوردم,food
4166,2849 کرایه اسنپ شد,transport
4167,1165 تومن بازی رفتم,entertainment
4168,1625 تومن هزینه دارو شد,health
4169,1333 هزینه کار اداری شد,other
4170,3402 تومن بیف برگر گرفتم,food
4171,681 خرج کافی شاپ شد,entertainment
4172,4682 تومن پیتزا خوردم,food
4173,1133 تومن خرج کار اداری کردم,other
4174,2366 برای تاکسی پرداخت کردم,transport
4175,311 تومن قبض گاز دادم,housing
4176,برای 3799 کباب تومن دادم,food
4177,خرید 4928 ویزیت تومن,health
4178,1106 تومن سوپرمارکت خریدم,shopping
4179,1657 برای هزینه متفرقه پرداخت شد,other
4180,171 تومن شام گرفتم,food
4181,2058 برای کیف دادم,shopping
4182,823 خرج کافی شاپ شد,entertainment
4183,3516 خرج سینما شد,entertainment
4184,485 هزینه هزینه شخصی شد,other
4185,خرید 87 دارو تومن,health
4186,2159 تومن خرید کیف کردم,shopping
4187,1236 تومن پیتزا خوردم,food
4188,4783 برای سوپرمارکت دادم,shopping
4189,944 تومن دکتر رفتم,health
4190,1489 تومن کیف خریدم,shopping
4191,برای 537 کافی شاپ دادم,entertainment
4192,4049 تومن دکتر رفتم,health
4193,2023 تومن خرید لوازم تحریر کردم,shopping
4194,1648 تومن میوه خریدم,shopping
4195,خرید 2513 آزمایش تومن,health
4196,3169 تومن هزینه ویزیت شد,health
4197,37 هزینه هزینه شخصی شد,other
4198,4893 تومن خرید کیف کردم,shopping
4199,331 تومن خرج کار اداری کردم,other
4200,4699 اجاره خونه پرداخت کردم,housing
4201,1094 تومن شهربازی رفتم,entertainment
4202,862 برای اتوبوس پرداخت کردم,transport
4203,2378 تومن کافی شاپ رفتم,entertainment
4204,1052 تومن اسنپ گرفتم,transport
4205,962 تومن خرید کیف کردم,shopping
4206,4152 کرایه اتوبوس شد,transport
4207,3119 برای هزینه متفرقه پرداخت شد,other
4208,سهم 2842 برق شد,housing
4209,2710 خرج کافی شاپ شد,entertainment
4210,2941 تومن هزینه ویزیت شد,health
4211,721 هزینه هزینه متفرقه شد,other
4212,4124 اجاره خونه پرداخت کردم,housing
4213,2471 تومن رفت و برگشت گرفتم,transport
4214,3450 تومن لباس خریدم,shopping
4215,1996 تومن سوپرمارکت خریدم,shopping
4216,برای 1497 ناهار تومن دادم,food
4217,4774 برای اتوبوس پرداخت کردم,transport
4218,سهم 308 شارژ ساختمان شد,housing
4219,3240 تومن اسنپ گرفتم,transport
4220,3359 تومن خرج کار اداری کردم,other
4221,2743 تومن سوپرمارکت خریدم,shopping
4222,2395 تومن خرید لوازم تحریر کردم,shopping
4223,1154 تومن میوه خریدم,shopping
4224,2915 تومن مترو گرفتم,transport
4225,1383 تومن کنسرت رفتم,entertainment
4226,4019 اجاره خونه پرداخت کردم,housing
4227,3039 خرج بازی شد,entertainment
4228,4313 برای مترو پرداخت کردم,transport
4229,703 برای کار اداری پرداخت شد,other
4230,برای 4641 کافی شاپ دادم,entertainment
4231,4304 تومن بازی رفتم,entertainment
4232,3742 تومن خرید لباس کردم,shopping
4233,4551 تومن خرج هزینه شخصی کردم,other
4234,4630 تومن قبض اجاره دادم,housing
4235,برای 3134 کنسرت دادم,entertainment
4236,3523 تومن شام خوردم,food
4237,4002 خرج کنسرت شد,entertainment
4238,716 تومن پیتزا گرفتم,food
4239,برای 2563 ساندویچ تومن دادم,food
4240,904 تومن سوپرمارکت خریدم,shopping
4241,1360 کرایه اسنپ شد,transport
4242,برای 2013 کنسرت دادم,entertainment
4243,118 خرج شهربازی شد,entertainment
4244,336 تومن خرید لباس کردم,shopping
4245,4660 تومن شهربازی رفتم,entertainment
4246,برای 4068 کنسرت دادم,entertainment
4247,3460 کرایه مترو شد,transport
4248,1200 اجاره خونه پرداخت کردم,housing
4249,51 تومن خرج کار اداری کردم,other
4250,3513 تومن دکتر رفتم,health
4251,2958 برای لوازم تحریر دادم,shopping
4252,برای 4557 بازی دادم,entertainment
4253,3451 تومن هزینه دندانپزشک شد,health
4254,2623 تومن مترو گرفتم,transport
4255,4038 تومن ناهار خوردم,food
4256,خرید 61 آزمایش تومن,health
4257,1673 تومن دکتر رفتم,health
4258,3765 هزینه کار اداری شد,other
4259,1340 کرایه اتوبوس شد,transport
4260,1689 تومن ناهار خوردم,food
4261,خرید 4975 ویزیت تومن,health
4262,2529 تومن دکتر رفتم,health
4263,596 تومن ساندویچ گرفتم,food
4264,خرید 1830 دارو تومن,health
4265,207 تومن اتوبوس گرفتم,transport
4266,2173 تومن شام خوردم,food
4267,برای 4446 کنسرت دادم,entertainment
4268,1632 برای لوازم تحریر دادم,shopping
4269,1270 خرج شهربازی شد,entertainment
4270,3694 تومن خرج هزینه شخصی کردم,other
4271,خرید 2079 ویزیت تومن,health
4272,برای 847 شام تومن دادم,food
4273,4346 تومن دکتر رفتم,health
4274,112 تومن قبض اجاره دادم,housing
4275,98 تومن خرج هزینه متفرقه کردم,other
4276,3912 تومن خرید میوه کردم,shopping
4277,4781 برای هزینه شخصی پرداخت شد,other
4278,3502 برای لوازم تحریر دادم,shopping
4279,2005 تومن خرید لوازم تحریر کردم,shopping
4280,991 تومن پیتزا خوردم,food
4281,1020 تومن دکتر رفتم,health
4282,2598 برای هزینه شخصی پرداخت شد,other
4283,برای 4106 شهربازی دادم,entertainment
4284,460 برای لباس دادم,shopping
4285,716 تومن رفت و برگشت گرفتم,transport
4286,142 تومن دکتر رفتم,health
4287,346 تومن هزینه ویزیت شد,health
4288,1546 تومن دکتر رفتم,health
4289,459 برای اتوبوس پرداخت کردم,transport
4290,سهم 3013 گاز شد,housing
4291,588 تومن خرج هزینه متفرقه کردم,other
4292,4591 تومن خرج هزینه شخصی کردم,other
4293,2981 تومن بیف برگر خوردم,food
4294,2954 تومن هزینه دندانپزشک شد,health
4295,221 تومن هزینه آزمایش شد,health
4296,1603 تومن ناهار گرفتم,food
4297,3014 تومن هزینه دارو شد,health
4298,4134 تومن کیف خریدم,shopping
4299,2520 اجاره خونه پرداخت کردم,housing
4300,1007 تومن خرید میوه کردم,shopping
4301,4566 هزینه کار اداری شد,other
4302,468 برای هزینه شخصی پرداخت شد,other
4303,420 خرج سینما شد,entertainment
4304,2688 تومن خرج هزینه شخصی کردم,other
4305,2860 اجاره خونه پرداخت کردم,housing
4306,1040 تومن لوازم تحریر خریدم,shopping
4307,656 تومن هزینه ویزیت شد,health
4308,سهم 3237 اجاره شد,housing
4309,940 اجاره خونه پرداخت کردم,housing
4310,برای 3221 سینما دادم,entertainment
4311,2098 تومن تاکسی گرفتم,transport
4312,4138 برای اسنپ پرداخت کردم,transport
4313,2627 برای رفت و برگشت پرداخت کردم,transport
4314,1440 تومن قبض آب دادم,housing
4315,4221 برای کار اداری پرداخت شد,other
4316,1324 تومن هزینه ویزیت شد,health
4317,1171 تومن دکتر رفتم,health
4318,4723 برای میوه دادم,shopping
4319,1521 کرایه مترو شد,transport
4320,3668 تومن هزینه آزمایش شد,health
4321,4307 خرج بازی شد,entertainment
4322,1792 تومن دکتر رفتم,health
4323,برای 4669 کافی شاپ دادم,entertainment
4324,سهم 3089 برق شد,housing
4325,4249 تومن شام گرفتم,food
4326,خرید 632 دندانپزشک تومن,health
4327,4815 برای اتوبوس پرداخت کردم,transport
4328,4489 تومن دکتر رفتم,health
4329,1707 برای اتوبوس پرداخت کردم,transport
4330,4677 تومن سوپرمارکت خریدم,shopping
4331,4205 اجاره خونه پرداخت کردم,housing
4332,806 تومن پیتزا خوردم,food
4333,سهم 2550 گاز شد,housing
4334,2941 تومن هزینه آزمایش شد,health
4335,سهم 1080 شارژ ساختمان شد,housing
4336,1655 تومن خرید لباس کردم,shopping
4337,برای 2939 پیتزا تومن دادم,food
4338,4854 تومن شام خوردم,food
4339,3305 تومن دکتر رفتم,health
4340,برای 568 بازی دادم,entertainment
4341,برای 866 پیتزا تومن دادم,food
4342,خرید 203 دندانپزشک تومن,health
4343,22 تومن خرج هزینه متفرقه کردم,other
4344,2557 برای تاکسی پرداخت کردم,transport
4345,481 تومن دکتر رفتم,health
4346,977 خرج کنسرت شد,entertainment
4347,1686 برای لباس دادم,shopping
4348,2685 برای کار اداری پرداخت شد,other
4349,برای 4814 کباب تومن دادم,food
4350,1139 برای لباس دادم,shopping
4351,برای 510 کباب تومن دادم,food
4352,4599 تومن قبض آب دادم,housing
4353,برای 1153 ناهار تومن دادم,food
4354,196 اجاره خونه پرداخت کردم,housing
4355,1466 تومن شام گرفتم,food
4356,2983 تومن خرج هزینه متفرقه کردم,other
4357,3644 تومن دکتر رفتم,health
4358,501 برای لوازم تحریر دادم,shopping
4359,3580 تومن سینما رفتم,entertainment
4360,4471 اجاره خونه پرداخت کردم,housing
4361,4390 هزینه هزینه شخصی شد,other
4362,سهم 1107 گاز شد,housing
4363,4926 کرایه تاکسی شد,transport
4364,571 هزینه هزینه شخصی شد,other
4365,سهم 3316 شارژ ساختمان شد,housing
4366,برای 4445 بازی دادم,entertainment
4367,خرید 1529 آزمایش تومن,health
4368,4190 تومن هزینه دندانپزشک شد,health
4369,3280 کرایه مترو شد,transport
4370,4553 کرایه مترو شد,transport
4371,1024 برای میوه دادم,shopping
4372,3159 تومن کباب خوردم,food
4373,4351 برای لباس دادم,shopping
4374,366 تومن سوپرمارکت خریدم,shopping
4375,641 اجاره خونه پرداخت کردم,housing
4376,408 تومن هزینه دندانپزشک شد,health
4377,برای 4484 بیف برگر تومن دادم,food
4378,برای 65 پیتزا تومن دادم,food
4379,3698 تومن دکتر رفتم,health
4380,2954 تومن کیف خریدم,shopping
4381,3579 اجاره خونه پرداخت کردم,housing
4382,4902 تومن هزینه آزمایش شد,health
4383,2098 تومن ناهار خوردم,food
4384,برای 2321 صبحونه تومن دادم,food
4385,3000 تومن دکتر رفتم,health
4386,2448 تومن خرج هزینه شخصی کردم,other
4387,4346 اجاره خونه پرداخت کردم,housing
4388,3130 کرایه تاکسی شد,transport
4389,برای 4319 بازی دادم,entertainment
4390,3542 برای میوه دادم,shopping
4391,4310 تومن خرید لوازم تحریر کردم,shopping
4392,3103 تومن سینما رفتم,entertainment
4393,4459 تومن ساندویچ گرفتم,food
4394,962 تومن لباس خریدم,shopping
4395,4875 خرج بازی شد,entertainment
4396,4934 تومن دکتر رفتم,health
4397,2258 تومن مترو گرفتم,transport
4398,2449 برای مترو پرداخت کردم,transport
4399,1079 تومن قبض شارژ ساختمان دادم,housing
4400,4100 برای هزینه شخصی پرداخت شد,other
4401,1329 تومن رفت و برگشت گرفتم,transport
4402,3381 برای مترو پرداخت کردم,transport
4403,2964 تومن کباب خوردم,food
4404,برای 3436 شهربازی دادم,entertainment
4405,3603 برای اتوبوس پرداخت کردم,transport
4406,1442 هزینه کار اداری شد,other
4407,2294 تومن خرید سوپرمارکت کردم,shopping
4408,برای 4410 کنسرت دادم,entertainment
4409,541 تومن هزینه دارو شد,health
4410,3215 تومن هزینه آزمایش شد,health
4411,4160 تومن هزینه آزمایش شد,health
4412,2190 تومن پیتزا گرفتم,food
4413,1557 اجاره خونه پرداخت کردم,housing
4414,4517 تومن دکتر رفتم,health
4415,برای 4347 کباب تومن دادم,food
4416,4814 تومن شهربازی رفتم,entertainment
4417,سهم 4479 آب شد,housing
4418,3029 خرج شهربازی شد,entertainment
4419,3344 تومن کافی شاپ رفتم,entertainment
4420,2855 تومن میوه خریدم,shopping
4421,1032 هزینه هزینه متفرقه شد,other
4422,802 برای هزینه متفرقه پرداخت شد,other
4423,1820 تومن ساندویچ گرفتم,food
4424,726 تومن پیتزا خوردم,food
4425,2320 تومن لوازم تحریر خریدم,shopping
4426,4502 خرج سینما شد,entertainment
4427,3106 تومن مترو گرفتم,transport
4428,1545 تومن ساندویچ خوردم,food
4429,4040 خرج کنسرت شد,entertainment
4430,سهم 147 اجاره شد,housing
4431,خرید 492 دارو تومن,health
4432,552 تومن ناهار خوردم,food
4433,2035 کرایه رفت و برگشت شد,transport
4434,4422 خرج کافی شاپ شد,entertainment
4435,3185 تومن میوه خریدم,shopping
4436,519 کرایه تاکسی شد,transport
4437,3799 تومن ساندویچ گرفتم,food
4438,سهم 3310 آب شد,housing
4439,4847 برای لباس دادم,shopping
4440,4892 کرایه رفت و برگشت شد,transport
4441,3093 تومن دکتر رفتم,health
4442,3401 تومن قبض آب دادم,housing
4443,2056 اجاره خونه پرداخت کردم,housing
4444,خرید 4696 دارو تومن,health
4445,1488 تومن پیتزا خوردم,food
4446,3131 کرایه مترو شد,transport
4447,1633 اجاره خونه پرداخت کردم,housing
4448,سهم 2697 شارژ ساختمان شد,housing
4449,2456 برای کار اداری پرداخت شد,other
4450,2595 تومن هزینه دندانپزشک شد,health
4451,1569 برای کار اداری پرداخت شد,other
4452,1159 برای اسنپ پرداخت کردم,transport
4453,2826 تومن دکتر رفتم,health
4454,4167 خرج کافی شاپ شد,entertainment
4455,2163 اجاره خونه پرداخت کردم,housing
4456,1948 هزینه هزینه متفرقه شد,other
4457,3824 تومن خرج کار اداری کردم,other
4458,4118 هزینه هزینه شخصی شد,other
4459,3840 برای سوپرمارکت دادم,shopping
4460,3039 اجاره خونه پرداخت کردم,housing
4461,3981 تومن پیتزا گرفتم,food
4462,سهم 2083 گاز شد,housing
4463,864 تومن قبض برق دادم,housing
4464,خرید 4837 ویزیت تومن,health
4465,493 تومن اسنپ گرفتم,transport
4466,3026 هزینه هزینه متفرقه شد,other
4467,475 هزینه کار اداری شد,other
4468,2534 برای رفت و برگشت پرداخت کردم,transport
4469,2983 تومن شهربازی رفتم,entertainment
4470,3346 برای سوپرمارکت دادم,shopping
4471,945 برای کار اداری پرداخت شد,other
4472,خرید 39 دارو تومن,health
4473,2636 تومن شهربازی رفتم,entertainment
4474,سهم 1277 آب شد,housing
4475,برای 4414 کافی شاپ دادم,entertainment
4476,4687 هزینه کار اداری شد,other
4477,4801 کرایه تاکسی شد,transport
4478,1842 کرایه رفت و برگشت شد,transport
4479,4746 تومن لوازم تحریر خریدم,shopping
4480,2817 تومن سینما رفتم,entertainment
4481,2613 تومن هزینه دندانپزشک شد,health
4482,1092 کرایه رفت و برگشت شد,transport
4483,برای 4577 شهربازی دادم,entertainment
4484,2794 تومن خرج کار اداری کردم,other
4485,3201 تومن سینما رفتم,entertainment
4486,برای 4017 کنسرت دادم,entertainment
4487,3676 تومن دکتر رفتم,health
4488,956 اجاره خونه پرداخت کردم,housing
4489,خرید 1695 آزمایش تومن,health
4490,26 تومن هزینه دارو شد,health
4491,3695 اجاره خونه پرداخت کردم,housing
4492,3263 هزینه کار اداری شد,other
4493,4073 تومن خرج کار اداری کردم,other
4494,33 اجاره خونه پرداخت کردم,housing
4495,460 برای سوپرمارکت دادم,shopping
4496,2954 تومن لباس خریدم,shopping
4497,4995 کرایه مترو شد,transport
4498,4980 تومن صبحونه گرفتم,food
4499,2288 تومن خرید لباس کردم,shopping
4500,4018 تومن بازی رفتم,entertainment
4501,2533 تومن خرج هزینه متفرقه کردم,other
4502,4596 تومن هزینه دندانپزشک شد,health
4503,4128 هزینه هزینه متفرقه شد,other
4504,4755 برای کار اداری پرداخت شد,other
4505,4643 تومن خرید میوه کردم,shopping
4506,1541 تومن اتوبوس گرفتم,transport
4507,1193 تومن قبض شارژ ساختمان دادم,housing
4508,خرید 3878 دندانپزشک تومن,health
4509,3326 تومن بیف برگر خوردم,food
4510,3689 تومن خرج کار اداری کردم,other
4511,3190 برای کار اداری پرداخت شد,other
4512,3458 تومن قبض گاز دادم,housing
4513,2566 تومن بازی رفتم,entertainment
4514,1231 تومن کباب گرفتم,food
4515,686 برای هزینه شخصی پرداخت شد,other
4516,2590 تومن پیتزا خوردم,food
4517,2017 تومن ساندویچ خوردم,food
4518,2203 خرج کافی شاپ شد,entertainment
4519,4433 تومن مترو گرفتم,transport
4520,1835 تومن قبض گاز دادم,housing
4521,3602 تومن دکتر رفتم,health
4522,1205 تومن کافی شاپ رفتم,entertainment
4523,4429 تومن خرید لباس کردم,shopping
4524,4519 خرج سینما شد,entertainment
4525,1146 خرج بازی شد,entertainment
4526,سهم 2631 برق شد,housing
4527,4290 تومن پیتزا گرفتم,food
4528,1820 اجاره خونه پرداخت کردم,housing
4529,1841 تومن سینما رفتم,entertainment
4530,برای 495 صبحونه تومن دادم,food
4531,2981 کرایه رفت و برگشت شد,transport
4532,4371 هزینه هزینه شخصی شد,other
4533,سهم 1785 برق شد,housing
4534,2740 تومن قبض برق دادم,housing
4535,897 تومن لوازم تحریر خریدم,shopping
4536,1381 تومن خرید سوپرمارکت کردم,shopping
4537,4106 تومن پیتزا خوردم,food
4538,2377 کرایه اتوبوس شد,transport
4539,999 تومن کیف خریدم,shopping
4540,3416 هزینه هزینه متفرقه شد,other
4541,4774 هزینه هزینه شخصی شد,other
4542,2782 تومن خرج هزینه متفرقه کردم,other
4543,1122 کرایه اسنپ شد,transport
4544,خرید 4636 دارو تومن,health
4545,752 تومن کباب گرفتم,food
4546,4134 تومن قبض اجاره دادم,housing
4547,خرید 428 دندانپزشک تومن,health
4548,871 برای هزینه شخصی پرداخت شد,other
4549,خرید 3435 آزمایش تومن,health
4550,4238 تومن بازی رفتم,entertainment
4551,3175 تومن هزینه دندانپزشک شد,health
4552,برای 4484 بیف برگر تومن دادم,food
4553,برای 4256 ساندویچ تومن دادم,food
4554,3069 تومن قبض برق دادم,housing
4555,3412 تومن ناهار خوردم,food
4556,109 برای میوه دادم,shopping
4557,برای 2840 بیف برگر تومن دادم,food
4558,4192 تومن خرید میوه کردم,shopping
4559,خرید 2640 دندانپزشک تومن,health
4560,1165 تومن خرج هزینه متفرقه کردم,other
4561,سهم 4712 گاز شد,housing
4562,برای 433 کباب تومن دادم,food
4563,4957 تومن ساندویچ خوردم,food
4564,1619 تومن ناهار گرفتم,food
4565,سهم 3704 اجاره شد,housing
4566,544 تومن کافی شاپ رفتم,entertainment
4567,سهم 35 برق شد,housing
4568,579 تومن خرید لباس کردم,shopping
4569,3965 کرایه اسنپ شد,transport
4570,958 تومن خرید لباس کردم,shopping
4571,1232 تومن خرج کار اداری کردم,other
4572,1308 برای هزینه شخصی پرداخت شد,other
4573,خرید 4228 آزمایش تومن,health
4574,639 تومن هزینه آزمایش شد,health
4575,1217 تومن دکتر رفتم,health
4576,برای 248 شهربازی دادم,entertainment
4577,4700 اجاره خونه پرداخت کردم,housing
4578,3057 برای اتوبوس پرداخت کردم,transport
4579,3417 کرایه رفت و برگشت شد,transport
4580,1793 تومن خرج هزینه متفرقه کردم,other
4581,2554 خرج کافی شاپ شد,entertainment
4582,1726 تومن شهربازی رفتم,entertainment
4583,سهم 3948 شارژ ساختمان شد,housing
4584,1058 برای سوپرمارکت دادم,shopping
4585,3847 کرایه اسنپ شد,transport
4586,برای 4769 بیف برگر تومن دادم,food
4587,برای 4597 ساندویچ تومن دادم,food
4588,خرید 2864 ویزیت تومن,health
4589,2799 تومن دکتر رفتم,health
4590,4169 تومن کیف خریدم,shopping
4591,4724 تومن میوه خریدم,shopping
4592,خرید 443 آزمایش تومن,health
4593,4157 خرج سینما شد,entertainment
4594,615 تومن هزینه آزمایش شد,health
4595,1498 تومن کافی شاپ رفتم,entertainment
4596,2107 برای رفت و برگشت پرداخت کردم,transport
4597,2175 برای میوه دادم,shopping
4598,4380 کرایه رفت و برگشت شد,transport
4599,3489 برای لباس دادم,shopping
4600,157 کرایه اتوبوس شد,transport
4601,1871 هزینه هزینه شخصی شد,other
4602,3600 تومن میوه خریدم,shopping
4603,4715 تومن کباب خوردم,food
4604,946 کرایه تاکسی شد,transport
4605,سهم 474 گاز شد,housing
4606,2991 اجاره خونه پرداخت کردم,housing
4607,3210 تومن مترو گرفتم,transport
4608,301 برای تاکسی پرداخت کردم,transport
4609,363 اجاره خونه پرداخت کردم,housing
4610,برای 3506 بیف برگر تومن دادم,food
4611,24 تومن خرید کیف کردم,shopping
4612,1681 تومن دکتر رفتم,health
4613,342 تومن پیتزا گرفتم,food
4614,4842 تومن خرج هزینه شخصی کردم,other
4615,1758 اجاره خونه پرداخت کردم,housing
4616,2143 تومن کیف خریدم,shopping
4617,995 برای هزینه شخصی پرداخت شد,other
4618,1581 خرج بازی شد,entertainment
4619,4387 برای اتوبوس پرداخت کردم,transport
4620,4010 تومن پیتزا گرفتم,food
4621,4247 اجاره خونه پرداخت کردم,housing
4622,1183 تومن مترو گرفتم,transport
4623,1941 تومن هزینه ویزیت شد,health
4624,برای 2423 سینما دادم,entertainment
4625,3679 تومن کباب خوردم,food
4626,3678 خرج شهربازی شد,entertainment
4627,1609 برای لباس دادم,shopping
4628,1323 برای کیف دادم,shopping
4629,1036 تومن هزینه ویزیت شد,health
4630,3672 تومن خرج هزینه شخصی کردم,other
4631,852 خرج شهربازی شد,entertainment
4632,4725 کرایه رفت و برگشت شد,transport
4633,خرید 3282 ویزیت تومن,health
4634,4232 تومن لوازم تحریر خریدم,shopping
4635,1992 تومن خرید لوازم تحریر کردم,shopping
4636,3999 تومن خرید لوازم تحریر کردم,shopping
4637,1144 تومن کباب گرفتم,food
4638,4437 تومن خرید لباس کردم,shopping
4639,4620 تومن ساندویچ خوردم,food
4640,4282 برای هزینه متفرقه پرداخت شد,other
4641,1563 تومن بیف برگر گرفتم,food
4642,2110 تومن میوه خریدم,shopping
4643,4853 تومن ساندویچ گرفتم,food
4644,3726 اجاره خونه پرداخت کردم,housing
4645,3633 تومن خرید لوازم تحریر کردم,shopping
4646,3963 تومن کباب خوردم,food
4647,2801 تومن دکتر رفتم,health
4648,925 هزینه کار اداری شد,other
4649,1992 کرایه اتوبوس شد,transport
4650,برای 3325 صبحونه تومن دادم,food
4651,1508 اجاره خونه پرداخت کردم,housing
4652,3851 تومن خرید لباس کردم,shopping
4653,841 تومن خرید سوپرمارکت کردم,shopping
4654,3496 تومن لباس خریدم,shopping
4655,برای 331 ساندویچ تومن دادم,food
4656,1148 تومن لباس خریدم,shopping
4657,4149 تومن اتوبوس گرفتم,transport
4658,3950 تومن اتوبوس گرفتم,transport
4659,1654 تومن بازی رفتم,entertainment
4660,240 تومن دکتر رفتم,health
4661,1101 تومن تاکسی گرفتم,transport
4662,1467 تومن کباب گرفتم,food
4663,757 تومن ساندویچ گرفتم,food
4664,988 تومن خرج کار اداری کردم,other
4665,1045 تومن مترو گرفتم,transport
4666,3510 تومن خرید لوازم تحریر کردم,shopping
4667,872 اجاره خونه پرداخت کردم,housing
4668,4773 اجاره خونه پرداخت کردم,housing
4669,2716 کرایه اسنپ شد,transport
4670,59 کرایه رفت و برگشت شد,transport
4671,1116 برای اسنپ پرداخت کردم,transport
4672,2445 تومن ساندویچ گرفتم,food
4673,3095 تومن قبض آب دادم,housing
4674,956 اجاره خونه پرداخت کردم,housing
4675,2014 تومن شهربازی رفتم,entertainment
4676,1613 اجاره خونه پرداخت کردم,housing
4677,1053 تومن اتوبوس گرفتم,transport
4678,خرید 4145 دارو تومن,health
4679,2843 تومن خرج هزینه متفرقه کردم,other
4680,1672 تومن هزینه دندانپزشک شد,health
4681,4728 کرایه مترو شد,transport
4682,4303 تومن دکتر رفتم,health
4683,3922 تومن قبض شارژ ساختمان دادم,housing
4684,2327 تومن لوازم تحریر خریدم,shopping
4685,1728 تومن خرید کیف کردم,shopping
4686,1539 برای لوازم تحریر دادم,shopping
4687,1265 برای مترو پرداخت کردم,transport
4688,2531 تومن سوپرمارکت خریدم,shopping
4689,1438 کرایه تاکسی شد,transport
4690,3439 تومن شهربازی رفتم,entertainment
4691,3176 هزینه هزینه شخصی شد,other
4692,350 تومن قبض اجاره دادم,housing
4693,1764 تومن خرید سوپرمارکت کردم,shopping
4694,برای 2080 کنسرت دادم,entertainment
4695,1553 تومن هزینه آزمایش شد,health
4696,4312 برای اتوبوس پرداخت کردم,transport
4697,1800 تومن قبض شارژ ساختمان دادم,housing
4698,467 تومن کنسرت رفتم,entertainment
4699,برای 742 ناهار تومن دادم,food
4700,خرید 548 آزمایش تومن,health
4701,1440 برای هزینه شخصی پرداخت شد,other
4702,2373 تومن خرج هزینه شخصی کردم,other
4703,سهم 1556 شارژ ساختمان شد,housing
4704,3508 تومن قبض اجاره دادم,housing
4705,سهم 2166 گاز شد,housing
4706,سهم 2343 گاز شد,housing
4707,برای 1408 کباب تومن دادم,food
4708,2438 کرایه تاکسی شد,transport
4709,1811 تومن میوه خریدم,shopping
4710,2971 خرج کافی شاپ شد,entertainment
4711,4335 برای اتوبوس پرداخت کردم,transport
4712,1485 تومن دکتر رفتم,health
4713,1831 تومن خرید لوازم تحریر کردم,shopping
4714,1828 تومن اتوبوس گرفتم,transport
4715,3441 تومن شهربازی رفتم,entertainment
4716,869 تومن کیف خریدم,shopping
4717,سهم 856 آب شد,housing
4718,سهم 3223 اجاره شد,housing
4719,برای 2822 بازی دادم,entertainment
4720,3505 تومن خرید کیف کردم,shopping
4721,3183 تومن رفت و برگشت گرفتم,transport
4722,3336 تومن صبحونه خوردم,food
4723,1320 تومن لباس خریدم,shopping
4724,375 تومن کیف خریدم,shopping
4725,سهم 1501 آب شد,housing
4726,2278 خرج کافی شاپ شد,entertainment
4727,4142 اجاره خونه پرداخت کردم,housing
4728,2055 برای هزینه شخصی پرداخت شد,other
4729,برای 714 سینما دادم,entertainment
4730,4316 برای هزینه شخصی پرداخت شد,other
4731,887 تومن شام خوردم,food
4732,3704 خرج سینما شد,entertainment
4733,1469 برای هزینه شخصی پرداخت شد,other
4734,3185 اجاره خونه پرداخت کردم,housing
4735,3105 برای اسنپ پرداخت کردم,transport
4736,822 هزینه کار اداری شد,other
4737,53 برای کار اداری پرداخت شد,other
4738,962 خرج بازی شد,entertainment
4739,920 تومن سوپرمارکت خریدم,shopping
4740,831 تومن قبض آب دادم,housing
4741,1630 برای هزینه شخصی پرداخت شد,other
4742,خرید 1403 دندانپزشک تومن,health
4743,3260 تومن رفت و برگشت گرفتم,transport
4744,2374 تومن تاکسی گرفتم,transport
4745,4858 تومن ساندویچ خوردم,food
4746,1450 اجاره خونه پرداخت کردم,housing
4747,4996 کرایه رفت و برگشت شد,transport
4748,3447 برای کیف دادم,shopping
4749,3792 برای رفت و برگشت پرداخت کردم,transport
4750,3097 تومن خرج هزینه شخصی کردم,other
4751,829 تومن دکتر رفتم,health
4752,4781 تومن لباس خریدم,shopping
4753,63 برای هزینه شخصی پرداخت شد,other
4754,2546 تومن هزینه ویزیت شد,health
4755,1467 برای هزینه شخصی پرداخت شد,other
4756,برای 765 سینما دادم,entertainment
4757,3529 برای لوازم تحریر دادم,shopping
4758,سهم 4913 شارژ ساختمان شد,housing
4759,1132 اجاره خونه پرداخت کردم,housing
4760,3372 تومن خرج کار اداری کردم,other
4761,2390 کرایه مترو شد,transport
4762,برای 4070 کنسرت دادم,entertainment
4763,1248 تومن سینما رفتم,entertainment
4764,2162 هزینه هزینه شخصی شد,other
4765,615 برای رفت و برگشت پرداخت کردم,transport
4766,182 تومن رفت و برگشت گرفتم,transport
4767,خرید 4554 آزمایش تومن,health
4768,برای 830 بازی دادم,entertainment
4769,4232 تومن پیتزا گرفتم,food
4770,4109 تومن پیتزا گرفتم,food
4771,877 تومن شام خوردم,food
4772,3833 تومن دکتر رفتم,health
4773,1414 برای کیف دادم,shopping
4774,706 کرایه تاکسی شد,transport
4775,1098 برای هزینه شخصی پرداخت شد,other
4776,1712 تومن هزینه ویزیت شد,health
4777,450 برای هزینه شخصی پرداخت شد,other
4778,3929 تومن خرج کار اداری کردم,other
4779,74 تومن هزینه ویزیت شد,health
4780,2696 برای اسنپ پرداخت کردم,transport
4781,258 تومن خرید سوپرمارکت کردم,shopping
4782,855 خرج شهربازی شد,entertainment
4783,4103 تومن خرید لباس کردم,shopping
4784,324 تومن قبض اجاره دادم,housing
4785,3544 تومن تاکسی گرفتم,transport
4786,771 برای هزینه شخصی پرداخت شد,other
4787,1142 تومن سوپرمارکت خریدم,shopping
4788,3712 تومن خرید لوازم تحریر کردم,shopping
4789,4610 تومن اسنپ گرفتم,transport
4790,برای 1007 صبحونه تومن دادم,food
4791,3090 تومن تاکسی گرفتم,transport
4792,2450 تومن هزینه ویزیت شد,health
4793,4482 تومن کافی شاپ رفتم,entertainment
4794,3888 تومن هزینه ویزیت شد,health
4795,4031 تومن هزینه آزمایش شد,health
4796,4108 اجاره خونه پرداخت کردم,housing
4797,4347 برای مترو پرداخت کردم,transport
4798,2666 تومن خرج هزینه متفرقه کردم,other
4799,2582 تومن اتوبوس گرفتم,transport
4800,4217 هزینه هزینه شخصی شد,other
4801,سهم 2285 گاز شد,housing
4802,سهم 2593 آب شد,housing
4803,برای 3663 شام تومن دادم,food
4804,3006 تومن خرج هزینه متفرقه کردم,other
4805,برای 1351 سینما دادم,entertainment
4806,2827 اجاره خونه پرداخت کردم,housing
4807,خرید 1286 دارو تومن,health
4808,4544 تومن لباس خریدم,shopping
4809,4514 برای هزینه شخصی پرداخت شد,other
4810,1404 تومن هزینه آزمایش شد,health
4811,3807 تومن خرج کار اداری کردم,other
4812,برای 1473 کافی شاپ دادم,entertainment
4813,1823 خرج کافی شاپ شد,entertainment
4814,4570 تومن شام گرفتم,food
4815,خرید 2147 دارو تومن,health
4816,3754 برای لوازم تحریر دادم,shopping
4817,3432 تومن شهربازی رفتم,entertainment
4818,خرید 297 آزمایش تومن,health
4819,896 برای هزینه متفرقه پرداخت شد,other
4820,3006 تومن هزینه ویزیت شد,health
4821,3427 تومن کباب گرفتم,food
4822,2322 تومن خرید لباس کردم,shopping
4823,2429 تومن قبض شارژ ساختمان دادم,housing
4824,2655 تومن هزینه ویزیت شد,health
4825,3236 خرج کنسرت شد,entertainment
4826,787 هزینه هزینه شخصی شد,other
4827,سهم 4905 برق شد,housing
4828,برای 3957 کافی شاپ دادم,entertainment
4829,1041 تومن هزینه دندانپزشک شد,health
4830,4131 تومن هزینه دندانپزشک شد,health
4831,3192 تومن دکتر رفتم,health
4832,برای 1244 ناهار تومن دادم,food
4833,برای 1177 بازی دادم,entertainment
4834,2393 تومن خرج کار اداری کردم,other
4835,برای 455 سینما دادم,entertainment
4836,سهم 4076 آب شد,housing
4837,خرید 4958 دارو تومن,health
4838,2455 هزینه هزینه شخصی شد,other
4839,2986 برای هزینه متفرقه پرداخت شد,other
4840,4477 کرایه تاکسی شد,transport
4841,برای 697 کنسرت دادم,entertainment
4842,2402 هزینه هزینه شخصی شد,other
4843,1931 برای لوازم تحریر دادم,shopping
4844,برای 1093 کباب تومن دادم,food
4845,863 تومن اسنپ گرفتم,transport
4846,برای 4531 بازی دادم,entertainment
4847,3977 تومن شام گرفتم,food
4848,برای 364 صبحونه تومن دادم,food
4849,1283 تومن ساندویچ گرفتم,food
4850,1002 کرایه اسنپ شد,transport
4851,برای 2872 بازی دادم,entertainment
4852,104 کرایه اسنپ شد,transport
4853,974 تومن شهربازی رفتم,entertainment
4854,1780 هزینه هزینه شخصی شد,other
4855,سهم 2276 شارژ ساختمان شد,housing
4856,2611 تومن قبض آب دادم,housing
4857,142 تومن هزینه دندانپزشک شد,health
4858,3662 تومن کنسرت رفتم,entertainment
4859,1634 اجاره خونه پرداخت کردم,housing
4860,84 خرج بازی شد,entertainment
4861,2860 تومن دکتر رفتم,health
4862,1711 برای هزینه متفرقه پرداخت شد,other
4863,3683 برای هزینه شخصی پرداخت شد,other
4864,2598 تومن کباب گرفتم,food
4865,3388 تومن سوپرمارکت خریدم,shopping
4866,3979 تومن کافی شاپ رفتم,entertainment
4867,برای 3675 بیف برگر تومن دادم,food
4868,1627 تومن هزینه ویزیت شد,health
4869,2766 تومن کنسرت رفتم,entertainment
4870,2749 تومن لباس خریدم,shopping
4871,2239 تومن هزینه دندانپزشک شد,health
4872,3071 تومن خرید سوپرمارکت کردم,shopping
4873,104 تومن خرج کار اداری کردم,other
4874,سهم 4723 آب شد,housing
4875,540 برای هزینه متفرقه پرداخت شد,other
4876,3806 خرج سینما شد,entertainment
4877,3050 تومن هزینه دارو شد,health
4878,4936 تومن دکتر رفتم,health
4879,4015 برای هزینه متفرقه پرداخت شد,other
4880,3428 تومن تاکسی گرفتم,transport
4881,خرید 1940 آزمایش تومن,health
4882,3017 برای اتوبوس پرداخت کردم,transport
4883,2031 خرج کنسرت شد,entertainment
4884,سهم 2317 شارژ ساختمان شد,housing
4885,4715 برای میوه دادم,shopping
4886,257 تومن هزینه ویزیت شد,health
4887,2942 اجاره خونه پرداخت کردم,housing
4888,2808 اجاره خونه پرداخت کردم,housing
4889,315 تومن دکتر رفتم,health
4890,سهم 213 اجاره شد,housing
4891,برای 1092 ساندویچ تومن دادم,food
4892,2343 برای میوه دادم,shopping
4893,1628 تومن شهربازی رفتم,entertainment
4894,69 برای هزینه متفرقه پرداخت شد,other
4895,4843 برای هزینه متفرقه پرداخت شد,other
4896,168 اجاره خونه پرداخت کردم,housing
4897,3466 تومن خرج هزینه متفرقه کردم,other
4898,4910 تومن کنسرت رفتم,entertainment
4899,برای 465 ناهار تومن دادم,food
4900,برای 1786 کنسرت دادم,entertainment
4901,1215 تومن خرید کیف کردم,shopping
4902,برای 2748 پیتزا تومن دادم,food
4903,1042 تومن خرج کار اداری کردم,other
4904,4889 تومن میوه خریدم,shopping
4905,1891 برای هزینه متفرقه پرداخت شد,other
4906,1883 برای کیف دادم,shopping
4907,2321 تومن خرید کیف کردم,shopping
4908,682 تومن خرج هزینه شخصی کردم,other
4909,2767 برای لوازم تحریر دادم,shopping
4910,4153 اجاره خونه پرداخت کردم,housing
4911,2394 تومن صبحونه خوردم,food
4912,1170 خرج کنسرت شد,entertainment
4913,1144 برای رفت و برگشت پرداخت کردم,transport
4914,222 تومن مترو گرفتم,transport
4915,3319 تومن قبض برق دادم,housing
4916,2758 تومن صبحونه گرفتم,food
4917,3056 تومن سوپرمارکت خریدم,shopping
4918,2902 هزینه کار اداری شد,other
4919,481 کرایه اتوبوس شد,transport
4920,34 برای میوه دادم,shopping
4921,3244 تومن شام گرفتم,food
4922,2000 برای هزینه شخصی پرداخت شد,other
4923,3758 تومن خرج کار اداری کردم,other
4924,253 اجاره خونه پرداخت کردم,housing
4925,3771 کرایه رفت و برگشت شد,transport
4926,555 تومن شام گرفتم,food
4927,سهم 3895 برق شد,housing
4928,662 تومن خرج هزینه متفرقه کردم,other
4929,سهم 3479 اجاره شد,housing
4930,4092 تومن خرید میوه کردم,shopping
4931,برای 4378 صبحونه تومن دادم,food
4932,3286 تومن دکتر رفتم,health
4933,2632 تومن بیف برگر خوردم,food
4934,برای 617 ساندویچ تومن دادم,food
4935,2191 برای سوپرمارکت دادم,shopping
4936,4494 تومن ناهار گرفتم,food
4937,1573 تومن ساندویچ خوردم,food
4938,3927 تومن خرید میوه کردم,shopping
4939,برای 4765 بازی دادم,entertainment
4940,4984 کرایه اسنپ شد,transport
4941,2092 برای هزینه شخصی پرداخت شد,other
4942,برای 4710 کباب تومن دادم,food
4943,44 تومن بیف برگر خوردم,food
4944,1231 برای سوپرمارکت دادم,shopping
4945,4562 تومن دکتر رفتم,health
4946,3379 تومن خرج هزینه متفرقه کردم,other
4947,1344 برای لوازم تحریر دادم,shopping
4948,485 برای کیف دادم,shopping
4949,3282 تومن خرید کیف کردم,shopping
4950,1531 تومن قبض شارژ ساختمان دادم,housing
4951,1713 تومن قبض گاز دادم,housing
4952,1229 تومن هزینه ویزیت شد,health
4953,خرید 1209 ویزیت تومن,health
4954,برای 3636 کباب تومن دادم,food
4955,سهم 222 برق شد,housing
4956,برای 4238 کافی شاپ دادم,entertainment
4957,4059 تومن قبض آب دادم,housing
4958,برای 4307 ناهار تومن دادم,food
4959,946 برای هزینه متفرقه پرداخت شد,other
4960,247 تومن مترو گرفتم,transport
4961,برای 4244 کباب تومن دادم,food
4962,2433 خرج شهربازی شد,entertainment
4963,خرید 3174 دندانپزشک تومن,health
4964,316 تومن تاکسی گرفتم,transport
4965,3041 تومن اتوبوس گرفتم,transport
4966,1502 تومن صبحونه خوردم,food
4967,1569 تومن خرید لوازم تحریر کردم,shopping
4968,1108 برای اتوبوس پرداخت کردم,transport
4969,3134 خرج کافی شاپ شد,entertainment
4970,3703 تومن کباب خوردم,food
4971,برای 580 کنسرت دادم,entertainment
4972,4545 تومن خرید لوازم تحریر کردم,shopping
4973,برای 4548 بیف برگر تومن دادم,food
4974,2720 تومن صبحونه خوردم,food
4975,1168 برای اسنپ پرداخت کردم,transport
4976,4885 تومن شام خوردم,food
4977,142 تومن قبض اجاره دادم,housing
4978,3352 تومن کباب گرفتم,food
4979,برای 3094 ناهار تومن دادم,food
4980,برای 3333 ساندویچ تومن دادم,food
4981,2361 تومن هزینه دارو شد,health
4982,خرید 677 ویزیت تومن,health
4983,سهم 4038 برق شد,housing
4984,806 تومن اسنپ گرفتم,transport
4985,542 تومن خرید میوه کردم,shopping
4986,3299 کرایه تاکسی شد,transport
4987,2630 کرایه تاکسی شد,transport
4988,1795 تومن بازی رفتم,entertainment
4989,2099 برای رفت و برگشت پرداخت کردم,transport
4990,4964 تومن هزینه دندانپزشک شد,health
4991,4201 هزینه کار اداری شد,other
4992,3256 برای لوازم تحریر دادم,shopping
4993,برای 418 شام تومن دادم,food
4994,سهم 2148 اجاره شد,housing
4995,خرید 1029 ویزیت تومن,health
4996,2407 تومن قبض برق دادم,housing
4997,سهم 1374 شارژ ساختمان شد,housing
4998,برای 1618 بیف برگر تومن دادم,food
4999,3537 اجاره خونه پرداخت کردم,housing
5000,خرید 2321 ویزیت تومن,health
5001,برای 4826 بیف برگر تومن دادم,food
5002,3753 برای هزینه متفرقه پرداخت شد,other
5003,4226 اجاره خونه پرداخت کردم,housing
5004,2228 تومن قبض برق دادم,housing
5005,1188 تومن خرید کیف کردم,shopping
5006,1480 تومن اتوبوس گرفتم,transport
5007,2636 اجاره خونه پرداخت کردم,housing
5008,4820 تومن هزینه دندانپزشک شد,health
5009,991 تومن بیف برگر گرفتم,food
5010,2392 تومن خرج هزینه متفرقه کردم,other
5011,سهم 4403 شارژ ساختمان شد,housing
5012,2315 تومن کباب گرفتم,food
5013,1206 تومن خرید میوه کردم,shopping
5014,خرید 1120 ویزیت تومن,health
5015,2691 کرایه اسنپ شد,transport
5016,3606 تومن بیف برگر خوردم,food
5017,3551 تومن مترو گرفتم,transport
5018,1489 کرایه رفت و برگشت شد,transport
5019,برای 2773 سینما دادم,entertainment
5020,2943 تومن هزینه دارو شد,health
5021,3219 اجاره خونه پرداخت کردم,housing
5022,خرید 721 دندانپزشک تومن,health
5023,1792 خرج شهربازی شد,entertainment
5024,3036 برای کار اداری پرداخت شد,other
5025,4741 برای لباس دادم,shopping
5026,752 تومن دکتر رفتم,health
5027,3520 تومن بازی رفتم,entertainment
5028,2137 برای هزینه شخصی پرداخت شد,other
5029,1495 هزینه هزینه شخصی شد,other
5030,2038 تومن پیتزا خوردم,food
5031,2589 تومن ساندویچ گرفتم,food
5032,2228 تومن هزینه دارو شد,health
5033,برای 368 سینما دادم,entertainment
5034,4978 تومن سینما رفتم,entertainment
5035,خرید 2761 دندانپزشک تومن,health
5036,سهم 4207 برق شد,housing
5037,خرید 1840 ویزیت تومن,health
5038,2515 برای میوه دادم,shopping
5039,3235 تومن رفت و برگشت گرفتم,transport
5040,2702 تومن اسنپ گرفتم,transport
5041,2189 تومن تاکسی گرفتم,transport
5042,1618 تومن تاکسی گرفتم,transport
5043,2987 تومن خرید لوازم تحریر کردم,shopping
5044,4370 اجاره خونه پرداخت کردم,housing
5045,783 تومن خرید سوپرمارکت کردم,shopping
5046,2619 تومن هزینه آزمایش شد,health
5047,خرید 609 دندانپزشک تومن,health
5048,4896 برای هزینه متفرقه پرداخت شد,other
5049,2765 تومن قبض برق دادم,housing
5050,1894 کرایه اتوبوس شد,transport
5051,1020 برای تاکسی پرداخت کردم,transport
5052,4025 تومن قبض اجاره دادم,housing
5053,1725 تومن رفت و برگشت گرفتم,transport
5054,3476 تومن صبحونه خوردم,food
5055,2746 تومن خرید لباس کردم,shopping
5056,3081 تومن میوه خریدم,shopping
5057,4770 تومن خرج هزینه شخصی کردم,other
5058,خرید 1330 دارو تومن,health
5059,2579 کرایه تاکسی شد,transport
5060,2525 برای کار اداری پرداخت شد,other
5061,1400 تومن خرج هزینه شخصی کردم,other
5062,سهم 2337 برق شد,housing
5063,4667 برای کار اداری پرداخت شد,other
5064,1461 برای لباس دادم,shopping
5065,برای 4284 شهربازی دادم,entertainment
5066,سهم 884 گاز شد,housing
5067,2361 تومن خرید کیف کردم,shopping
5068,خرید 1861 دارو تومن,health
5069,خرید 3808 دارو تومن,health
5070,سهم 1565 برق شد,housing
5071,3159 برای اتوبوس پرداخت کردم,transport
5072,4522 تومن اتوبوس گرفتم,transport
5073,4091 برای هزینه متفرقه پرداخت شد,other
5074,خرید 542 ویزیت تومن,health
5075,988 کرایه اتوبوس شد,transport
5076,1667 خرج کافی شاپ شد,entertainment
5077,4790 تومن خرج هزینه شخصی کردم,other
5078,4240 تومن رفت و برگشت گرفتم,transport
5079,2852 خرج شهربازی شد,entertainment
5080,خرید 2649 ویزیت تومن,health
5081,2817 خرج کنسرت شد,entertainment
5082,سهم 3131 برق شد,housing
5083,4731 تومن بازی رفتم,entertainment
5084,1564 تومن خرید کیف کردم,shopping
5085,برای 1846 کافی شاپ دادم,entertainment
5086,4238 کرایه مترو شد,transport
5087,4147 تومن هزینه دارو شد,health
5088,3480 هزینه کار اداری شد,other
5089,3889 هزینه کار اداری شد,other
5090,854 تومن صبحونه خوردم,food
5091,1699 تومن بازی رفتم,entertainment
5092,برای 1003 پیتزا تومن دادم,food
5093,برای 3318 کافی شاپ دادم,entertainment
5094,خرید 1453 دارو تومن,health
5095,3073 تومن لوازم تحریر خریدم,shopping
5096,3104 تومن سینما رفتم,entertainment
5097,107 کرایه اسنپ شد,transport
5098,1471 تومن دکتر رفتم,health
5099,خرید 2785 ویزیت تومن,health
5100,4989 کرایه اسنپ شد,transport
5101,3006 برای کیف دادم,shopping
5102,خرید 4807 ویزیت تومن,health
5103,2680 کرایه مترو شد,transport
5104,3944 تومن پیتزا خوردم,food
5105,4081 برای اتوبوس پرداخت کردم,transport
5106,برای 2657 کنسرت دادم,entertainment
5107,3589 اجاره خونه پرداخت کردم,housing
5108,61 برای هزینه شخصی پرداخت شد,other
5109,1796 خرج کنسرت شد,entertainment
5110,4767 تومن خرید لباس کردم,shopping
5111,برای 3480 کباب تومن دادم,food
5112,2979 برای هزینه شخصی پرداخت شد,other
5113,1775 تومن رفت و برگشت گرفتم,transport
5114,برای 1032 پیتزا تومن دادم,food
5115,2050 اجاره خونه پرداخت کردم,housing
5116,خرید 776 آزمایش تومن,health
5117,4672 تومن سوپرمارکت خریدم,shopping
5118,4515 تومن هزینه آزمایش شد,health
5119,259 تومن قبض شارژ ساختمان دادم,housing
5120,4859 تومن کباب خوردم,food
5121,384 تومن هزینه آزمایش شد,health
5122,4508 تومن بیف برگر گرفتم,food
5123,3831 برای میوه دادم,shopping
5124,816 تومن هزینه دارو شد,health
5125,3687 تومن کیف خریدم,shopping
5126,3985 تومن سینما رفتم,entertainment
5127,سهم 2215 اجاره شد,housing
5128,293 تومن بازی رفتم,entertainment
5129,4915 تومن کیف خریدم,shopping
5130,خرید 1851 آزمایش تومن,health
5131,4754 تومن هزینه دندانپزشک شد,health
5132,خرید 76 ویزیت تومن,health
5133,1877 اجاره خونه پرداخت کردم,housing
5134,4670 خرج سینما شد,entertainment
5135,3169 تومن خرج هزینه شخصی کردم,other
5136,3338 تومن هزینه ویزیت شد,health
5137,3775 هزینه کار اداری شد,other
5138,2439 برای اتوبوس پرداخت کردم,transport
5139,خرید 4386 دندانپزشک تومن,health
5140,2843 تومن قبض گاز دادم,housing
5141,1499 هزینه کار اداری شد,other
5142,2580 هزینه هزینه متفرقه شد,other
5143,388 تومن قبض گاز دادم,housing
5144,4982 تومن بازی رفتم,entertainment
5145,565 هزینه کار اداری شد,other
5146,3012 کرایه تاکسی شد,transport
5147,4609 برای هزینه متفرقه پرداخت شد,other
5148,2876 تومن خرید کیف کردم,shopping
5149,790 تومن کباب خوردم,food
5150,675 تومن دکتر رفتم,health
5151,سهم 2491 گاز شد,housing
5152,227 تومن دکتر رفتم,health
5153,451 برای سوپرمارکت دادم,shopping
5154,4465 تومن قبض اجاره دادم,housing
5155,4671 خرج کنسرت شد,entertainment
5156,1476 خرج بازی شد,entertainment
5157,220 برای کار اداری پرداخت شد,other
5158,برای 4201 بیف برگر تومن دادم,food
5159,4918 برای کار اداری پرداخت شد,other
5160,4365 تومن اتوبوس گرفتم,transport
5161,4849 تومن سینما رفتم,entertainment
5162,1906 برای لوازم تحریر دادم,shopping
5163,2309 تومن بیف برگر گرفتم,food
5164,برای 4443 ساندویچ تومن دادم,food
5165,برای 1565 شهربازی دادم,entertainment
5166,3639 تومن خرج هزینه شخصی کردم,other
5167,333 تومن هزینه دارو شد,health
5168,871 برای کیف دادم,shopping
5169,1428 تومن هزینه دندانپزشک شد,health
5170,2086 کرایه تاکسی شد,transport
5171,برای 550 پیتزا تومن دادم,food
5172,867 برای کار اداری پرداخت شد,other
5173,1745 تومن کیف خریدم,shopping
5174,برای 1588 بیف برگر تومن دادم,food
5175,4730 تومن میوه خریدم,shopping
5176,1722 تومن دکتر رفتم,health
5177,4956 تومن خرید لوازم تحریر کردم,shopping
5178,1321 تومن دکتر رفتم,health
5179,929 تومن قبض گاز دادم,housing
5180,3922 تومن شام گرفتم,food
5181,892 تومن تاکسی گرفتم,transport
5182,1207 هزینه هزینه متفرقه شد,other
5183,4212 تومن خرید میوه کردم,shopping
5184,1162 کرایه تاکسی شد,transport
5185,1813 تومن قبض آب دادم,housing
5186,4652 تومن ساندویچ خوردم,food
5187,3663 برای مترو پرداخت کردم,transport
5188,سهم 520 اجاره شد,housing
5189,4262 تومن هزینه ویزیت شد,health
5190,3902 هزینه هزینه متفرقه شد,other
5191,769 خرج کافی شاپ شد,entertainment
5192,3668 خرج شهربازی شد,entertainment
5193,3414 هزینه هزینه شخصی شد,other
5194,3599 تومن کیف خریدم,shopping
5195,2513 برای هزینه شخصی پرداخت شد,other
5196,برای 3277 سینما دادم,entertainment
5197,3707 هزینه کار اداری شد,other
5198,3256 تومن هزینه ویزیت شد,health
5199,4168 اجاره خونه پرداخت کردم,housing
5200,2300 اجاره خونه پرداخت کردم,housing
5201,1773 تومن خرج هزینه متفرقه کردم,other
5202,474 تومن دکتر رفتم,health
5203,1405 برای لوازم تحریر دادم,shopping
5204,4595 تومن خرج هزینه متفرقه کردم,other
5205,4487 تومن بیف برگر خوردم,food
5206,برای 2275 شهربازی دادم,entertainment
5207,4192 برای اتوبوس پرداخت کردم,transport
5208,1425 تومن دکتر رفتم,health
5209,315 تومن ساندویچ خوردم,food
5210,2159 تومن هزینه دارو شد,health
5211,890 برای میوه دادم,shopping
5212,2253 تومن رفت و برگشت گرفتم,transport
5213,1294 تومن لباس خریدم,shopping
5214,306 تومن تاکسی گرفتم,transport
5215,698 تومن مترو گرفتم,transport
5216,2600 برای تاکسی پرداخت کردم,transport
5217,برای 3748 شهربازی دادم,entertainment
5218,3786 اجاره خونه پرداخت کردم,housing
5219,سهم 4278 گاز شد,housing
5220,3047 برای هزینه شخصی پرداخت شد,other
5221,2643 برای مترو پرداخت کردم,transport
5222,3245 هزینه هزینه شخصی شد,other
5223,سهم 4829 برق شد,housing
5224,4748 خرج کافی شاپ شد,entertainment
5225,4776 برای کار اداری پرداخت شد,other
5226,4505 کرایه رفت و برگشت شد,transport
5227,4398 برای تاکسی پرداخت کردم,transport
5228,4167 تومن خرج هزینه شخصی کردم,other
5229,888 برای اتوبوس پرداخت کردم,transport
5230,2372 تومن شام گرفتم,food
5231,612 تومن تاکسی گرفتم,transport
5232,4829 کرایه تاکسی شد,transport
5233,3579 تومن قبض آب دادم,housing
5234,4810 تومن دکتر رفتم,health
5235,500 تومن صبحونه گرفتم,food
5236,4148 تومن خرید لباس کردم,shopping
5237,برای 2813 بیف برگر تومن دادم,food
5238,1755 برای هزینه متفرقه پرداخت شد,other
5239,1268 تومن کباب خوردم,food
5240,خرید 2506 دارو تومن,health
5241,1060 تومن شام خوردم,food
5242,314 کرایه رفت و برگشت شد,transport
5243,2502 تومن شام گرفتم,food
5244,3360 برای اسنپ پرداخت کردم,transport
5245,2316 خرج بازی شد,entertainment
5246,63 تومن خرج هزینه شخصی کردم,other
5247,252 خرج کافی شاپ شد,entertainment
5248,1394 تومن بیف برگر گرفتم,food
5249,1548 تومن دکتر رفتم,health
5250,1550 تومن اتوبوس گرفتم,transport
5251,3530 تومن لباس خریدم,shopping
5252,403 برای رفت و برگشت پرداخت کردم,transport
5253,3098 تومن اسنپ گرفتم,transport
5254,1168 کرایه مترو شد,transport
5255,4107 تومن قبض اجاره دادم,housing
5256,2006 تومن کیف خریدم,shopping
5257,673 برای هزینه شخصی پرداخت شد,other
5258,خرید 1662 دارو تومن,health
5259,1226 تومن هزینه آزمایش شد,health
5260,1772 تومن شام گرفتم,food
5261,خرید 4393 دارو تومن,health
5262,3611 تومن شام خوردم,food
5263,1246 تومن تاکسی گرفتم,transport
5264,2186 خرج کنسرت شد,entertainment
5265,4142 تومن سوپرمارکت خریدم,shopping
5266,4408 تومن کنسرت رفتم,entertainment
5267,4928 برای کار اداری پرداخت شد,other
5268,691 تومن کباب خوردم,food
5269,270 تومن خرید سوپرمارکت کردم,shopping
5270,خرید 4929 دندانپزشک تومن,health
5271,978 تومن شام خوردم,food
5272,1541 تومن دکتر رفتم,health
5273,693 هزینه هزینه متفرقه شد,other
5274,برای 3946 ساندویچ تومن دادم,food
5275,4995 تومن دکتر رفتم,health
5276,3296 تومن لباس خریدم,shopping
5277,3119 تومن میوه خریدم,shopping
5278,1974 تومن هزینه آزمایش شد,health
5279,2423 تومن کافی شاپ رفتم,entertainment
5280,برای 647 کافی شاپ دادم,entertainment
5281,3421 تومن دکتر رفتم,health
5282,659 اجاره خونه پرداخت کردم,housing
5283,2753 تومن صبحونه خوردم,food
5284,2310 کرایه رفت و برگشت شد,transport
5285,2455 تومن کباب خوردم,food
5286,1806 هزینه هزینه شخصی شد,other
5287,685 تومن قبض آب دادم,housing
5288,1910 تومن کیف خریدم,shopping
5289,3264 هزینه کار اداری شد,other
5290,459 تومن خرید لباس کردم,shopping
5291,3542 تومن لباس خریدم,shopping
5292,1434 تومن کیف خریدم,shopping
5293,3179 تومن هزینه ویزیت شد,health
5294,4459 تومن تاکسی گرفتم,transport
5295,2737 تومن قبض برق دادم,housing
5296,3706 برای رفت و برگشت پرداخت کردم,transport
5297,3915 تومن سوپرمارکت خریدم,shopping
5298,2491 تومن خرید لوازم تحریر کردم,shopping
5299,4313 تومن خرج هزینه شخصی کردم,other
5300,4447 تومن بیف برگر خوردم,food
5301,سهم 2938 آب شد,housing
5302,3359 تومن کباب گرفتم,food
5303,2234 تومن خرید لوازم تحریر کردم,shopping
5304,4889 تومن سوپرمارکت خریدم,shopping
5305,3609 تومن کافی شاپ رفتم,entertainment
5306,4065 تومن صبحونه گرفتم,food
5307,4130 کرایه رفت و برگشت شد,transport
5308,2102 تومن شهربازی رفتم,entertainment
5309,2406 برای هزینه شخصی پرداخت شد,other
5310,3111 برای کیف دادم,shopping
5311,4901 برای اتوبوس پرداخت کردم,transport
5312,2482 تومن بازی رفتم,entertainment
5313,2289 تومن ناهار خوردم,food
5314,برای 4471 بیف برگر تومن دادم,food
5315,521 هزینه کار اداری شد,other
5316,1797 تومن خرج هزینه شخصی کردم,other
5317,3353 کرایه تاکسی شد,transport
5318,2961 تومن شهربازی رفتم,entertainment
5319,سهم 4269 اجاره شد,housing
5320,2361 تومن صبحونه گرفتم,food
5321,4830 تومن هزینه دارو شد,health
5322,2457 تومن خرج هزینه شخصی کردم,other
5323,1270 تومن رفت و برگشت گرفتم,transport
5324,844 تومن هزینه دارو شد,health
5325,4169 تومن رفت و برگشت گرفتم,transport
5326,خرید 3014 دندانپزشک تومن,health
5327,سهم 950 اجاره شد,housing
5328,4602 هزینه کار اداری شد,other
5329,خرید 892 آزمایش تومن,health
5330,327 تومن کیف خریدم,shopping
5331,برای 4571 کافی شاپ دادم,entertainment
5332,2501 تومن تاکسی گرفتم,transport
5333,2252 کرایه اسنپ شد,transport
5334,برای 4375 بازی دادم,entertainment
5335,4365 تومن خرج هزینه متفرقه کردم,other
5336,3651 تومن پیتزا گرفتم,food
5337,2670 تومن سوپرمارکت خریدم,shopping
5338,2597 تومن دکتر رفتم,health
5339,1222 خرج سینما شد,entertainment
5340,4676 تومن دکتر رفتم,health
5341,1718 تومن صبحونه خوردم,food
5342,575 برای میوه دادم,shopping
5343,501 خرج سینما شد,entertainment
5344,1237 برای میوه دادم,shopping
5345,1446 تومن ناهار خوردم,food
5346,2348 هزینه کار اداری شد,other
5347,4797 تومن دکتر رفتم,health
5348,3945 برای هزینه شخصی پرداخت شد,other
5349,سهم 3907 آب شد,housing
5350,4466 برای لوازم تحریر دادم,shopping
5351,برای 798 کنسرت دادم,entertainment
5352,خرید 3517 دارو تومن,health
5353,برای 3847 کباب تومن دادم,food
5354,برای 2565 بازی دادم,entertainment
5355,360 تومن قبض گاز دادم,housing
5356,256 تومن لباس خریدم,shopping
5357,1523 تومن شهربازی رفتم,entertainment
5358,2598 تومن شام گرفتم,food
5359,536 کرایه اتوبوس شد,transport
5360,107 تومن خرید سوپرمارکت کردم,shopping
5361,برای 632 شهربازی دادم,entertainment
5362,2306 تومن سینما رفتم,entertainment
5363,4613 برای هزینه متفرقه پرداخت شد,other
5364,1399 تومن دکتر رفتم,health
5365,خرید 2253 ویزیت تومن,health
5366,1915 برای هزینه شخصی پرداخت شد,other
5367,خرید 925 ویزیت تومن,health
5368,1966 تومن پیتزا خوردم,food
5369,3627 تومن ساندویچ خوردم,food
5370,4902 تومن سینما رفتم,entertainment
5371,برای 1221 کافی شاپ دادم,entertainment
5372,4152 تومن کباب گرفتم,food
5373,1505 تومن خرید کیف کردم,shopping
5374,714 تومن اسنپ گرفتم,transport
5375,1738 تومن پیتزا خوردم,food
5376,4950 تومن خرید لباس کردم,shopping
5377,3594 تومن هزینه آزمایش شد,health
5378,4738 هزینه کار اداری شد,other
5379,3263 برای سوپرمارکت دادم,shopping
5380,1146 تومن هزینه دندانپزشک شد,health
5381,145 تومن کیف خریدم,shopping
5382,4573 تومن پیتزا گرفتم,food
5383,2899 تومن لباس خریدم,shopping
5384,3760 هزینه هزینه شخصی شد,other
5385,3338 برای اسنپ پرداخت کردم,transport
5386,920 تومن مترو گرفتم,transport
5387,سهم 2409 برق شد,housing
5388,3932 برای اسنپ پرداخت کردم,transport
5389,برای 2330 شهربازی دادم,entertainment
5390,528 خرج سینما شد,entertainment
5391,4745 تومن میوه خریدم,shopping
5392,4146 هزینه هزینه شخصی شد,other
5393,2727 تومن خرید لباس کردم,shopping
5394,3988 تومن کنسرت رفتم,entertainment
5395,4991 تومن کیف خریدم,shopping
5396,2757 تومن خرید سوپرمارکت کردم,shopping
5397,2067 تومن کافی شاپ رفتم,entertainment
5398,سهم 381 شارژ ساختمان شد,housing
5399,1508 تومن صبحونه خوردم,food
5400,برای 917 کافی شاپ دادم,entertainment
5401,1508 تومن اسنپ گرفتم,transport
5402,4598 برای میوه دادم,shopping
5403,1068 تومن سوپرمارکت خریدم,shopping
5404,978 تومن دکتر رفتم,health
5405,791 هزینه هزینه شخصی شد,other
5406,4397 تومن کافی شاپ رفتم,entertainment
5407,100 تومن قبض گاز دادم,housing
5408,40 تومن قبض آب دادم,housing
5409,3901 تومن کباب گرفتم,food
5410,280 تومن خرج هزینه شخصی کردم,other
5411,4119 تومن قبض گاز دادم,housing
5412,2764 برای اتوبوس پرداخت کردم,transport
5413,1951 برای هزینه شخصی پرداخت شد,other
5414,برای 3406 ناهار تومن دادم,food
5415,4351 برای رفت و برگشت پرداخت کردم,transport
5416,3502 کرایه اتوبوس شد,transport
5417,2607 تومن خرج کار اداری کردم,other
5418,برای 3083 کافی شاپ دادم,entertainment
5419,4468 تومن سوپرمارکت خریدم,shopping
5420,2705 تومن خرج هزینه متفرقه کردم,other
5421,برای 1464 بیف برگر تومن دادم,food
5422,4185 تومن دکتر رفتم,health
5423,3307 برای میوه دادم,shopping
5424,336 تومن هزینه آزمایش شد,health
5425,1074 هزینه هزینه متفرقه شد,other
5426,3583 تومن دکتر رفتم,health
5427,1359 خرج سینما شد,entertainment
5428,3273 خرج سینما شد,entertainment
5429,356 تومن لباس خریدم,shopping
5430,3606 هزینه هزینه متفرقه شد,other
5431,916 تومن لوازم تحریر خریدم,shopping
5432,4724 برای کیف دادم,shopping
5433,سهم 1868 گاز شد,housing
5434,برای 3025 کباب تومن دادم,food
5435,1127 تومن هزینه دارو شد,health
5436,556 اجاره خونه پرداخت کردم,housing
5437,3149 برای هزینه شخصی پرداخت شد,other
5438,216 تومن لباس خریدم,shopping
5439,3421 تومن اتوبوس گرفتم,transport
5440,4394 تومن لوازم تحریر خریدم,shopping
5441,4320 تومن قبض گاز دادم,housing
5442,4121 برای هزینه متفرقه پرداخت شد,other
5443,809 تومن خرید لباس کردم,shopping
5444,سهم 3535 شارژ ساختمان شد,housing
5445,برای 4502 بازی دادم,entertainment
5446,1691 تومن قبض آب دادم,housing
5447,348 کرایه تاکسی شد,transport
5448,1856 هزینه کار اداری شد,other
5449,1020 اجاره خونه پرداخت کردم,housing
5450,سهم 4899 اجاره شد,housing
5451,4700 هزینه کار اداری شد,other
5452,3651 تومن دکتر رفتم,health
5453,2670 اجاره خونه پرداخت کردم,housing
5454,3703 تومن خرید میوه کردم,shopping
5455,1948 برای هزینه شخصی پرداخت شد,other
5456,3584 تومن دکتر رفتم,health
5457,3055 تومن کافی شاپ رفتم,entertainment
5458,برای 4691 ساندویچ تومن دادم,food
5459,2381 تومن کنسرت رفتم,entertainment
5460,سهم 3877 شارژ ساختمان شد,housing
5461,2785 برای هزینه متفرقه پرداخت شد,other
5462,2198 تومن ناهار گرفتم,food
5463,2296 برای مترو پرداخت کردم,transport
5464,4276 تومن خرید کیف کردم,shopping
5465,3027 تومن شهربازی رفتم,entertainment
5466,2897 هزینه کار اداری شد,other
5467,667 برای کیف دادم,shopping
5468,295 تومن خرید میوه کردم,shopping
5469,4029 تومن خرید کیف کردم,shopping
5470,2570 تومن دکتر رفتم,health
5471,برای 2381 شهربازی دادم,entertainment
5472,4081 تومن دکتر رفتم,health
5473,3891 تومن کیف خریدم,shopping
5474,3721 برای رفت و برگشت پرداخت کردم,transport
5475,1757 برای هزینه متفرقه پرداخت شد,other
5476,خرید 3595 دارو تومن,health
5477,2141 تومن بازی رفتم,entertainment
5478,3949 تومن دکتر رفتم,health
5479,573 برای کیف دادم,shopping
5480,2946 کرایه رفت و برگشت شد,transport
5481,4860 تومن صبحونه گرفتم,food
5482,4254 تومن خرج هزینه شخصی کردم,other
5483,4197 هزینه هزینه شخصی شد,other
5484,4310 تومن دکتر رفتم,health
5485,3515 تومن ساندویچ گرفتم,food
5486,سهم 4943 شارژ ساختمان شد,housing
5487,سهم 4500 شارژ ساختمان شد,housing
5488,2644 تومن خرید کیف کردم,shopping
5489,1196 خرج کافی شاپ شد,entertainment
5490,سهم 2426 آب شد,housing
5491,2789 برای هزینه شخصی پرداخت شد,other
5492,2247 تومن خرج هزینه شخصی کردم,other
5493,2965 تومن قبض آب دادم,housing
5494,1330 اجاره خونه پرداخت کردم,housing
5495,757 هزینه کار اداری شد,other
5496,4755 تومن کنسرت رفتم,entertainment
5497,395 تومن سوپرمارکت خریدم,shopping
5498,3252 تومن پیتزا خوردم,food
5499,3506 تومن میوه خریدم,shopping
5500,4098 تومن هزینه آزمایش شد,health
5501,994 برای هزینه متفرقه پرداخت شد,other
5502,4640 تومن دکتر رفتم,health
5503,سهم 310 گاز شد,housing
5504,برای 3504 سینما دادم,entertainment
5505,1689 هزینه کار اداری شد,other
5506,برای 1219 کافی شاپ دادم,entertainment
5507,برای 1593 ساندویچ تومن دادم,food
5508,4755 خرج سینما شد,entertainment
5509,3604 هزینه هزینه متفرقه شد,other
5510,4829 تومن کنسرت رفتم,entertainment
5511,3434 تومن قبض اجاره دادم,housing
5512,سهم 4487 برق شد,housing
5513,93 تومن بیف برگر گرفتم,food
5514,4893 برای هزینه متفرقه پرداخت شد,other
5515,سهم 1280 شارژ ساختمان شد,housing
5516,1989 تومن بازی رفتم,entertainment
5517,برای 889 پیتزا تومن دادم,food
5518,1627 اجاره خونه پرداخت کردم,housing
5519,خرید 507 ویزیت تومن,health
5520,4913 تومن پیتزا گرفتم,food
5521,3986 هزینه کار اداری شد,other
5522,215 کرایه اتوبوس شد,transport
5523,سهم 4126 گاز شد,housing
5524,3433 تومن اتوبوس گرفتم,transport
5525,2015 برای هزینه متفرقه پرداخت شد,other
5526,2769 تومن پیتزا خوردم,food
5527,3387 برای هزینه شخصی پرداخت شد,other
5528,1912 تومن خرید لوازم تحریر کردم,shopping
5529,443 تومن لباس خریدم,shopping
5530,3818 کرایه رفت و برگشت شد,transport
5531,سهم 4700 شارژ ساختمان شد,housing
5532,سهم 1038 گاز شد,housing
5533,130 تومن خرج هزینه متفرقه کردم,other
5534,4345 برای هزینه شخصی پرداخت شد,other
5535,3691 برای تاکسی پرداخت کردم,transport
5536,4669 خرج کنسرت شد,entertainment
5537,1507 تومن پیتزا خوردم,food
5538,4257 اجاره خونه پرداخت کردم,housing
5539,924 اجاره خونه پرداخت کردم,housing
5540,سهم 1260 شارژ ساختمان شد,housing
5541,4742 برای اتوبوس پرداخت کردم,transport
5542,1376 هزینه هزینه شخصی شد,other
5543,1257 برای تاکسی پرداخت کردم,transport
5544,3978 خرج شهربازی شد,entertainment
5545,589 تومن لوازم تحریر خریدم,shopping
5546,خرید 408 دندانپزشک تومن,health
5547,3605 خرج سینما شد,entertainment
5548,3303 تومن خرج کار اداری کردم,other
5549,438 برای میوه دادم,shopping
5550,4137 تومن پیتزا گرفتم,food
5551,3590 تومن لباس خریدم,shopping
5552,3747 خرج سینما شد,entertainment
5553,3477 برای هزینه شخصی پرداخت شد,other
5554,2971 کرایه مترو شد,transport
5555,1315 اجاره خونه پرداخت کردم,housing
5556,3350 اجاره خونه پرداخت کردم,housing
5557,752 تومن کیف خریدم,shopping
5558,خرید 3503 آزمایش تومن,health
5559,خرید 2427 دندانپزشک تومن,health
5560,4456 تومن کباب گرفتم,food
5561,687 تومن خرج هزینه متفرقه کردم,other
5562,2677 تومن مترو گرفتم,transport
5563,683 تومن کافی شاپ رفتم,entertainment
5564,3094 تومن کنسرت رفتم,entertainment
5565,3459 تومن پیتزا خوردم,food
5566,3010 کرایه رفت و برگشت شد,transport
5567,1352 اجاره خونه پرداخت کردم,housing
5568,4657 تومن کیف خریدم,shopping
5569,1697 تومن خرید میوه کردم,shopping
5570,4561 تومن خرید لوازم تحریر کردم,shopping
5571,4629 خرج کنسرت شد,entertainment
5572,549 اجاره خونه پرداخت کردم,housing
5573,4369 تومن دکتر رفتم,health
5574,490 تومن بازی رفتم,entertainment
5575,441 هزینه کار اداری شد,other
5576,2200 تومن قبض اجاره دادم,housing
5577,4675 تومن ناهار خوردم,food
5578,2022 تومن دکتر رفتم,health
5579,1215 برای اتوبوس پرداخت کردم,transport
5580,4952 تومن هزینه دندانپزشک شد,health
5581,برای 1355 بیف برگر تومن دادم,food
5582,593 تومن میوه خریدم,shopping
5583,خرید 4864 دندانپزشک تومن,health
5584,3996 برای کار اداری پرداخت شد,other
5585,4073 کرایه اسنپ شد,transport
5586,2481 تومن خرج هزینه متفرقه کردم,other
5587,916 تومن هزینه آزمایش شد,health
5588,3919 تومن پیتزا گرفتم,food
5589,883 تومن تاکسی گرفتم,transport
5590,برای 1123 سینما دادم,entertainment
5591,2111 تومن کباب خوردم,food
5592,خرید 1034 ویزیت تومن,health
5593,خرید 386 ویزیت تومن,health
5594,2845 تومن میوه خریدم,shopping
5595,1521 تومن شام گرفتم,food
5596,3968 کرایه مترو شد,transport
5597,برای 1138 کنسرت دادم,entertainment
5598,3146 تومن ناهار گرفتم,food
5599,4271 تومن خرج هزینه متفرقه کردم,other
5600,3129 برای اسنپ پرداخت کردم,transport
5601,2999 هزینه کار اداری شد,other
5602,خرید 4058 ویزیت تومن,health
5603,1830 خرج کنسرت شد,entertainment
5604,924 تومن هزینه آزمایش شد,health
5605,2043 تومن شهربازی رفتم,entertainment
5606,3966 برای تاکسی پرداخت کردم,transport
5607,2184 تومن صبحونه گرفتم,food
5608,4254 تومن هزینه دارو شد,health
5609,4573 برای مترو پرداخت کردم,transport
5610,خرید 3117 آزمایش تومن,health
5611,4454 تومن ساندویچ گرفتم,food
5612,494 اجاره خونه پرداخت کردم,housing
5613,2493 برای مترو پرداخت کردم,transport
5614,3488 خرج بازی شد,entertainment
5615,4746 خرج کافی شاپ شد,entertainment
5616,خرید 2156 آزمایش تومن,health
5617,333 اجاره خونه پرداخت کردم,housing
5618,3152 تومن قبض گاز دادم,housing
5619,2225 تومن کیف خریدم,shopping
5620,4250 برای کیف دادم,shopping
5621,595 تومن بازی رفتم,entertainment
5622,1603 خرج بازی شد,entertainment
5623,برای 3308 سینما دادم,entertainment
5624,3409 برای اتوبوس پرداخت کردم,transport
5625,2510 تومن رفت و برگشت گرفتم,transport
5626,2496 تومن کیف خریدم,shopping
5627,2604 کرایه تاکسی شد,transport
5628,702 تومن خرید کیف کردم,shopping
5629,3756 برای کیف دادم,shopping
5630,1897 اجاره خونه پرداخت کردم,housing
5631,3877 اجاره خونه پرداخت کردم,housing
5632,4915 هزینه هزینه متفرقه شد,other
5633,3409 اجاره خونه پرداخت کردم,housing
5634,3791 اجاره خونه پرداخت کردم,housing
5635,4973 تومن دکتر رفتم,health
5636,2401 تومن مترو گرفتم,transport
5637,2247 تومن دکتر رفتم,health
5638,541 تومن کافی شاپ رفتم,entertainment
5639,1211 تومن قبض برق دادم,housing
5640,1237 برای هزینه شخصی پرداخت شد,other
5641,سهم 4430 گاز شد,housing
5642,3426 برای سوپرمارکت دادم,shopping
5643,219 تومن کباب خوردم,food
5644,391 کرایه رفت و برگشت شد,transport
5645,برای 1406 صبحونه تومن دادم,food
5646,سهم 3586 آب شد,housing
5647,3282 تومن بیف برگر گرفتم,food
5648,42 خرج بازی شد,entertainment
5649,3580 هزینه هزینه شخصی شد,other
5650,1809 کرایه تاکسی شد,transport
5651,4790 خرج کنسرت شد,entertainment
5652,برای 366 سینما دادم,entertainment
5653,114 تومن خرج هزینه شخصی کردم,other
5654,برای 2188 پیتزا تومن دادم,food
5655,3482 تومن خرج کار اداری کردم,other
5656,1115 تومن خرج کار اداری کردم,other
5657,برای 3683 پیتزا تومن دادم,food
5658,4786 تومن کباب خوردم,food
5659,سهم 4463 اجاره شد,housing
5660,3325 تومن قبض اجاره دادم,housing
5661,3361 تومن کافی شاپ رفتم,entertainment
5662,سهم 786 اجاره شد,housing
5663,3102 اجاره خونه پرداخت کردم,housing
5664,سهم 254 آب شد,housing
5665,4980 تومن اتوبوس گرفتم,transport
5666,380 برای میوه دادم,shopping
5667,4818 تومن هزینه ویزیت شد,health
5668,1828 تومن اتوبوس گرفتم,transport
5669,سهم 4784 گاز شد,housing
5670,1915 تومن سوپرمارکت خریدم,shopping
5671,4280 برای تاکسی پرداخت کردم,transport
5672,سهم 3107 گاز شد,housing
5673,2610 تومن هزینه ویزیت شد,health
5674,3691 تومن بازی رفتم,entertainment
5675,4175 تومن قبض گاز دادم,housing
5676,985 برای میوه دادم,shopping
5677,194 خرج کنسرت شد,entertainment
5678,خرید 1289 آزمایش تومن,health
5679,744 برای مترو پرداخت کردم,transport
5680,سهم 581 برق شد,housing
5681,برای 3865 صبحونه تومن دادم,food
5682,3064 اجاره خونه پرداخت کردم,housing
5683,2344 تومن لباس خریدم,shopping
5684,4164 تومن هزینه دندانپزشک شد,health
5685,3294 اجاره خونه پرداخت کردم,housing
5686,2142 کرایه اسنپ شد,transport
5687,3748 تومن دکتر رفتم,health
5688,837 تومن رفت و برگشت گرفتم,transport
5689,1903 هزینه هزینه شخصی شد,other
5690,3409 تومن هزینه دارو شد,health
5691,95 برای هزینه شخصی پرداخت شد,other
5692,668 برای لوازم تحریر دادم,shopping
5693,1663 کرایه اسنپ شد,transport
5694,403 تومن پیتزا گرفتم,food
5695,1768 تومن هزینه دارو شد,health
5696,خرید 4850 دندانپزشک تومن,health
5697,1688 تومن خرج هزینه شخصی کردم,other
5698,3472 تومن صبحونه گرفتم,food
5699,1317 تومن قبض اجاره دادم,housing
5700,1853 تومن ناهار گرفتم,food
5701,4472 برای سوپرمارکت دادم,shopping
5702,549 برای سوپرمارکت دادم,shopping
5703,4023 هزینه هزینه شخصی شد,other
5704,برای 2049 بازی دادم,entertainment
5705,868 تومن ناهار خوردم,food
5706,2708 تومن ساندویچ گرفتم,food
5707,4065 هزینه کار اداری شد,other
5708,4334 برای لوازم تحریر دادم,shopping
5709,758 تومن شام گرفتم,food
5710,4142 تومن خرج کار اداری کردم,other
5711,3089 تومن خرج کار اداری کردم,other
5712,برای 2404 صبحونه تومن دادم,food
5713,4968 هزینه هزینه متفرقه شد,other
5714,2527 تومن لوازم تحریر خریدم,shopping
5715,برای 1821 صبحونه تومن دادم,food
5716,3271 تومن لباس خریدم,shopping
5717,56 تومن قبض اجاره دادم,housing
5718,3300 کرایه رفت و برگشت شد,transport
5719,4356 برای لوازم تحریر دادم,shopping
5720,3688 کرایه رفت و برگشت شد,transport
5721,4472 تومن دکتر رفتم,health
5722,3005 اجاره خونه پرداخت کردم,housing
5723,3182 اجاره خونه پرداخت کردم,housing
5724,3110 برای سوپرمارکت دادم,shopping
5725,خرید 3007 دارو تومن,health
5726,4587 هزینه هزینه متفرقه شد,other
5727,برای 295 کنسرت دادم,entertainment
5728,763 تومن هزینه دارو شد,health
5729,برای 4485 شهربازی دادم,entertainment
5730,2038 تومن صبحونه خوردم,food
5731,3726 تومن خرج کار اداری کردم,other
5732,برای 527 صبحونه تومن دادم,food
5733,650 تومن هزینه دندانپزشک شد,health
5734,547 تومن کباب خوردم,food
5735,408 تومن خرج کار اداری کردم,other
5736,313 هزینه هزینه شخصی شد,other
5737,3946 برای هزینه شخصی پرداخت شد,other
5738,122 تومن کیف خریدم,shopping
5739,4612 هزینه کار اداری شد,other
5740,2968 تومن کنسرت رفتم,entertainment
5741,برای 3512 کنسرت دادم,entertainment
5742,161 تومن کنسرت رفتم,entertainment
5743,2214 برای رفت و برگشت پرداخت کردم,transport
5744,445 تومن ساندویچ گرفتم,food
5745,942 تومن بیف برگر خوردم,food
5746,3209 تومن میوه خریدم,shopping
5747,3263 تومن سینما رفتم,entertainment
5748,3856 تومن هزینه دارو شد,health
5749,برای 2981 کنسرت دادم,entertainment
5750,برای 3516 پیتزا تومن دادم,food
5751,2929 تومن کباب خوردم,food
5752,4379 تومن قبض شارژ ساختمان دادم,housing
5753,2333 اجاره خونه پرداخت کردم,housing
5754,4473 اجاره خونه پرداخت کردم,housing
5755,برای 1603 بیف برگر تومن دادم,food
5756,2131 تومن مترو گرفتم,transport
5757,270 اجاره خونه پرداخت کردم,housing
5758,3816 تومن کنسرت رفتم,entertainment
5759,2427 اجاره خونه پرداخت کردم,housing
5760,1345 برای لباس دادم,shopping
5761,2197 تومن خرید میوه کردم,shopping
5762,سهم 744 آب شد,housing
5763,3421 تومن سوپرمارکت خریدم,shopping
5764,1435 برای لوازم تحریر دادم,shopping
5765,937 برای تاکسی پرداخت کردم,transport
5766,814 تومن لوازم تحریر خریدم,shopping
5767,1419 تومن دکتر رفتم,health
5768,2141 تومن شام خوردم,food
5769,4339 برای اتوبوس پرداخت کردم,transport
5770,3660 تومن صبحونه گرفتم,food
5771,2297 تومن اتوبوس گرفتم,transport
5772,4093 برای هزینه متفرقه پرداخت شد,other
5773,916 کرایه رفت و برگشت شد,transport
5774,2016 اجاره خونه پرداخت کردم,housing
5775,2880 تومن خرید سوپرمارکت کردم,shopping
5776,3087 تومن خرج کار اداری کردم,other
5777,3811 اجاره خونه پرداخت کردم,housing
5778,4294 تومن شام گرفتم,food
5779,سهم 2850 گاز شد,housing
5780,4160 برای اتوبوس پرداخت کردم,transport
5781,39 اجاره خونه پرداخت کردم,housing
5782,2586 تومن لوازم تحریر خریدم,shopping
5783,1143 تومن خرید میوه کردم,shopping
5784,2479 تومن صبحونه خوردم,food
5785,برای 1590 شام تومن دادم,food
5786,4731 کرایه اتوبوس شد,transport
5787,2164 تومن خرید لباس کردم,shopping
5788,3789 برای لوازم تحریر دادم,shopping
5789,2593 برای هزینه متفرقه پرداخت شد,other
5790,886 تومن شام گرفتم,food
5791,4443 اجاره خونه پرداخت کردم,housing
5792,3436 برای کار اداری پرداخت شد,other
5793,4141 برای هزینه متفرقه پرداخت شد,other
5794,3980 خرج سینما شد,entertainment
5795,4514 اجاره خونه پرداخت کردم,housing
5796,خرید 2481 دارو تومن,health
5797,3381 برای کیف دادم,shopping
5798,326 تومن ناهار خوردم,food
5799,خرید 1775 ویزیت تومن,health
5800,خرید 4507 ویزیت تومن,health
5801,برای 4143 ساندویچ تومن دادم,food
5802,2204 تومن کافی شاپ رفتم,entertainment
5803,3514 تومن دکتر رفتم,health
5804,برای 609 کباب تومن دادم,food
5805,3790 برای میوه دادم,shopping
5806,برای 2481 کباب تومن دادم,food
5807,1882 برای هزینه شخصی پرداخت شد,other
5808,4502 تومن دکتر رفتم,health
5809,2753 هزینه هزینه متفرقه شد,other
5810,1532 هزینه هزینه شخصی شد,other
5811,برای 2884 سینما دادم,entertainment
5812,برای 4801 شهربازی دادم,entertainment
5813,4845 اجاره خونه پرداخت کردم,housing
5814,3985 تومن خرج کار اداری کردم,other
5815,848 برای کار اداری پرداخت شد,other
5816,3712 تومن پیتزا خوردم,food
5817,4773 هزینه هزینه متفرقه شد,other
5818,4435 برای سوپرمارکت دادم,shopping
5819,1279 تومن قبض برق دادم,housing
5820,3354 تومن خرید لوازم تحریر کردم,shopping
5821,سهم 2895 شارژ ساختمان شد,housing
5822,برای 137 کنسرت دادم,entertainment
5823,سهم 3780 گاز شد,housing
5824,سهم 1391 برق شد,housing
5825,4132 تومن هزینه دارو شد,health
5826,298 برای لوازم تحریر دادم,shopping
5827,4042 تومن بیف برگر گرفتم,food
5828,1138 تومن خرج هزینه متفرقه کردم,other
5829,210 تومن هزینه دندانپزشک شد,health
5830,3589 کرایه اتوبوس شد,transport
5831,سهم 1323 اجاره شد,housing
5832,خرید 2982 ویزیت تومن,health
5833,2656 برای لباس دادم,shopping
5834,4089 تومن قبض برق دادم,housing
5835,3012 هزینه کار اداری شد,other
5836,2649 تومن شهربازی رفتم,entertainment
5837,برای 4883 بازی دادم,entertainment
5838,4412 تومن ناهار گرفتم,food
5839,404 خرج سینما شد,entertainment
5840,سهم 3090 آب شد,housing
5841,برای 1026 کنسرت دادم,entertainment
5842,4773 تومن هزینه دارو شد,health
5843,برای 4419 کافی شاپ دادم,entertainment
5844,1047 تومن اتوبوس گرفتم,transport
5845,سهم 1152 برق شد,housing
5846,4236 هزینه هزینه شخصی شد,other
5847,3098 کرایه تاکسی شد,transport
5848,سهم 2235 گاز شد,housing
5849,2338 تومن شام گرفتم,food
5850,4775 تومن تاکسی گرفتم,transport
5851,320 تومن تاکسی گرفتم,transport
5852,3479 تومن قبض گاز دادم,housing
5853,2281 تومن مترو گرفتم,transport
5854,1493 تومن کنسرت رفتم,entertainment
5855,482 تومن رفت و برگشت گرفتم,transport
5856,خرید 2077 آزمایش تومن,health
5857,2632 تومن دکتر رفتم,health
5858,761 تومن اتوبوس گرفتم,transport
5859,292 تومن ناهار خوردم,food
5860,خرید 4059 آزمایش تومن,health
5861,4990 تومن رفت و برگشت گرفتم,transport
5862,4478 کرایه اسنپ شد,transport
5863,1799 برای میوه دادم,shopping
5864,1173 تومن قبض آب دادم,housing
5865,4356 تومن کباب گرفتم,food
5866,2784 کرایه مترو شد,transport
5867,323 تومن صبحونه گرفتم,food
5868,737 برای سوپرمارکت دادم,shopping
5869,3115 تومن رفت و برگشت گرفتم,transport
5870,خرید 1021 ویزیت تومن,health
5871,خرید 4594 دارو تومن,health
5872,2738 تومن دکتر رفتم,health
5873,4268 تومن خرید لباس کردم,shopping
5874,4719 تومن خرید سوپرمارکت کردم,shopping
5875,1642 تومن ناهار گرفتم,food
5876,2016 تومن خرج کار اداری کردم,other
5877,برای 2152 کافی شاپ دادم,entertainment
5878,4826 خرج بازی شد,entertainment
5879,1276 خرج کافی شاپ شد,entertainment
5880,390 تومن شهربازی رفتم,entertainment
5881,3714 تومن سینما رفتم,entertainment
5882,135 تومن قبض شارژ ساختمان دادم,housing
5883,4652 تومن خرج هزینه متفرقه کردم,other
5884,سهم 114 آب شد,housing
5885,سهم 4209 اجاره شد,housing
5886,67 تومن قبض شارژ ساختمان دادم,housing
5887,2059 تومن دکتر رفتم,health
5888,1893 تومن لوازم تحریر خریدم,shopping
5889,2125 برای اتوبوس پرداخت کردم,transport
5890,2933 تومن اسنپ گرفتم,transport
5891,2124 هزینه کار اداری شد,other
5892,1850 تومن خرید کیف کردم,shopping
5893,برای 1940 سینما دادم,entertainment
5894,4142 تومن خرج هزینه شخصی کردم,other
5895,923 تومن رفت و برگشت گرفتم,transport
5896,4206 تومن قبض برق دادم,housing
5897,2275 تومن دکتر رفتم,health
5898,1177 برای لباس دادم,shopping
5899,1748 برای هزینه متفرقه پرداخت شد,other
5900,1224 تومن خرید لوازم تحریر کردم,shopping
5901,سهم 2009 برق شد,housing
5902,2634 تومن کنسرت رفتم,entertainment
5903,4297 تومن ساندویچ خوردم,food
5904,395 تومن قبض آب دادم,housing
5905,2684 تومن رفت و برگشت گرفتم,transport
5906,برای 616 بیف برگر تومن دادم,food
5907,3419 تومن شهربازی رفتم,entertainment
5908,3647 برای لوازم تحریر دادم,shopping
5909,252 برای لباس دادم,shopping
5910,4591 خرج کافی شاپ شد,entertainment
5911,3400 تومن خرید لباس کردم,shopping
5912,717 تومن خرید سوپرمارکت کردم,shopping
5913,1857 تومن هزینه دندانپزشک شد,health
5914,3662 تومن خرج هزینه متفرقه کردم,other
5915,570 تومن خرید میوه کردم,shopping
5916,3361 تومن قبض اجاره دادم,housing
5917,4103 هزینه هزینه شخصی شد,other
5918,4858 تومن خرید سوپرمارکت کردم,shopping
5919,سهم 1865 شارژ ساختمان شد,housing
5920,خرید 3795 دندانپزشک تومن,health
5921,3013 تومن پیتزا خوردم,food
5922,3888 هزینه کار اداری شد,other
5923,367 اجاره خونه پرداخت کردم,housing
5924,سهم 1215 برق شد,housing
5925,1101 تومن لوازم تحریر خریدم,shopping
5926,852 تومن صبحونه گرفتم,food
5927,2571 برای اتوبوس پرداخت کردم,transport
5928,1061 تومن پیتزا خوردم,food
5929,سهم 714 آب شد,housing
5930,4378 خرج شهربازی شد,entertainment
5931,4921 خرج کنسرت شد,entertainment
5932,1016 خرج کنسرت شد,entertainment
5933,برای 2823 پیتزا تومن دادم,food
5934,خرید 3115 آزمایش تومن,health
5935,4225 تومن کافی شاپ رفتم,entertainment
5936,خرید 3468 ویزیت تومن,health
5937,4072 برای سوپرمارکت دادم,shopping
5938,3631 کرایه رفت و برگشت شد,transport
5939,1218 تومن هزینه دارو شد,health
5940,2067 تومن بیف برگر گرفتم,food
5941,535 برای لباس دادم,shopping
5942,1678 برای مترو پرداخت کردم,transport
5943,1122 اجاره خونه پرداخت کردم,housing
5944,برای 2304 کافی شاپ دادم,entertainment
5945,2709 تومن سوپرمارکت خریدم,shopping
5946,1190 اجاره خونه پرداخت کردم,housing
5947,2048 تومن مترو گرفتم,transport
5948,2299 تومن خرج هزینه شخصی کردم,other
5949,2304 برای کار اداری پرداخت شد,other
5950,979 تومن اسنپ گرفتم,transport
5951,4985 کرایه اتوبوس شد,transport
5952,502 تومن شام خوردم,food
5953,445 تومن خرید کیف کردم,shopping
5954,4556 تومن صبحونه گرفتم,food
5955,3408 تومن بیف برگر گرفتم,food
5956,خرید 576 ویزیت تومن,health
5957,3800 تومن قبض شارژ ساختمان دادم,housing
5958,820 هزینه هزینه شخصی شد,other
5959,3964 تومن رفت و برگشت گرفتم,transport
5960,2174 خرج کنسرت شد,entertainment
5961,1558 تومن مترو گرفتم,transport
5962,4641 برای کار اداری پرداخت شد,other
5963,2026 تومن هزینه آزمایش شد,health
5964,1817 تومن قبض شارژ ساختمان دادم,housing
5965,2048 تومن هزینه ویزیت شد,health
5966,1183 تومن میوه خریدم,shopping
5967,4688 تومن دکتر رفتم,health
5968,4513 هزینه هزینه شخصی شد,other
5969,984 تومن رفت و برگشت گرفتم,transport
5970,705 خرج کنسرت شد,entertainment
5971,3225 تومن مترو گرفتم,transport
5972,3623 اجاره خونه پرداخت کردم,housing
5973,1283 تومن هزینه ویزیت شد,health
5974,4738 اجاره خونه پرداخت کردم,housing
5975,996 تومن هزینه آزمایش شد,health
5976,135 تومن خرج کار اداری کردم,other
5977,3104 خرج کنسرت شد,entertainment
5978,1552 تومن شهربازی رفتم,entertainment
5979,942 تومن ناهار خوردم,food
5980,4798 تومن قبض برق دادم,housing
5981,1206 هزینه کار اداری شد,other
5982,خرید 3385 ویزیت تومن,health
5983,3720 تومن دکتر رفتم,health
5984,4766 برای سوپرمارکت دادم,shopping
5985,1451 برای هزینه متفرقه پرداخت شد,other
5986,468 تومن کنسرت رفتم,entertainment
5987,برای 1394 کباب تومن دادم,food
5988,3801 تومن خرج هزینه متفرقه کردم,other
5989,1318 هزینه هزینه شخصی شد,other
5990,2955 تومن کیف خریدم,shopping
5991,3054 تومن خرج هزینه شخصی کردم,other
5992,916 هزینه هزینه متفرقه شد,other
5993,3274 تومن ناهار خوردم,food
5994,953 تومن رفت و برگشت گرفتم,transport
5995,3254 تومن سوپرمارکت خریدم,shopping
5996,3665 خرج بازی شد,entertainment
5997,خرید 3875 ویزیت تومن,health
5998,سهم 4895 شارژ ساختمان شد,housing
5999,2395 تومن قبض شارژ ساختمان دادم,housing
6000,750 تومن کنسرت رفتم,entertainment
6001,برای 1626 پیتزا تومن دادم,food
6002,798 برای هزینه متفرقه پرداخت شد,other
6003,2456 تومن بیف برگر خوردم,food
6004,برای 71 کباب تومن دادم,food
6005,554 تومن رفت و برگشت گرفتم,transport
6006,برای 751 سینما دادم,entertainment
6007,3990 تومن مترو گرفتم,transport
6008,خرید 546 ویزیت تومن,health
6009,خرید 4937 ویزیت تومن,health
6010,2222 برای هزینه متفرقه پرداخت شد,other
6011,2245 تومن شام خوردم,food
6012,3769 برای تاکسی پرداخت کردم,transport
6013,4298 تومن خرید سوپرمارکت کردم,shopping
6014,2994 کرایه تاکسی شد,transport
6015,برای 4017 بازی دادم,entertainment
6016,512 تومن هزینه آزمایش شد,health
6017,برای 111 سینما دادم,entertainment
6018,3208 تومن ناهار خوردم,food
6019,4539 برای هزینه متفرقه پرداخت شد,other
6020,4793 هزینه کار اداری شد,other
6021,981 تومن شهربازی رفتم,entertainment
6022,4413 تومن هزینه ویزیت شد,health
6023,1945 تومن قبض گاز دادم,housing
6024,195 تومن کنسرت رفتم,entertainment
6025,1500 تومن شام خوردم,food
6026,697 برای اسنپ پرداخت کردم,transport
6027,برای 841 کافی شاپ دادم,entertainment
6028,2893 تومن هزینه ویزیت شد,health
6029,4838 تومن بیف برگر خوردم,food
6030,881 برای کار اداری پرداخت شد,other
6031,839 کرایه اتوبوس شد,transport
6032,3320 تومن اسنپ گرفتم,transport
6033,109 تومن کیف خریدم,shopping
6034,سهم 232 گاز شد,housing
6035,3916 برای رفت و برگشت پرداخت کردم,transport
6036,607 تومن صبحونه گرفتم,food
6037,2723 برای تاکسی پرداخت کردم,transport
6038,2569 تومن کافی شاپ رفتم,entertainment
6039,4239 تومن دکتر رفتم,health
6040,1589 هزینه هزینه شخصی شد,other
6041,4283 تومن خرید لباس کردم,shopping
6042,2270 کرایه تاکسی شد,transport
6043,برای 1455 کافی شاپ دادم,entertainment
6044,2133 تومن قبض اجاره دادم,housing
6045,سهم 1564 گاز شد,housing
6046,331 خرج کنسرت شد,entertainment
6047,4972 تومن خرج هزینه شخصی کردم,other
6048,3033 هزینه کار اداری شد,other
6049,346 تومن ناهار گرفتم,food
6050,1695 تومن اسنپ گرفتم,transport
6051,85 کرایه اتوبوس شد,transport
6052,4768 تومن کیف خریدم,shopping
6053,4969 تومن بازی رفتم,entertainment
6054,برای 2331 شهربازی دادم,entertainment
6055,2748 تومن خرج هزینه متفرقه کردم,other
6056,2223 تومن هزینه دارو شد,health
6057,4791 تومن کباب گرفتم,food
6058,2936 خرج شهربازی شد,entertainment
6059,1440 تومن کباب خوردم,food
6060,107 برای مترو پرداخت کردم,transport
6061,2692 تومن هزینه آزمایش شد,health
6062,223 تومن سوپرمارکت خریدم,shopping
6063,2343 تومن قبض گاز دادم,housing
6064,2892 تومن سوپرمارکت خریدم,shopping
6065,سهم 2044 آب شد,housing
6066,برای 3068 کافی شاپ دادم,entertainment
6067,145 تومن مترو گرفتم,transport
6068,140 اجاره خونه پرداخت کردم,housing
6069,310 تومن صبحونه گرفتم,food
6070,4499 تومن کافی شاپ رفتم,entertainment
6071,3981 برای اسنپ پرداخت کردم,transport
6072,برای 1136 صبحونه تومن دادم,food
6073,2875 اجاره خونه پرداخت کردم,housing
6074,خرید 3034 آزمایش تومن,health
6075,1476 تومن دکتر رفتم,health
6076,1766 تومن مترو گرفتم,transport
6077,3815 کرایه رفت و برگشت شد,transport
6078,1457 تومن اتوبوس گرفتم,transport
6079,2913 تومن خرج کار اداری کردم,other
6080,1372 تومن کباب گرفتم,food
6081,1229 تومن صبحونه خوردم,food
6082,خرید 2163 دارو تومن,health
6083,سهم 846 آب شد,housing
6084,برای 3600 کنسرت دادم,entertainment
6085,1988 تومن کنسرت رفتم,entertainment
6086,1625 تومن کیف خریدم,shopping
6087,1528 برای اسنپ پرداخت کردم,transport
6088,سهم 3311 برق شد,housing
6089,1903 تومن کباب خوردم,food
6090,858 برای هزینه متفرقه پرداخت شد,other
6091,برای 1538 بیف برگر تومن دادم,food
6092,30 برای تاکسی پرداخت کردم,transport
6093,1129 تومن صبحونه خوردم,food
6094,2712 تومن خرج هزینه شخصی کردم,other
6095,خرید 4381 آزمایش تومن,health
6096,4886 برای اسنپ پرداخت کردم,transport
6097,برای 1724 شام تومن دادم,food
6098,4362 کرایه اتوبوس شد,transport
6099,4391 تومن خرج کار اداری کردم,other
6100,164 تومن کافی شاپ رفتم,entertainment
6101,2866 برای اتوبوس پرداخت کردم,transport
6102,خرید 1031 دارو تومن,health
6103,3916 خرج بازی شد,entertainment
6104,1551 کرایه اسنپ شد,transport
6105,1866 برای لوازم تحریر دادم,shopping
6106,976 تومن هزینه دندانپزشک شد,health
6107,برای 3430 صبحونه تومن دادم,food
6108,3250 تومن کنسرت رفتم,entertainment
6109,برای 4215 کافی شاپ دادم,entertainment
6110,3335 تومن خرج هزینه متفرقه کردم,other
6111,4165 اجاره خونه پرداخت کردم,housing
6112,558 کرایه اسنپ شد,transport
6113,238 تومن ناهار خوردم,food
6114,4589 تومن قبض برق دادم,housing
6115,696 برای هزینه شخصی پرداخت شد,other
6116,560 خرج بازی شد,entertainment
6117,سهم 2215 برق شد,housing
6118,4592 خرج کافی شاپ شد,entertainment
6119,سهم 211 آب شد,housing
6120,670 برای مترو پرداخت کردم,transport
6121,852 تومن خرید سوپرمارکت کردم,shopping
6122,3939 برای مترو پرداخت کردم,transport
6123,3909 تومن بیف برگر گرفتم,food
6124,1493 تومن کیف خریدم,shopping
6125,1025 کرایه تاکسی شد,transport
6126,3542 تومن خرج هزینه متفرقه کردم,other
6127,1972 تومن هزینه آزمایش شد,health
6128,4446 تومن خرید سوپرمارکت کردم,shopping
6129,1457 تومن دکتر رفتم,health
6130,3650 تومن دکتر رفتم,health
6131,707 تومن رفت و برگشت گرفتم,transport
6132,4191 برای میوه دادم,shopping
6133,1142 تومن بازی رفتم,entertainment
6134,42 برای کیف دادم,shopping
6135,4808 تومن میوه خریدم,shopping
6136,4595 برای هزینه متفرقه پرداخت شد,other
6137,2651 هزینه هزینه شخصی شد,other
6138,481 تومن قبض آب دادم,housing
6139,3476 کرایه اسنپ شد,transport
6140,1010 برای اتوبوس پرداخت کردم,transport
6141,2712 هزینه کار اداری شد,other
6142,1629 برای سوپرمارکت دادم,shopping
6143,برای 2230 سینما دادم,entertainment
6144,3178 تومن دکتر رفتم,health
6145,1397 برای لباس دادم,shopping
6146,خرید 4464 ویزیت تومن,health
6147,1375 کرایه اتوبوس شد,transport
6148,4447 تومن هزینه آزمایش شد,health
6149,182 اجاره خونه پرداخت کردم,housing
6150,353 تومن خرید لباس کردم,shopping
6151,2804 کرایه اسنپ شد,transport
6152,2144 کرایه اسنپ شد,transport
6153,4203 هزینه هزینه شخصی شد,other
6154,1521 تومن لباس خریدم,shopping
6155,خرید 3788 آزمایش تومن,health
6156,برای 2560 کنسرت دادم,entertainment
6157,1937 تومن مترو گرفتم,transport
6158,48 خرج سینما شد,entertainment
6159,1188 تومن کافی شاپ رفتم,entertainment
6160,931 تومن دکتر رفتم,health
6161,4165 تومن پیتزا گرفتم,food
6162,2361 کرایه رفت و برگشت شد,transport
6163,سهم 4352 شارژ ساختمان شد,housing
6164,4035 تومن خرید میوه کردم,shopping
6165,برای 802 صبحونه تومن دادم,food
6166,4044 کرایه رفت و برگشت شد,transport
6167,3058 تومن کافی شاپ رفتم,entertainment
6168,3239 خرج کنسرت شد,entertainment
6169,769 خرج سینما شد,entertainment
6170,4095 تومن قبض برق دادم,housing
6171,4989 تومن خرید سوپرمارکت کردم,shopping
6172,329 برای اسنپ پرداخت کردم,transport
6173,خرید 923 دارو تومن,health
6174,4214 خرج بازی شد,entertainment
6175,1440 برای اسنپ پرداخت کردم,transport
6176,4441 تومن خرج کار اداری کردم,other
6177,خرید 2704 دندانپزشک تومن,health
6178,1096 تومن خرج هزینه شخصی کردم,other
6179,سهم 3919 برق شد,housing
6180,3726 تومن قبض گاز دادم,housing
6181,1972 تومن میوه خریدم,shopping
6182,4330 تومن خرید سوپرمارکت کردم,shopping
6183,445 برای لوازم تحریر دادم,shopping
6184,1219 تومن کیف خریدم,shopping
6185,1562 تومن رفت و برگشت گرفتم,transport
6186,3051 تومن خرج کار اداری کردم,other
6187,4847 برای لباس دادم,shopping
6188,3346 تومن سینما رفتم,entertainment
6189,4480 تومن اسنپ گرفتم,transport
6190,خرید 3045 ویزیت تومن,health
6191,2539 تومن خرید کیف کردم,shopping
6192,برای 3220 بازی دادم,entertainment
6193,2661 کرایه رفت و برگشت شد,transport
6194,812 برای هزینه متفرقه پرداخت شد,other
6195,2452 تومن کنسرت رفتم,entertainment
6196,1965 تومن لوازم تحریر خریدم,shopping
6197,446 تومن صبحونه گرفتم,food
6198,1779 تومن لوازم تحریر خریدم,shopping
6199,1076 کرایه اتوبوس شد,transport
6200,2135 تومن بیف برگر خوردم,food
6201,3149 خرج بازی شد,entertainment
6202,4527 تومن شهربازی رفتم,entertainment
6203,خرید 116 دندانپزشک تومن,health
6204,برای 2503 کافی شاپ دادم,entertainment
6205,3353 تومن خرید سوپرمارکت کردم,shopping
6206,3823 کرایه اسنپ شد,transport
6207,1076 تومن صبحونه گرفتم,food
6208,3944 تومن کافی شاپ رفتم,entertainment
6209,1471 تومن خرید لباس کردم,shopping
6210,4123 هزینه کار اداری شد,other
6211,94 تومن شام گرفتم,food
6212,36 برای اتوبوس پرداخت کردم,transport
6213,1347 برای کار اداری پرداخت شد,other
6214,2527 برای مترو پرداخت کردم,transport
6215,2848 هزینه هزینه شخصی شد,other
6216,1094 هزینه هزینه شخصی شد,other
6217,2453 هزینه هزینه شخصی شد,other
6218,2706 تومن تاکسی گرفتم,transport
6219,برای 3853 کافی شاپ دادم,entertainment
6220,964 برای تاکسی پرداخت کردم,transport
6221,2788 اجاره خونه پرداخت کردم,housing
6222,3483 تومن پیتزا گرفتم,food
6223,1956 کرایه اتوبوس شد,transport
6224,2588 تومن مترو گرفتم,transport
6225,4208 برای میوه دادم,shopping
6226,2037 اجاره خونه پرداخت کردم,housing
6227,سهم 1613 اجاره شد,housing
6228,1824 تومن خرج هزینه متفرقه کردم,other
6229,4659 تومن دکتر رفتم,health
6230,4145 تومن مترو گرفتم,transport
6231,2174 برای تاکسی پرداخت کردم,transport
6232,3469 تومن اتوبوس گرفتم,transport
6233,433 تومن خرید سوپرمارکت کردم,shopping
6234,2561 تومن هزینه دارو شد,health
6235,برای 2097 کافی شاپ دادم,entertainment
6236,3853 تومن ناهار گرفتم,food
6237,2382 تومن میوه خریدم,shopping
6238,4140 تومن خرج هزینه شخصی کردم,other
6239,3258 برای اتوبوس پرداخت کردم,transport
6240,2630 تومن سوپرمارکت خریدم,shopping
6241,1722 برای اتوبوس پرداخت کردم,transport
6242,خرید 1972 ویزیت تومن,health
6243,4153 تومن لباس خریدم,shopping
6244,سهم 4788 آب شد,housing
6245,برای 4025 بازی دادم,entertainment
6246,66 تومن ناهار خوردم,food
6247,1007 تومن قبض گاز دادم,housing
6248,2217 تومن شام خوردم,food
6249,4941 کرایه مترو شد,transport
6250,2281 برای تاکسی پرداخت کردم,transport
6251,2875 کرایه اسنپ شد,transport
6252,برای 2522 بازی دادم,entertainment
6253,3243 تومن بیف برگر خوردم,food
6254,3776 تومن پیتزا گرفتم,food
6255,4895 تومن قبض شارژ ساختمان دادم,housing
6256,1606 تومن قبض برق دادم,housing
6257,سهم 693 گاز شد,housing
6258,3598 تومن دکتر رفتم,health
6259,3470 تومن پیتزا گرفتم,food
6260,1498 تومن خرج کار اداری کردم,other
6261,3508 تومن خرید سوپرمارکت کردم,shopping
6262,163 برای اتوبوس پرداخت کردم,transport
6263,3155 تومن خرید لباس کردم,shopping
6264,2910 اجاره خونه پرداخت کردم,housing
6265,برای 4918 شهربازی دادم,entertainment
6266,772 تومن قبض گاز دادم,housing
6267,2599 اجاره خونه پرداخت کردم,housing
6268,3866 برای سوپرمارکت دادم,shopping
6269,4698 برای کار اداری پرداخت شد,other
6270,1487 تومن رفت و برگشت گرفتم,transport
6271,خرید 1682 دارو تومن,health
6272,1521 تومن هزینه ویزیت شد,health
6273,4198 تومن قبض شارژ ساختمان دادم,housing
6274,3123 برای میوه دادم,shopping
6275,برای 1691 شهربازی دادم,entertainment
6276,1897 اجاره خونه پرداخت کردم,housing
6277,2101 خرج کافی شاپ شد,entertainment
6278,2283 تومن پیتزا خوردم,food
6279,1178 برای سوپرمارکت دادم,shopping
6280,1322 تومن خرید سوپرمارکت کردم,shopping
6281,3266 خرج بازی شد,entertainment
6282,3525 برای هزینه شخصی پرداخت شد,other
6283,4707 تومن میوه خریدم,shopping
6284,1350 هزینه کار اداری شد,other
6285,2086 هزینه هزینه شخصی شد,other
6286,2960 برای کار اداری پرداخت شد,other
6287,1222 تومن صبحونه خوردم,food
6288,1671 تومن دکتر رفتم,health
6289,2963 تومن کافی شاپ رفتم,entertainment
6290,3060 خرج کافی شاپ شد,entertainment
6291,3100 تومن اتوبوس گرفتم,transport
6292,برای 4069 شهربازی دادم,entertainment
6293,3020 تومن ساندویچ گرفتم,food
6294,153 خرج کنسرت شد,entertainment
6295,1010 خرج کافی شاپ شد,entertainment
6296,برای 1336 صبحونه تومن دادم,food
6297,42 تومن ساندویچ گرفتم,food
6298,277 برای اسنپ پرداخت کردم,transport
6299,997 تومن قبض اجاره دادم,housing
6300,304 تومن قبض اجاره دادم,housing
6301,493 تومن اتوبوس گرفتم,transport
6302,791 خرج شهربازی شد,entertainment
6303,4043 تومن دکتر رفتم,health
6304,2383 تومن صبحونه گرفتم,food
6305,1701 هزینه هزینه متفرقه شد,other
6306,4998 تومن اتوبوس گرفتم,transport
6307,172 تومن هزینه دندانپزشک شد,health
6308,1644 تومن قبض برق دادم,housing
6309,2008 تومن شهربازی رفتم,entertainment
6310,2454 برای کیف دادم,shopping
6311,3370 تومن لباس خریدم,shopping
6312,3818 تومن سوپرمارکت خریدم,shopping
6313,2221 تومن دکتر رفتم,health
6314,2903 هزینه هزینه متفرقه شد,other
6315,2966 برای هزینه شخصی پرداخت شد,other
6316,2982 خرج بازی شد,entertainment
6317,4196 هزینه هزینه متفرقه شد,other
6318,2252 تومن خرج کار اداری کردم,other
6319,3646 برای تاکسی پرداخت کردم,transport
6320,266 تومن میوه خریدم,shopping
6321,برای 4123 کنسرت دادم,entertainment
6322,4852 تومن هزینه دندانپزشک شد,health
6323,515 تومن بازی رفتم,entertainment
6324,169 کرایه رفت و برگشت شد,transport
6325,3161 تومن سینما رفتم,entertainment
6326,3101 خرج سینما شد,entertainment
6327,4742 تومن خرید سوپرمارکت کردم,shopping
6328,4432 تومن سوپرمارکت خریدم,shopping
6329,برای 4556 سینما دادم,entertainment
6330,2204 تومن صبحونه خوردم,food
6331,107 تومن خرج هزینه متفرقه کردم,other
6332,4785 خرج کافی شاپ شد,entertainment
6333,2285 برای کار اداری پرداخت شد,other
6334,371 تومن خرید لوازم تحریر کردم,shopping
6335,خرید 2152 دارو تومن,health
6336,3688 تومن کیف خریدم,shopping
6337,1354 برای میوه دادم,shopping
6338,سهم 1683 شارژ ساختمان شد,housing
6339,سهم 1304 آب شد,housing
6340,4256 تومن هزینه دندانپزشک شد,health
6341,4595 خرج شهربازی شد,entertainment
6342,2611 برای تاکسی پرداخت کردم,transport
6343,1791 تومن دکتر رفتم,health
6344,346 تومن هزینه دندانپزشک شد,health
6345,1749 تومن پیتزا گرفتم,food
6346,2143 برای لباس دادم,shopping
6347,4829 خرج کافی شاپ شد,entertainment
6348,949 خرج بازی شد,entertainment
6349,3920 تومن اتوبوس گرفتم,transport
6350,2024 برای سوپرمارکت دادم,shopping
6351,4283 خرج بازی شد,entertainment
6352,307 تومن کنسرت رفتم,entertainment
6353,4908 خرج کافی شاپ شد,entertainment
6354,2455 اجاره خونه پرداخت کردم,housing
6355,سهم 2716 برق شد,housing
6356,4803 تومن قبض برق دادم,housing
6357,4845 تومن قبض آب دادم,housing
6358,1313 هزینه هزینه متفرقه شد,other
6359,4728 تومن قبض اجاره دادم,housing
6360,2290 تومن کیف خریدم,shopping
6361,666 تومن قبض برق دادم,housing
6362,3460 برای هزینه شخصی پرداخت شد,other
6363,خرید 3948 آزمایش تومن,health
6364,3460 تومن خرید سوپرمارکت کردم,shopping
6365,برای 2098 سینما دادم,entertainment
6366,خرید 1681 دارو تومن,health
6367,2180 برای تاکسی پرداخت کردم,transport
6368,برای 4924 شام تومن دادم,food
6369,4281 تومن هزینه ویزیت شد,health
6370,4669 برای کار اداری پرداخت شد,other
6371,4932 تومن خرید لوازم تحریر کردم,shopping
6372,522 تومن قبض شارژ ساختمان دادم,housing
6373,برای 207 پیتزا تومن دادم,food
6374,811 تومن پیتزا گرفتم,food
6375,89 برای هزینه متفرقه پرداخت شد,other
6376,612 تومن خرید لباس کردم,shopping
6377,1324 تومن شام خوردم,food
6378,309 تومن خرید سوپرمارکت کردم,shopping
6379,2736 خرج کافی شاپ شد,entertainment
6380,2651 تومن هزینه دندانپزشک شد,health
6381,1539 تومن ساندویچ خوردم,food
6382,برای 3001 شام تومن دادم,food
6383,4125 برای هزینه شخصی پرداخت شد,other
6384,3360 هزینه کار اداری شد,other
6385,1173 تومن لباس خریدم,shopping
6386,3702 تومن خرید میوه کردم,shopping
6387,1837 تومن خرید سوپرمارکت کردم,shopping
6388,برای 3056 بازی دادم,entertainment
6389,34 تومن کباب گرفتم,food
6390,3781 برای هزینه متفرقه پرداخت شد,other
6391,2846 تومن بیف برگر گرفتم,food
6392,برای 2882 شهربازی دادم,entertainment
6393,3761 تومن کافی شاپ رفتم,entertainment
6394,خرید 569 ویزیت تومن,health
6395,4112 هزینه هزینه متفرقه شد,other
6396,4405 اجاره خونه پرداخت کردم,housing
6397,برای 1185 شهربازی دادم,entertainment
6398,1031 تومن پیتزا گرفتم,food
6399,1913 خرج کافی شاپ شد,entertainment
6400,2660 تومن خرج هزینه شخصی کردم,other
6401,3002 تومن هزینه ویزیت شد,health
6402,برای 704 شهربازی دادم,entertainment
6403,2714 تومن ناهار گرفتم,food
6404,برای 708 شهربازی دادم,entertainment
6405,2624 تومن خرج هزینه متفرقه کردم,other
6406,491 تومن دکتر رفتم,health
6407,4074 تومن قبض گاز دادم,housing
6408,4298 تومن بازی رفتم,entertainment
6409,4847 کرایه رفت و برگشت شد,transport
6410,2005 برای رفت و برگشت پرداخت کردم,transport
6411,982 تومن میوه خریدم,shopping
6412,سهم 4887 آب شد,housing
6413,خرید 4505 دندانپزشک تومن,health
6414,2957 تومن کباب خوردم,food
6415,2413 تومن دکتر رفتم,health
6416,4281 تومن پیتزا گرفتم,food
6417,211 برای سوپرمارکت دادم,shopping
6418,2851 تومن هزینه دندانپزشک شد,health
6419,3016 برای رفت و برگشت پرداخت کردم,transport
6420,1868 تومن خرج هزینه متفرقه کردم,other
6421,1012 تومن مترو گرفتم,transport
6422,3879 تومن قبض اجاره دادم,housing
6423,4496 تومن اتوبوس گرفتم,transport
6424,4009 تومن شام خوردم,food
6425,160 تومن کیف خریدم,shopping
6426,955 کرایه تاکسی شد,transport
6427,1267 تومن لوازم تحریر خریدم,shopping
6428,3391 تومن لوازم تحریر خریدم,shopping
6429,2255 برای کیف دادم,shopping
6430,685 تومن دکتر رفتم,health
6431,4764 تومن خرید سوپرمارکت کردم,shopping
6432,2734 برای لباس دادم,shopping
6433,4252 تومن قبض گاز دادم,housing
6434,110 برای مترو پرداخت کردم,transport
6435,740 تومن کیف خریدم,shopping
6436,2953 هزینه هزینه متفرقه شد,other
6437,3746 تومن مترو گرفتم,transport
6438,3354 تومن قبض آب دادم,housing
6439,4356 تومن خرج هزینه شخصی کردم,other
6440,322 کرایه تاکسی شد,transport
6441,977 تومن خرید میوه کردم,shopping
6442,خرید 1807 آزمایش تومن,health
6443,4325 تومن کنسرت رفتم,entertainment
6444,773 تومن ناهار گرفتم,food
6445,117 اجاره خونه پرداخت کردم,housing
6446,2457 تومن پیتزا گرفتم,food
6447,4678 برای تاکسی پرداخت کردم,transport
6448,4504 تومن پیتزا گرفتم,food
6449,1403 تومن کنسرت رفتم,entertainment
6450,4742 تومن خرید لوازم تحریر کردم,shopping
6451,3523 تومن ساندویچ گرفتم,food
6452,641 برای هزینه شخصی پرداخت شد,other
6453,3087 برای لوازم تحریر دادم,shopping
6454,3902 تومن صبحونه گرفتم,food
6455,1738 تومن خرید سوپرمارکت کردم,shopping
6456,2412 تومن دکتر رفتم,health
6457,1068 تومن قبض اجاره دادم,housing
6458,2076 تومن قبض گاز دادم,housing
6459,4771 تومن ناهار گرفتم,food
6460,2987 تومن دکتر رفتم,health
6461,2046 برای سوپرمارکت دادم,shopping
6462,3075 برای لباس دادم,shopping
6463,خرید 862 دندانپزشک تومن,health
6464,سهم 4240 برق شد,housing
6465,412 تومن ساندویچ گرفتم,food
6466,1349 تومن میوه خریدم,shopping
6467,3705 کرایه رفت و برگشت شد,transport
6468,4087 تومن ناهار خوردم,food
6469,3088 کرایه تاکسی شد,transport
6470,3844 تومن مترو گرفتم,transport
6471,1728 تومن خرج کار اداری کردم,other
6472,2408 تومن خرج کار اداری کردم,other
6473,485 تومن کافی شاپ رفتم,entertainment
6474,330 تومن دکتر رفتم,health
6475,برای 2103 کنسرت دادم,entertainment
6476,خرید 25 دندانپزشک تومن,health
6477,2267 تومن دکتر رفتم,health
6478,2619 تومن قبض آب دادم,housing
6479,سهم 4690 گاز شد,housing
6480,685 برای مترو پرداخت کردم,transport
6481,1544 تومن دکتر رفتم,health
6482,2164 تومن خرید میوه کردم,shopping
6483,3256 تومن هزینه دندانپزشک شد,health
6484,535 برای رفت و برگشت پرداخت کردم,transport
6485,3480 تومن قبض گاز دادم,housing
6486,109 کرایه تاکسی شد,transport
6487,سهم 4823 آب شد,housing
6488,4334 تومن سینما رفتم,entertainment
6489,4451 کرایه اتوبوس شد,transport
6490,3819 تومن سینما رفتم,entertainment
6491,3459 هزینه هزینه شخصی شد,other
6492,770 تومن رفت و برگشت گرفتم,transport
6493,4393 خرج سینما شد,entertainment
6494,برای 620 کباب تومن دادم,food
6495,برای 1479 صبحونه تومن دادم,food
6496,1344 تومن خرج هزینه متفرقه کردم,other
6497,776 تومن دکتر رفتم,health
6498,4722 تومن کباب خوردم,food
6499,3528 برای مترو پرداخت کردم,transport
6500,4788 برای مترو پرداخت کردم,transport
6501,364 برای کیف دادم,shopping
6502,2719 تومن شام خوردم,food
6503,سهم 2400 آب شد,housing
6504,4771 برای تاکسی پرداخت کردم,transport
6505,4477 برای کار اداری پرداخت شد,other
6506,4523 اجاره خونه پرداخت کردم,housing
6507,برای 3866 صبحونه تومن دادم,food
6508,4030 اجاره خونه پرداخت کردم,housing
6509,2141 تومن خرج هزینه متفرقه کردم,other
6510,4374 تومن قبض شارژ ساختمان دادم,housing
6511,2626 تومن میوه خریدم,shopping
6512,4495 برای کار اداری پرداخت شد,other
6513,3356 هزینه کار اداری شد,other
6514,3852 برای لباس دادم,shopping
6515,4070 تومن رفت و برگشت گرفتم,transport
6516,2687 تومن قبض آب دادم,housing
6517,3114 تومن رفت و برگشت گرفتم,transport
6518,3525 تومن کباب خوردم,food
6519,برای 4906 کنسرت دادم,entertainment
6520,846 تومن خرید کیف کردم,shopping
6521,1765 تومن کباب گرفتم,food
6522,3422 تومن قبض آب دادم,housing
6523,3034 تومن دکتر رفتم,health
6524,خرید 2933 ویزیت تومن,health
6525,3611 تومن بازی رفتم,entertainment
6526,1998 برای کار اداری پرداخت شد,other
6527,خرید 1008 دندانپزشک تومن,health
6528,برای 4032 صبحونه تومن دادم,food
6529,2925 برای لوازم تحریر دادم,shopping
6530,2820 اجاره خونه پرداخت کردم,housing
6531,1008 تومن هزینه آزمایش شد,health
6532,1705 تومن خرج کار اداری کردم,other
6533,2458 تومن خرید میوه کردم,shopping
6534,سهم 954 گاز شد,housing
6535,1388 تومن قبض شارژ ساختمان دادم,housing
6536,4755 اجاره خونه پرداخت کردم,housing
6537,2605 برای هزینه متفرقه پرداخت شد,other
6538,3191 اجاره خونه پرداخت کردم,housing
6539,4738 تومن شهربازی رفتم,entertainment
6540,خرید 4688 دارو تومن,health
6541,2841 خرج کنسرت شد,entertainment
6542,2034 تومن قبض گاز دادم,housing
6543,4804 تومن پیتزا خوردم,food
6544,2275 تومن بیف برگر خوردم,food
6545,665 تومن شهربازی رفتم,entertainment
6546,2859 تومن پیتزا گرفتم,food
6547,294 برای سوپرمارکت دادم,shopping
6548,2711 هزینه هزینه متفرقه شد,other
6549,2171 تومن اتوبوس گرفتم,transport
6550,3541 تومن کافی شاپ رفتم,entertainment
6551,4514 تومن کنسرت رفتم,entertainment
6552,برای 4021 شام تومن دادم,food
6553,برای 1585 شام تومن دادم,food
6554,4134 خرج بازی شد,entertainment
6555,3056 تومن دکتر رفتم,health
6556,3936 تومن هزینه آزمایش شد,health
6557,1154 هزینه هزینه متفرقه شد,other
6558,1283 اجاره خونه پرداخت کردم,housing
6559,خرید 1881 دندانپزشک تومن,health
6560,3780 برای لوازم تحریر دادم,shopping
6561,1885 تومن خرید سوپرمارکت کردم,shopping
6562,1403 تومن ناهار خوردم,food
6563,برای 4792 شام تومن دادم,food
6564,برای 2874 کنسرت دادم,entertainment
6565,3204 تومن خرج کار اداری کردم,other
6566,سهم 785 اجاره شد,housing
6567,944 تومن بیف برگر گرفتم,food
6568,214 اجاره خونه پرداخت کردم,housing
6569,برای 2607 سینما دادم,entertainment
6570,4082 تومن قبض گاز دادم,housing
6571,برای 2730 شهربازی دادم,entertainment
6572,55 تومن صبحونه خوردم,food
6573,207 تومن پیتزا خوردم,food
6574,1157 کرایه مترو شد,transport
6575,2212 تومن کنسرت رفتم,entertainment
6576,1988 کرایه اتوبوس شد,transport
6577,4537 هزینه هزینه شخصی شد,other
6578,4466 کرایه تاکسی شد,transport
6579,خرید 1738 دارو تومن,health
6580,برای 3016 کافی شاپ دادم,entertainment
6581,1274 هزینه هزینه متفرقه شد,other
6582,4437 تومن هزینه آزمایش شد,health
6583,2801 تومن خرج هزینه شخصی کردم,other
6584,418 تومن هزینه دندانپزشک شد,health
6585,سهم 2508 آب شد,housing
6586,1997 تومن اتوبوس گرفتم,transport
6587,1394 برای میوه دادم,shopping
6588,4778 تومن بیف برگر گرفتم,food
6589,277 خرج کنسرت شد,entertainment
6590,4908 تومن دکتر رفتم,health
6591,3509 برای سوپرمارکت دادم,shopping
6592,4154 تومن قبض اجاره دادم,housing
6593,1576 تومن هزینه ویزیت شد,health
6594,4150 خرج کنسرت شد,entertainment
6595,4019 تومن دکتر رفتم,health
6596,4868 تومن دکتر رفتم,health
6597,2465 تومن کیف خریدم,shopping
6598,خرید 1988 آزمایش تومن,health
6599,782 تومن هزینه آزمایش شد,health
6600,برای 4299 صبحونه تومن دادم,food
6601,برای 4613 سینما دادم,entertainment
6602,2135 تومن دکتر رفتم,health
6603,543 برای سوپرمارکت دادم,shopping
6604,2494 کرایه رفت و برگشت شد,transport
6605,3340 خرج کنسرت شد,entertainment
6606,4947 تومن دکتر رفتم,health
6607,4181 تومن کباب خوردم,food
6608,3593 تومن سینما رفتم,entertainment
6609,3205 تومن رفت و برگشت گرفتم,transport
6610,سهم 1981 اجاره شد,housing
6611,4405 برای هزینه متفرقه پرداخت شد,other
6612,2174 هزینه کار اداری شد,other
6613,4368 تومن رفت و برگشت گرفتم,transport
6614,3344 تومن قبض شارژ ساختمان دادم,housing
6615,2417 کرایه تاکسی شد,transport
6616,573 برای کیف دادم,shopping
6617,515 برای هزینه شخصی پرداخت شد,other
6618,3587 تومن خرید لوازم تحریر کردم,shopping
6619,1286 تومن کافی شاپ رفتم,entertainment
6620,968 تومن خرید لباس کردم,shopping
6621,892 تومن لوازم تحریر خریدم,shopping
6622,3274 هزینه هزینه شخصی شد,other
6623,2114 تومن میوه خریدم,shopping
6624,1835 برای کیف دادم,shopping
6625,4748 برای هزینه شخصی پرداخت شد,other
6626,837 تومن قبض شارژ ساختمان دادم,housing
6627,3199 تومن ناهار خوردم,food
6628,2793 تومن قبض گاز دادم,housing
6629,618 برای اسنپ پرداخت کردم,transport
6630,سهم 477 آب شد,housing
6631,2515 اجاره خونه پرداخت کردم,housing
6632,1601 تومن صبحونه گرفتم,food
6633,1610 کرایه اسنپ شد,transport
6634,2108 کرایه اسنپ شد,transport
6635,306 تومن خرید سوپرمارکت کردم,shopping
6636,خرید 4741 ویزیت تومن,health
6637,2396 تومن مترو گرفتم,transport
6638,3921 تومن قبض شارژ ساختمان دادم,housing
6639,787 تومن بیف برگر خوردم,food
6640,برای 1688 بازی دادم,entertainment
6641,2931 کرایه تاکسی شد,transport
6642,1996 تومن کنسرت رفتم,entertainment
6643,خرید 2673 دندانپزشک تومن,health
6644,3830 هزینه هزینه متفرقه شد,other
6645,برای 1893 بیف برگر تومن دادم,food
6646,1965 تومن مترو گرفتم,transport
6647,2289 تومن صبحونه خوردم,food
6648,سهم 4921 گاز شد,housing
6649,سهم 3687 آب شد,housing
6650,4691 تومن خرید کیف کردم,shopping
6651,سهم 2370 برق شد,housing
6652,3926 تومن تاکسی گرفتم,transport
6653,برای 157 بیف برگر تومن دادم,food
6654,خرید 757 آزمایش تومن,health
6655,698 تومن قبض آب دادم,housing
6656,3739 تومن کافی شاپ رفتم,entertainment
6657,2644 اجاره خونه پرداخت کردم,housing
6658,3150 تومن مترو گرفتم,transport
6659,1570 برای لباس دادم,shopping
6660,برای 2020 سینما دادم,entertainment
6661,1892 کرایه تاکسی شد,transport
6662,2561 برای کار اداری پرداخت شد,other
6663,983 تومن قبض شارژ ساختمان دادم,housing
6664,2906 تومن تاکسی گرفتم,transport
6665,3906 برای مترو پرداخت کردم,transport
6666,712 اجاره خونه پرداخت کردم,housing
6667,2470 برای هزینه شخصی پرداخت شد,other
6668,532 کرایه تاکسی شد,transport
6669,4304 تومن دکتر رفتم,health
6670,2994 تومن خرید کیف کردم,shopping
6671,2127 تومن رفت و برگشت گرفتم,transport
6672,809 تومن میوه خریدم,shopping
6673,4714 برای لباس دادم,shopping
6674,2013 تومن هزینه ویزیت شد,health
6675,3281 تومن دکتر رفتم,health
6676,4404 تومن بازی رفتم,entertainment
6677,3188 برای کار اداری پرداخت شد,other
6678,1461 تومن تاکسی گرفتم,transport
6679,4921 تومن سوپرمارکت خریدم,shopping
6680,3727 تومن خرید میوه کردم,shopping
6681,2804 هزینه هزینه شخصی شد,other
6682,3224 تومن دکتر رفتم,health
6683,سهم 3562 آب شد,housing
6684,برای 3658 بازی دادم,entertainment
6685,برای 1251 سینما دادم,entertainment
6686,2944 خرج بازی شد,entertainment
6687,1219 تومن خرج هزینه شخصی کردم,other
6688,4530 تومن کافی شاپ رفتم,entertainment
6689,3617 تومن لباس خریدم,shopping
6690,1202 تومن قبض آب دادم,housing
6691,1979 تومن خرید کیف کردم,shopping
6692,1997 تومن دکتر رفتم,health
6693,123 هزینه هزینه متفرقه شد,other
6694,607 تومن خرج هزینه شخصی کردم,other
6695,228 تومن لوازم تحریر خریدم,shopping
6696,3964 تومن سینما رفتم,entertainment
6697,برای 2568 ناهار تومن دادم,food
6698,889 برای لوازم تحریر دادم,shopping
6699,2229 تومن خرج هزینه شخصی کردم,other
6700,4775 کرایه مترو شد,transport
6701,4061 تومن خرید لوازم تحریر کردم,shopping
6702,2975 برای هزینه متفرقه پرداخت شد,other
6703,4321 تومن قبض آب دادم,housing
6704,خرید 4427 دندانپزشک تومن,health
6705,2837 تومن قبض گاز دادم,housing
6706,3532 تومن کنسرت رفتم,entertainment
6707,4277 تومن سینما رفتم,entertainment
6708,2040 تومن قبض آب دادم,housing
6709,129 اجاره خونه پرداخت کردم,housing
6710,1736 تومن کیف خریدم,shopping
6711,4773 برای هزینه متفرقه پرداخت شد,other
6712,2028 کرایه رفت و برگشت شد,transport
6713,737 تومن ساندویچ خوردم,food
6714,4051 تومن کنسرت رفتم,entertainment
6715,3949 تومن بیف برگر گرفتم,food
6716,سهم 387 شارژ ساختمان شد,housing
6717,4834 تومن سوپرمارکت خریدم,shopping
6718,برای 1527 کافی شاپ دادم,entertainment
6719,1334 تومن خرید لباس کردم,shopping
6720,1131 تومن کیف خریدم,shopping
6721,144 برای لوازم تحریر دادم,shopping
6722,528 تومن هزینه دارو شد,health
6723,3488 تومن خرج هزینه شخصی کردم,other
6724,سهم 2795 شارژ ساختمان شد,housing
6725,4284 تومن شام گرفتم,food
6726,834 تومن دکتر رفتم,health
6727,3961 برای هزینه شخصی پرداخت شد,other
6728,1953 کرایه اسنپ شد,transport
6729,1128 تومن سوپرمارکت خریدم,shopping
6730,239 تومن بیف برگر خوردم,food
6731,3965 تومن کباب خوردم,food
6732,693 تومن صبحونه گرفتم,food
6733,1502 تومن سوپرمارکت خریدم,shopping
6734,503 تومن شام خوردم,food
6735,4792 تومن هزینه دارو شد,health
6736,1728 برای تاکسی پرداخت کردم,transport
6737,2257 تومن خرج کار اداری کردم,other
6738,برای 3697 بازی دادم,entertainment
6739,51 خرج شهربازی شد,entertainment
6740,3464 تومن ناهار گرفتم,food
6741,4068 برای اسنپ پرداخت کردم,transport
6742,3668 کرایه تاکسی شد,transport
6743,2508 برای میوه دادم,shopping
6744,سهم 1112 اجاره شد,housing
6745,3384 اجاره خونه پرداخت کردم,housing
6746,سهم 1387 شارژ ساختمان شد,housing
6747,برای 1447 کافی شاپ دادم,entertainment
6748,3195 تومن خرید میوه کردم,shopping
6749,2643 تومن شهربازی رفتم,entertainment
6750,259 تومن خرید سوپرمارکت کردم,shopping
6751,1301 تومن هزینه ویزیت شد,health
6752,3577 برای مترو پرداخت کردم,transport
6753,3789 تومن قبض برق دادم,housing
6754,1036 برای هزینه متفرقه پرداخت شد,other
6755,4758 برای اسنپ پرداخت کردم,transport
6756,2563 کرایه اسنپ شد,transport
6757,4689 تومن صبحونه خوردم,food
6758,2194 تومن خرید لوازم تحریر کردم,shopping
6759,4711 برای اتوبوس پرداخت کردم,transport
6760,خرید 1707 آزمایش تومن,health
6761,1938 تومن بازی رفتم,entertainment
6762,3792 خرج کافی شاپ شد,entertainment
6763,3593 برای کیف دادم,shopping
6764,3889 تومن مترو گرفتم,transport
6765,817 هزینه هزینه شخصی شد,other
6766,110 تومن قبض شارژ ساختمان دادم,housing
6767,4682 تومن خرج هزینه متفرقه کردم,other
6768,برای 905 صبحونه تومن دادم,food
6769,1371 برای هزینه متفرقه پرداخت شد,other
6770,1570 تومن هزینه ویزیت شد,health
6771,2567 تومن ساندویچ خوردم,food
6772,225 تومن بیف برگر گرفتم,food
6773,372 تومن شام گرفتم,food
6774,1346 اجاره خونه پرداخت کردم,housing
6775,3867 تومن بیف برگر گرفتم,food
6776,2508 تومن ناهار خوردم,food
6777,برای 2479 کنسرت دادم,entertainment
6778,1110 تومن شام گرفتم,food
6779,2875 برای کار اداری پرداخت شد,other
6780,260 هزینه هزینه متفرقه شد,other
6781,برای 2171 بازی دادم,entertainment
6782,35 خرج کافی شاپ شد,entertainment
6783,4123 تومن هزینه دندانپزشک شد,health
6784,برای 2486 شام تومن دادم,food
6785,1999 خرج بازی شد,entertainment
6786,168 خرج کنسرت شد,entertainment
6787,4621 تومن قبض اجاره دادم,housing
6788,برای 885 کنسرت دادم,entertainment
6789,3344 تومن اتوبوس گرفتم,transport
6790,604 خرج سینما شد,entertainment
6791,3319 تومن قبض برق دادم,housing
6792,برای 1347 صبحونه تومن دادم,food
6793,3763 اجاره خونه پرداخت کردم,housing
6794,1605 تومن اتوبوس گرفتم,transport
6795,برای 129 سینما دادم,entertainment
6796,برای 1434 بازی دادم,entertainment
6797,برای 3596 کنسرت دادم,entertainment
6798,4901 کرایه تاکسی شد,transport
6799,خرید 643 آزمایش تومن,health
6800,348 برای لوازم تحریر دادم,shopping
6801,4758 تومن دکتر رفتم,health
6802,1481 خرج کنسرت شد,entertainment
6803,4266 تومن کنسرت رفتم,entertainment
6804,1798 برای کار اداری پرداخت شد,other
6805,526 تومن دکتر رفتم,health
6806,1534 برای اسنپ پرداخت کردم,transport
6807,1729 تومن قبض شارژ ساختمان دادم,housing
6808,907 تومن هزینه آزمایش شد,health
6809,1401 تومن مترو گرفتم,transport
6810,1090 تومن خرج هزینه متفرقه کردم,other
6811,2834 تومن تاکسی گرفتم,transport
6812,2539 تومن اتوبوس گرفتم,transport
6813,3191 برای تاکسی پرداخت کردم,transport
6814,4709 تومن قبض اجاره دادم,housing
6815,2819 برای لباس دادم,shopping
6816,4010 تومن سینما رفتم,entertainment
6817,523 تومن تاکسی گرفتم,transport
6818,1081 کرایه رفت و برگشت شد,transport
6819,3232 تومن قبض برق دادم,housing
6820,4905 تومن بیف برگر گرفتم,food
6821,3727 تومن خرج هزینه شخصی کردم,other
6822,85 تومن شام گرفتم,food
6823,4542 تومن شام گرفتم,food
6824,4509 برای کار اداری پرداخت شد,other
6825,برای 4108 کافی شاپ دادم,entertainment
6826,سهم 3059 گاز شد,housing
6827,برای 3040 شهربازی دادم,entertainment
6828,4620 تومن هزینه دارو شد,health
6829,3361 تومن خرج هزینه متفرقه کردم,other
6830,خرید 456 ویزیت تومن,health
6831,2155 تومن کباب خوردم,food
6832,4161 تومن مترو گرفتم,transport
6833,3446 تومن خرید کیف کردم,shopping
6834,3823 خرج کنسرت شد,entertainment
6835,3498 تومن لوازم تحریر خریدم,shopping
6836,1502 خرج سینما شد,entertainment
6837,951 برای اتوبوس پرداخت کردم,transport
6838,خرید 1990 دندانپزشک تومن,health
6839,4976 تومن بازی رفتم,entertainment
6840,3914 اجاره خونه پرداخت کردم,housing
6841,1543 کرایه مترو شد,transport
6842,برای 3280 شهربازی دادم,entertainment
6843,2460 اجاره خونه پرداخت کردم,housing
6844,برای 2009 کنسرت دادم,entertainment
6845,خرید 4351 ویزیت تومن,health
6846,2209 تومن خرید لوازم تحریر کردم,shopping
6847,برای 4829 صبحونه تومن دادم,food
6848,3417 تومن بازی رفتم,entertainment
6849,1894 تومن خرید میوه کردم,shopping
6850,3278 کرایه اتوبوس شد,transport
6851,411 برای کار اداری پرداخت شد,other
6852,2702 کرایه اتوبوس شد,transport
6853,3975 برای هزینه شخصی پرداخت شد,other
6854,سهم 1444 اجاره شد,housing
6855,3797 هزینه هزینه شخصی شد,other
6856,4825 تومن قبض شارژ ساختمان دادم,housing
6857,برای 297 شهربازی دادم,entertainment
6858,3367 خرج کنسرت شد,entertainment
6859,604 تومن اتوبوس گرفتم,transport
6860,3330 تومن تاکسی گرفتم,transport
6861,سهم 2267 گاز شد,housing
6862,برای 1208 شهربازی دادم,entertainment
6863,2410 تومن خرید لباس کردم,shopping
6864,خرید 3689 ویزیت تومن,health
6865,سهم 1669 شارژ ساختمان شد,housing
6866,193 تومن خرید لباس کردم,shopping
6867,برای 3975 سینما دادم,entertainment
6868,3761 تومن قبض گاز دادم,housing
6869,3860 تومن سوپرمارکت خریدم,shopping
6870,2932 تومن تاکسی گرفتم,transport
6871,3881 تومن دکتر رفتم,health
6872,خرید 4456 آزمایش تومن,health
6873,3448 تومن میوه خریدم,shopping
6874,741 تومن دکتر رفتم,health
6875,304 تومن قبض برق دادم,housing
6876,3886 تومن خرید لباس کردم,shopping
6877,3265 برای اسنپ پرداخت کردم,transport
6878,267 هزینه کار اداری شد,other
6879,1797 برای هزینه شخصی پرداخت شد,other
6880,665 تومن بیف برگر خوردم,food
6881,4532 برای سوپرمارکت دادم,shopping
6882,648 اجاره خونه پرداخت کردم,housing
6883,1457 برای هزینه متفرقه پرداخت شد,other
6884,4705 هزینه هزینه متفرقه شد,other
6885,1319 تومن خرج هزینه شخصی کردم,other
6886,3674 برای اسنپ پرداخت کردم,transport
6887,167 تومن کیف خریدم,shopping
6888,4950 برای کار اداری پرداخت شد,other
6889,4684 تومن خرید لباس کردم,shopping
6890,796 تومن قبض برق دادم,housing
6891,2328 برای سوپرمارکت دادم,shopping
6892,3855 تومن دکتر رفتم,health
6893,3390 تومن شهربازی رفتم,entertainment
6894,195 خرج کافی شاپ شد,entertainment
6895,732 تومن قبض برق دادم,housing
6896,2810 تومن خرید میوه کردم,shopping
6897,4825 هزینه کار اداری شد,other
6898,سهم 2877 شارژ ساختمان شد,housing
6899,3110 تومن کافی شاپ رفتم,entertainment
6900,برای 1460 بیف برگر تومن دادم,food
6901,2878 تومن خرج هزینه متفرقه کردم,other
6902,خرید 4673 آزمایش تومن,health
6903,2499 تومن تاکسی گرفتم,transport
6904,سهم 871 اجاره شد,housing
6905,1940 برای لوازم تحریر دادم,shopping
6906,4824 تومن کنسرت رفتم,entertainment
6907,برای 936 کنسرت دادم,entertainment
6908,979 تومن کباب گرفتم,food
6909,2448 هزینه هزینه شخصی شد,other
6910,75 کرایه رفت و برگشت شد,transport
6911,103 کرایه مترو شد,transport
6912,3832 برای هزینه شخصی پرداخت شد,other
6913,4563 تومن دکتر رفتم,health
6914,سهم 4941 برق شد,housing
6915,برای 4217 شهربازی دادم,entertainment
6916,سهم 3323 گاز شد,housing
6917,1164 تومن قبض گاز دادم,housing
6918,2927 تومن خرج کار اداری کردم,other
6919,3618 کرایه رفت و برگشت شد,transport
6920,749 تومن کنسرت رفتم,entertainment
6921,345 تومن لوازم تحریر خریدم,shopping
6922,2757 هزینه هزینه متفرقه شد,other
6923,49 تومن خرج کار اداری کردم,other
6924,1688 تومن پیتزا خوردم,food
6925,خرید 2733 ویزیت تومن,health
6926,295 کرایه تاکسی شد,transport
6927,2758 برای هزینه شخصی پرداخت شد,other
6928,2156 تومن کیف خریدم,shopping
6929,2761 تومن شام خوردم,food
6930,3322 تومن کباب گرفتم,food
6931,410 تومن کافی شاپ رفتم,entertainment
6932,3910 تومن رفت و برگشت گرفتم,transport
6933,4737 تومن خرج هزینه متفرقه کردم,other
6934,خرید 3561 دارو تومن,health
6935,950 تومن بازی رفتم,entertainment
6936,2771 برای هزینه متفرقه پرداخت شد,other
6937,2401 هزینه هزینه شخصی شد,other
6938,3881 خرج کنسرت شد,entertainment
6939,4552 هزینه کار اداری شد,other
6940,برای 995 شام تومن دادم,food
6941,3614 تومن دکتر رفتم,health
6942,برای 3710 شام تومن دادم,food
6943,4251 خرج کنسرت شد,entertainment
6944,1469 تومن پیتزا گرفتم,food
6945,4621 تومن خرج هزینه شخصی کردم,other
6946,4613 تومن سوپرمارکت خریدم,shopping
6947,778 تومن لباس خریدم,shopping
6948,1744 هزینه هزینه متفرقه شد,other
6949,3741 تومن خرید کیف کردم,shopping
6950,4234 برای کار اداری پرداخت شد,other
6951,32 برای اتوبوس پرداخت کردم,transport
6952,4784 کرایه اسنپ شد,transport
6953,3362 تومن خرید لباس کردم,shopping
6954,4431 تومن ساندویچ گرفتم,food
6955,2430 تومن دکتر رفتم,health
6956,2489 تومن شهربازی رفتم,entertainment
6957,4746 تومن سوپرمارکت خریدم,shopping
6958,برای 4878 ساندویچ تومن دادم,food
6959,1797 تومن هزینه دارو شد,health
6960,917 تومن کنسرت رفتم,entertainment
6961,1994 هزینه کار اداری شد,other
6962,3371 اجاره خونه پرداخت کردم,housing
6963,سهم 136 شارژ ساختمان شد,housing
6964,برای 4125 بازی دادم,entertainment
6965,86 تومن میوه خریدم,shopping
6966,2915 اجاره خونه پرداخت کردم,housing
6967,1592 اجاره خونه پرداخت کردم,housing
6968,3266 اجاره خونه پرداخت کردم,housing
6969,4529 برای لوازم تحریر دادم,shopping
6970,4440 اجاره خونه پرداخت کردم,housing
6971,برای 105 کنسرت دادم,entertainment
6972,3161 تومن تاکسی گرفتم,transport
6973,3557 اجاره خونه پرداخت کردم,housing
6974,خرید 1885 ویزیت تومن,health
6975,سهم 1828 گاز شد,housing
6976,برای 1410 سینما دادم,entertainment
6977,2971 تومن لوازم تحریر خریدم,shopping
6978,127 تومن قبض برق دادم,housing
6979,3360 برای لباس دادم,shopping
6980,3085 خرج کافی شاپ شد,entertainment
6981,خرید 2489 دارو تومن,health
6982,3421 تومن اسنپ گرفتم,transport
6983,1230 تومن خرید کیف کردم,shopping
6984,برای 3664 کنسرت دادم,entertainment
6985,1231 تومن لوازم تحریر خریدم,shopping
6986,4513 خرج سینما شد,entertainment
6987,سهم 729 برق شد,housing
6988,سهم 2615 برق شد,housing
6989,638 هزینه هزینه متفرقه شد,other
6990,برای 573 شهربازی دادم,entertainment
6991,1283 اجاره خونه پرداخت کردم,housing
6992,4503 اجاره خونه پرداخت کردم,housing
6993,سهم 778 اجاره شد,housing
6994,برای 3507 شام تومن دادم,food
6995,1151 برای اسنپ پرداخت کردم,transport
6996,سهم 2659 آب شد,housing
6997,برای 2812 پیتزا تومن دادم,food
6998,4995 تومن دکتر رفتم,health
6999,خرید 3569 ویزیت تومن,health
7000,1486 تومن خرید لباس کردم,shopping
7001,2488 اجاره خونه پرداخت کردم,housing
7002,2493 اجاره خونه پرداخت کردم,housing
7003,964 تومن خرید میوه کردم,shopping
7004,2311 برای لباس دادم,shopping
7005,برای 1740 کافی شاپ دادم,entertainment
7006,سهم 537 گاز شد,housing
7007,سهم 1813 اجاره شد,housing
7008,برای 2196 بازی دادم,entertainment
7009,49 تومن سینما رفتم,entertainment
7010,خرید 2432 ویزیت تومن,health
7011,4955 تومن سینما رفتم,entertainment
7012,2033 تومن خرج هزینه شخصی کردم,other
7013,3035 اجاره خونه پرداخت کردم,housing
7014,2140 خرج بازی شد,entertainment
7015,خرید 2161 دندانپزشک تومن,health
7016,4814 برای تاکسی پرداخت کردم,transport
7017,4374 تومن خرید لوازم تحریر کردم,shopping
7018,3109 تومن هزینه دندانپزشک شد,health
7019,1429 برای کار اداری پرداخت شد,other
7020,1882 تومن دکتر رفتم,health
7021,824 برای اتوبوس پرداخت کردم,transport
7022,خرید 701 ویزیت تومن,health
7023,3697 تومن پیتزا خوردم,food
7024,3944 کرایه اتوبوس شد,transport
7025,برای 2659 کافی شاپ دادم,entertainment
7026,2875 تومن پیتزا خوردم,food
7027,193 تومن لوازم تحریر خریدم,shopping
7028,خرید 3903 ویزیت تومن,health
7029,3600 تومن خرج هزینه شخصی کردم,other
7030,3319 تومن ساندویچ گرفتم,food
7031,برای 584 بازی دادم,entertainment
7032,2223 تومن ساندویچ خوردم,food
7033,4177 تومن ناهار خوردم,food
7034,150 تومن شام خوردم,food
7035,657 خرج کافی شاپ شد,entertainment
7036,1646 تومن خرج هزینه شخصی کردم,other
7037,خرید 2911 ویزیت تومن,health
7038,2620 تومن بازی رفتم,entertainment
7039,4570 تومن قبض آب دادم,housing
7040,271 برای هزینه متفرقه پرداخت شد,other
7041,2817 برای هزینه متفرقه پرداخت شد,other
7042,4145 تومن هزینه دندانپزشک شد,health
7043,خرید 1799 آزمایش تومن,health
7044,برای 3032 سینما دادم,entertainment
7045,3949 تومن کباب گرفتم,food
7046,3123 تومن دکتر رفتم,health
7047,برای 3783 شهربازی دادم,entertainment
7048,339 تومن کباب خوردم,food
7049,4928 تومن کنسرت رفتم,entertainment
7050,برای 2211 صبحونه تومن دادم,food
7051,378 تومن قبض اجاره دادم,housing
7052,برای 23 کافی شاپ دادم,entertainment
7053,2224 تومن لوازم تحریر خریدم,shopping
7054,خرید 4434 آزمایش تومن,health
7055,1257 تومن کافی شاپ رفتم,entertainment
7056,برای 2265 ناهار تومن دادم,food
7057,برای 3614 بازی دادم,entertainment
7058,سهم 182 اجاره شد,housing
7059,1738 تومن بازی رفتم,entertainment
7060,سهم 2887 اجاره شد,housing
7061,خرید 2178 دندانپزشک تومن,health
7062,1349 تومن اسنپ گرفتم,transport
7063,خرید 2371 دندانپزشک تومن,health
7064,4325 تومن میوه خریدم,shopping
7065,393 کرایه اسنپ شد,transport
7066,911 خرج سینما شد,entertainment
7067,930 اجاره خونه پرداخت کردم,housing
7068,4976 اجاره خونه پرداخت کردم,housing
7069,2889 برای لوازم تحریر دادم,shopping
7070,1411 تومن تاکسی گرفتم,transport
7071,736 تومن خرج کار اداری کردم,other
7072,سهم 1893 شارژ ساختمان شد,housing
7073,سهم 2905 آب شد,housing
7074,2221 تومن هزینه ویزیت شد,health
7075,برای 1370 بیف برگر تومن دادم,food
7076,3387 برای میوه دادم,shopping
7077,خرید 4306 آزمایش تومن,health
7078,3851 تومن کنسرت رفتم,entertainment
7079,657 تومن دکتر رفتم,health
7080,3632 تومن خرج هزینه متفرقه کردم,other
7081,431 تومن سینما رفتم,entertainment
7082,4980 تومن قبض شارژ ساختمان دادم,housing
7083,4910 برای کار اداری پرداخت شد,other
7084,سهم 3565 گاز شد,housing
7085,2909 برای هزینه شخصی پرداخت شد,other
7086,برای 673 صبحونه تومن دادم,food
7087,43 تومن خرج کار اداری کردم,other
7088,خرید 4808 آزمایش تومن,health
7089,1850 تومن بیف برگر خوردم,food
7090,برای 3321 کافی شاپ دادم,entertainment
7091,4369 تومن هزینه ویزیت شد,health
7092,3907 تومن مترو گرفتم,transport
7093,1801 تومن صبحونه گرفتم,food
7094,3513 برای کار اداری پرداخت شد,other
7095,4128 برای کیف دادم,shopping
7096,696 تومن قبض برق دادم,housing
7097,2700 هزینه کار اداری شد,other
7098,2619 برای هزینه متفرقه پرداخت شد,other
7099,620 تومن دکتر رفتم,health
7100,4480 اجاره خونه پرداخت کردم,housing
7101,4000 تومن تاکسی گرفتم,transport
7102,3013 برای اتوبوس پرداخت کردم,transport
7103,برای 1819 ناهار تومن دادم,food
7104,3326 خرج کنسرت شد,entertainment
7105,163 کرایه اتوبوس شد,transport
7106,4727 تومن اسنپ گرفتم,transport
7107,2088 هزینه هزینه شخصی شد,other
7108,4081 هزینه هزینه متفرقه شد,other
7109,خرید 545 دارو تومن,health
7110,4750 تومن قبض برق دادم,housing
7111,1780 برای اسنپ پرداخت کردم,transport
7112,4477 تومن ساندویچ خوردم,food
7113,437 برای سوپرمارکت دادم,shopping
7114,677 هزینه هزینه متفرقه شد,other
7115,4509 تومن قبض اجاره دادم,housing
7116,2791 تومن ساندویچ خوردم,food
7117,4755 تومن خرید لباس کردم,shopping
7118,سهم 425 گاز شد,housing
7119,3241 کرایه مترو شد,transport
7120,3528 تومن خرج هزینه شخصی کردم,other
7121,4533 تومن لباس خریدم,shopping
7122,4819 تومن قبض شارژ ساختمان دادم,housing
7123,برای 2338 شام تومن دادم,food
7124,431 برای میوه دادم,shopping
7125,2869 تومن هزینه آزمایش شد,health
7126,3349 تومن لباس خریدم,shopping
7127,1251 تومن کنسرت رفتم,entertainment
7128,4105 تومن بیف برگر گرفتم,food
7129,798 تومن قبض شارژ ساختمان دادم,housing
7130,3949 تومن خرید لوازم تحریر کردم,shopping
7131,917 اجاره خونه پرداخت کردم,housing
7132,1556 تومن قبض آب دادم,housing
7133,502 تومن خرج هزینه شخصی کردم,other
7134,2957 تومن شهربازی رفتم,entertainment
7135,3162 تومن اتوبوس گرفتم,transport
7136,خرید 3538 ویزیت تومن,health
7137,4457 خرج سینما شد,entertainment
7138,4465 برای لباس دادم,shopping
7139,4713 تومن دکتر رفتم,health
7140,3296 تومن هزینه دندانپزشک شد,health
7141,354 تومن اتوبوس گرفتم,transport
7142,4809 خرج بازی شد,entertainment
7143,114 تومن لوازم تحریر خریدم,shopping
7144,سهم 1617 شارژ ساختمان شد,housing
7145,3144 هزینه هزینه متفرقه شد,other
7146,خرید 69 دندانپزشک تومن,health
7147,3818 تومن دکتر رفتم,health
7148,732 تومن ساندویچ خوردم,food
7149,946 تومن پیتزا گرفتم,food
7150,4677 تومن هزینه آزمایش شد,health
7151,4397 تومن کنسرت رفتم,entertainment
7152,سهم 30 اجاره شد,housing
7153,4993 کرایه اسنپ شد,transport
7154,4221 خرج شهربازی شد,entertainment
7155,1306 برای هزینه متفرقه پرداخت شد,other
7156,برای 4182 بازی دادم,entertainment
7157,1467 کرایه اسنپ شد,transport
7158,2407 تومن کباب گرفتم,food
7159,2507 تومن دکتر رفتم,health
7160,3751 تومن هزینه دندانپزشک شد,health
7161,برای 150 سینما دادم,entertainment
7162,1853 برای لباس دادم,shopping
7163,4922 تومن خرج کار اداری کردم,other
7164,3250 تومن دکتر رفتم,health
7165,3819 تومن اسنپ گرفتم,transport
7166,2487 تومن پیتزا گرفتم,food
7167,سهم 1114 برق شد,housing
7168,359 برای کار اداری پرداخت شد,other
7169,3065 تومن خرج هزینه شخصی کردم,other
7170,2475 تومن خرید لوازم تحریر کردم,shopping
7171,سهم 664 گاز شد,housing
7172,1511 خرج شهربازی شد,entertainment
7173,1756 هزینه کار اداری شد,other
7174,307 تومن بازی رفتم,entertainment
7175,4146 برای کیف دادم,shopping
7176,4413 کرایه تاکسی شد,transport
7177,4977 تومن صبحونه خوردم,food
7178,1442 تومن قبض برق دادم,housing
7179,655 برای کار اداری پرداخت شد,other
7180,1689 تومن ناهار خوردم,food
7181,4694 تومن قبض گاز دادم,housing
7182,2048 تومن هزینه دندانپزشک شد,health
7183,2133 برای اتوبوس پرداخت کردم,transport
7184,3580 تومن اتوبوس گرفتم,transport
7185,3292 تومن بازی رفتم,entertainment
7186,1452 برای مترو پرداخت کردم,transport
7187,1651 برای لباس دادم,shopping
7188,1350 تومن میوه خریدم,shopping
7189,1085 تومن خرید میوه کردم,shopping
7190,1151 تومن هزینه دندانپزشک شد,health
7191,2494 هزینه کار اداری شد,other
7192,4322 تومن ناهار خوردم,food
7193,1858 تومن هزینه ویزیت شد,health
7194,4369 تومن ساندویچ گرفتم,food
7195,3006 تومن کافی شاپ رفتم,entertainment
7196,2461 تومن مترو گرفتم,transport
7197,701 اجاره خونه پرداخت کردم,housing
7198,2773 تومن میوه خریدم,shopping
7199,4445 تومن قبض شارژ ساختمان دادم,housing
7200,سهم 4728 آب شد,housing
7201,462 اجاره خونه پرداخت کردم,housing
7202,2996 کرایه اسنپ شد,transport
7203,859 تومن صبحونه گرفتم,food
7204,سهم 1424 برق شد,housing
7205,خرید 3117 دندانپزشک تومن,health
7206,1168 کرایه مترو شد,transport
7207,برای 1142 کنسرت دادم,entertainment
7208,711 تومن بیف برگر خوردم,food
7209,4187 اجاره خونه پرداخت کردم,housing
7210,651 برای هزینه متفرقه پرداخت شد,other
7211,3489 هزینه هزینه شخصی شد,other
7212,4685 تومن اسنپ گرفتم,transport
7213,3183 خرج بازی شد,entertainment
7214,سهم 3404 شارژ ساختمان شد,housing
7215,4753 کرایه رفت و برگشت شد,transport
7216,3667 تومن خرید کیف کردم,shopping
7217,1969 تومن ناهار گرفتم,food
7218,2663 تومن دکتر رفتم,health
7219,برای 4878 بازی دادم,entertainment
7220,2691 تومن لوازم تحریر خریدم,shopping
7221,2218 تومن دکتر رفتم,health
7222,برای 2097 بازی دادم,entertainment
7223,برای 1776 بیف برگر تومن دادم,food
7224,برای 4533 سینما دادم,entertainment
7225,برای 2887 کنسرت دادم,entertainment
7226,1655 تومن بازی رفتم,entertainment
7227,سهم 3093 شارژ ساختمان شد,housing
7228,1866 تومن دکتر رفتم,health
7229,2669 تومن شام گرفتم,food
7230,4595 اجاره خونه پرداخت کردم,housing
7231,سهم 4952 اجاره شد,housing
7232,80 اجاره خونه پرداخت کردم,housing
7233,3946 تومن تاکسی گرفتم,transport
7234,3003 خرج کنسرت شد,entertainment
7235,3503 برای تاکسی پرداخت کردم,transport
7236,2323 کرایه رفت و برگشت شد,transport
7237,4353 تومن پیتزا خوردم,food
7238,برای 4948 ناهار تومن دادم,food
7239,برای 612 بازی دادم,entertainment
7240,1118 تومن قبض شارژ ساختمان دادم,housing
7241,3495 تومن ساندویچ گرفتم,food
7242,برای 4632 بازی دادم,entertainment
7243,4221 برای لوازم تحریر دادم,shopping
7244,214 تومن هزینه آزمایش شد,health
7245,خرید 328 دارو تومن,health
7246,1481 هزینه کار اداری شد,other
7247,برای 4382 شام تومن دادم,food
7248,4836 تومن دکتر رفتم,health
7249,3499 برای اتوبوس پرداخت کردم,transport
7250,برای 212 شهربازی دادم,entertainment
7251,3411 هزینه کار اداری شد,other
7252,2429 هزینه کار اداری شد,other
7253,3217 تومن خرید لوازم تحریر کردم,shopping
7254,2814 هزینه کار اداری شد,other
7255,خرید 1826 ویزیت تومن,health
7256,1183 تومن صبحونه خوردم,food
7257,برای 4362 کباب تومن دادم,food
7258,3316 تومن خرج هزینه شخصی کردم,other
7259,3489 تومن دکتر رفتم,health
7260,2282 هزینه هزینه شخصی شد,other
7261,برای 3934 کافی شاپ دادم,entertainment
7262,سهم 4955 برق شد,housing
7263,3196 خرج شهربازی شد,entertainment
7264,2478 هزینه هزینه شخصی شد,other
7265,برای 445 ناهار تومن دادم,food
7266,سهم 5000 شارژ ساختمان شد,housing
7267,3409 تومن خرج کار اداری کردم,other
7268,435 برای کار اداری پرداخت شد,other
7269,193 تومن اسنپ گرفتم,transport
7270,2980 تومن لوازم تحریر خریدم,shopping
7271,4714 تومن خرج هزینه متفرقه کردم,other
7272,سهم 1168 آب شد,housing
7273,1015 تومن هزینه دندانپزشک شد,health
7274,2057 تومن خرج کار اداری کردم,other
7275,برای 1202 پیتزا تومن دادم,food
7276,خرید 2340 دندانپزشک تومن,health
7277,146 تومن خرج هزینه شخصی کردم,other
7278,3287 تومن سوپرمارکت خریدم,shopping
7279,2521 برای لباس دادم,shopping
7280,3622 تومن لباس خریدم,shopping
7281,171 تومن لباس خریدم,shopping
7282,2731 هزینه هزینه شخصی شد,other
7283,برای 2636 پیتزا تومن دادم,food
7284,3793 هزینه هزینه شخصی شد,other
7285,3831 خرج سینما شد,entertainment
7286,1679 کرایه رفت و برگشت شد,transport
7287,1614 تومن خرید کیف کردم,shopping
7288,1688 تومن دکتر رفتم,health
7289,4942 کرایه تاکسی شد,transport
7290,537 تومن پیتزا خوردم,food
7291,318 تومن دکتر رفتم,health
7292,1041 تومن خرید میوه کردم,shopping
7293,181 تومن قبض گاز دادم,housing
7294,2690 خرج کنسرت شد,entertainment
7295,774 برای اتوبوس پرداخت کردم,transport
7296,برای 4297 شهربازی دادم,entertainment
7297,برای 613 شهربازی دادم,entertainment
7298,4862 تومن ساندویچ خوردم,food
7299,2092 تومن قبض اجاره دادم,housing
7300,845 برای مترو پرداخت کردم,transport
7301,برای 935 شام تومن دادم,food
7302,3817 اجاره خونه پرداخت کردم,housing
7303,برای 633 کباب تومن دادم,food
7304,1434 برای اتوبوس پرداخت کردم,transport
7305,564 هزینه هزینه شخصی شد,other
7306,3523 برای لباس دادم,shopping
7307,350 تومن لباس خریدم,shopping
7308,1134 برای هزینه متفرقه پرداخت شد,other
7309,901 تومن دکتر رفتم,health
7310,4815 هزینه هزینه متفرقه شد,other
7311,2461 تومن قبض گاز دادم,housing
7312,164 هزینه کار اداری شد,other
7313,653 تومن خرید لباس کردم,shopping
7314,3015 هزینه هزینه شخصی شد,other
7315,1813 هزینه هزینه شخصی شد,other
7316,2048 اجاره خونه پرداخت کردم,housing
7317,1616 اجاره خونه پرداخت کردم,housing
7318,1327 برای کار اداری پرداخت شد,other
7319,820 برای کار اداری پرداخت شد,other
7320,1627 برای لوازم تحریر دادم,shopping
7321,4373 تومن خرید میوه کردم,shopping
7322,2505 تومن هزینه ویزیت شد,health
7323,برای 970 شهربازی دادم,entertainment
7324,3061 تومن قبض شارژ ساختمان دادم,housing
7325,2377 تومن خرج هزینه متفرقه کردم,other
7326,1115 تومن صبحونه خوردم,food
7327,4946 برای هزینه متفرقه پرداخت شد,other
7328,2109 هزینه هزینه شخصی شد,other
7329,2959 تومن دکتر رفتم,health
7330,1299 برای هزینه متفرقه پرداخت شد,other
7331,برای 1709 ناهار تومن دادم,food
7332,2435 برای میوه دادم,shopping
7333,1614 تومن بیف برگر خوردم,food
7334,2039 برای میوه دادم,shopping
7335,3178 تومن دکتر رفتم,health
7336,1315 خرج کافی شاپ شد,entertainment
7337,2064 تومن مترو گرفتم,transport
7338,379 تومن خرج کار اداری کردم,other
7339,4849 تومن خرج هزینه متفرقه کردم,other
7340,سهم 1690 اجاره شد,housing
7341,3795 تومن دکتر رفتم,health
7342,1678 هزینه هزینه متفرقه شد,other
7343,4746 برای میوه دادم,shopping
7344,خرید 2828 دارو تومن,health
7345,خرید 684 ویزیت تومن,health
7346,3057 برای میوه دادم,shopping
7347,4235 تومن مترو گرفتم,transport
7348,2792 هزینه هزینه متفرقه شد,other
7349,2907 تومن اتوبوس گرفتم,transport
7350,753 کرایه اسنپ شد,transport
7351,برای 3325 صبحونه تومن دادم,food
7352,خرید 2021 ویزیت تومن,health
7353,2777 کرایه مترو شد,transport
7354,2828 برای اسنپ پرداخت کردم,transport
7355,4781 برای سوپرمارکت دادم,shopping
7356,2570 تومن دکتر رفتم,health
7357,سهم 788 شارژ ساختمان شد,housing
7358,1008 تومن خرید لوازم تحریر کردم,shopping
7359,479 برای میوه دادم,shopping
7360,2171 اجاره خونه پرداخت کردم,housing
7361,2227 تومن دکتر رفتم,health
7362,914 خرج سینما شد,entertainment
7363,برای 925 کباب تومن دادم,food
7364,1794 برای رفت و برگشت پرداخت کردم,transport
7365,سهم 3432 اجاره شد,housing
7366,356 هزینه هزینه شخصی شد,other
7367,1663 برای هزینه شخصی پرداخت شد,other
7368,1753 تومن لباس خریدم,shopping
7369,4541 تومن قبض آب دادم,housing
7370,3533 تومن هزینه ویزیت شد,health
7371,برای 4157 سینما دادم,entertainment
7372,سهم 3887 گاز شد,housing
7373,برای 2098 کنسرت دادم,entertainment
7374,903 اجاره خونه پرداخت کردم,housing
7375,سهم 1528 اجاره شد,housing
7376,خرید 4513 دندانپزشک تومن,health
7377,198 خرج بازی شد,entertainment
7378,سهم 130 شارژ ساختمان شد,housing
7379,برای 3853 صبحونه تومن دادم,food
7380,363 تومن خرید میوه کردم,shopping
7381,412 تومن صبحونه گرفتم,food
7382,برای 3744 کنسرت دادم,entertainment
7383,836 برای کیف دادم,shopping
7384,43 تومن هزینه دندانپزشک شد,health
7385,1745 هزینه کار اداری شد,other
7386,485 تومن لوازم تحریر خریدم,shopping
7387,3821 تومن مترو گرفتم,transport
7388,547 تومن ساندویچ گرفتم,food
7389,181 تومن خرج کار اداری کردم,other
7390,برای 4723 سینما دادم,entertainment
7391,1154 تومن کافی شاپ رفتم,entertainment
7392,3673 خرج شهربازی شد,entertainment
7393,3592 برای مترو پرداخت کردم,transport
7394,3602 تومن خرید لوازم تحریر کردم,shopping
7395,409 تومن هزینه آزمایش شد,health
7396,3829 اجاره خونه پرداخت کردم,housing
7397,3304 برای مترو پرداخت کردم,transport
7398,4914 هزینه هزینه شخصی شد,other
7399,982 برای مترو پرداخت کردم,transport
7400,برای 3806 بیف برگر تومن دادم,food
7401,786 تومن خرج هزینه متفرقه کردم,other
7402,3650 تومن بیف برگر خوردم,food
7403,2962 تومن قبض آب دادم,housing
7404,4930 کرایه تاکسی شد,transport
7405,736 تومن کباب خوردم,food
7406,5000 تومن بازی رفتم,entertainment
7407,سهم 1171 اجاره شد,housing
7408,1843 تومن دکتر رفتم,health
7409,3251 برای اسنپ پرداخت کردم,transport
7410,1571 هزینه هزینه شخصی شد,other
7411,984 برای تاکسی پرداخت کردم,transport
7412,1092 تومن خرید سوپرمارکت کردم,shopping
7413,برای 2876 سینما دادم,entertainment
7414,4751 برای هزینه متفرقه پرداخت شد,other
7415,4211 تومن خرج هزینه متفرقه کردم,other
7416,برای 2687 صبحونه تومن دادم,food
7417,4461 تومن کباب گرفتم,food
7418,1352 تومن خرید کیف کردم,shopping
7419,3431 تومن لباس خریدم,shopping
7420,4562 تومن شام خوردم,food
7421,4286 تومن لباس خریدم,shopping
7422,393 هزینه هزینه متفرقه شد,other
7423,3955 تومن کباب گرفتم,food
7424,3428 تومن هزینه دندانپزشک شد,health
7425,2169 تومن خرید سوپرمارکت کردم,shopping
7426,1999 اجاره خونه پرداخت کردم,housing
7427,579 تومن دکتر رفتم,health
7428,1366 تومن لباس خریدم,shopping
7429,2279 تومن اسنپ گرفتم,transport
7430,خرید 2592 آزمایش تومن,health
7431,179 تومن لوازم تحریر خریدم,shopping
7432,1599 تومن سوپرمارکت خریدم,shopping
7433,1989 اجاره خونه پرداخت کردم,housing
7434,4666 تومن هزینه دندانپزشک شد,health
7435,برای 4671 پیتزا تومن دادم,food
7436,3384 تومن بیف برگر خوردم,food
7437,برای 865 ساندویچ تومن دادم,food
7438,4669 اجاره خونه پرداخت کردم,housing
7439,3695 تومن کنسرت رفتم,entertainment
7440,2940 تومن شهربازی رفتم,entertainment
7441,2762 تومن کباب خوردم,food
7442,3636 خرج شهربازی شد,entertainment
7443,3765 برای کار اداری پرداخت شد,other
7444,935 تومن خرید لوازم تحریر کردم,shopping
7445,2151 برای لوازم تحریر دادم,shopping
7446,3652 برای اسنپ پرداخت کردم,transport
7447,برای 1211 کنسرت دادم,entertainment
7448,3108 تومن اتوبوس گرفتم,transport
7449,سهم 1106 شارژ ساختمان شد,housing
7450,974 تومن مترو گرفتم,transport
7451,732 تومن خرج هزینه متفرقه کردم,other
7452,4800 تومن قبض آب دادم,housing
7453,735 کرایه اسنپ شد,transport
7454,2397 اجاره خونه پرداخت کردم,housing
7455,347 برای اسنپ پرداخت کردم,transport
7456,90 اجاره خونه پرداخت کردم,housing
7457,3738 اجاره خونه پرداخت کردم,housing
7458,4665 تومن خرید میوه کردم,shopping
7459,برای 2247 کباب تومن دادم,food
7460,518 تومن شهربازی رفتم,entertainment
7461,4445 تومن هزینه دندانپزشک شد,health
7462,1984 تومن قبض اجاره دادم,housing
7463,4703 تومن خرج کار اداری کردم,other
7464,برای 498 شهربازی دادم,entertainment
7465,3985 تومن کباب گرفتم,food
7466,3498 تومن هزینه دندانپزشک شد,health
7467,1785 برای کار اداری پرداخت شد,other
7468,4703 تومن خرید لوازم تحریر کردم,shopping
7469,3492 تومن قبض برق دادم,housing
7470,3754 تومن اسنپ گرفتم,transport
7471,667 برای کیف دادم,shopping
7472,برای 4806 صبحونه تومن دادم,food
7473,4889 تومن قبض گاز دادم,housing
7474,2263 تومن پیتزا خوردم,food
7475,1759 برای اسنپ پرداخت کردم,transport
7476,2006 هزینه هزینه شخصی شد,other
7477,1815 تومن ناهار خوردم,food
7478,4730 تومن شهربازی رفتم,entertainment
7479,1144 تومن بیف برگر خوردم,food
7480,833 برای کار اداری پرداخت شد,other
7481,3259 تومن میوه خریدم,shopping
7482,برای 1985 ناهار تومن دادم,food
7483,1227 تومن کیف خریدم,shopping
7484,172 خرج کافی شاپ شد,entertainment
7485,سهم 548 اجاره شد,housing
7486,2908 برای تاکسی پرداخت کردم,transport
7487,4637 برای سوپرمارکت دادم,shopping
7488,3710 تومن شام گرفتم,food
7489,4764 تومن لباس خریدم,shopping
7490,2643 تومن قبض برق دادم,housing
7491,1274 برای هزینه شخصی پرداخت شد,other
7492,626 برای تاکسی پرداخت کردم,transport
7493,4957 برای کار اداری پرداخت شد,other
7494,45 برای اتوبوس پرداخت کردم,transport
7495,برای 4800 بازی دادم,entertainment
7496,243 تومن مترو گرفتم,transport
7497,3461 هزینه کار اداری شد,other
7498,سهم 1728 شارژ ساختمان شد,housing
7499,93 تومن خرید میوه کردم,shopping
7500,1551 کرایه اسنپ شد,transport
7501,472 کرایه مترو شد,transport
7502,3724 برای مترو پرداخت کردم,transport
7503,716 برای هزینه متفرقه پرداخت شد,other
7504,برای 256 بازی دادم,entertainment
7505,2853 برای سوپرمارکت دادم,shopping
7506,برای 1360 کافی شاپ دادم,entertainment
7507,برای 590 کافی شاپ دادم,entertainment
7508,2656 هزینه هزینه شخصی شد,other
7509,1842 کرایه مترو شد,transport
7510,3556 برای کیف دادم,shopping
7511,خرید 2784 آزمایش تومن,health
7512,1014 اجاره خونه پرداخت کردم,housing
7513,1793 برای کار اداری پرداخت شد,other
7514,3330 تومن دکتر رفتم,health
7515,4062 تومن صبحونه گرفتم,food
7516,3130 برای لباس دادم,shopping
7517,1599 خرج کنسرت شد,entertainment
7518,456 اجاره خونه پرداخت کردم,housing
7519,خرید 206 ویزیت تومن,health
7520,1186 تومن ساندویچ خوردم,food
7521,1039 برای لباس دادم,shopping
7522,2714 تومن دکتر رفتم,health
7523,4999 تومن بیف برگر گرفتم,food
7524,41 تومن هزینه دندانپزشک شد,health
7525,308 اجاره خونه پرداخت کردم,housing
7526,4300 تومن خرج هزینه متفرقه کردم,other
7527,4282 خرج سینما شد,entertainment
7528,1877 تومن مترو گرفتم,transport
7529,3860 تومن دکتر رفتم,health
7530,1249 تومن خرج هزینه شخصی کردم,other
7531,3202 تومن لباس خریدم,shopping
7532,4622 تومن اتوبوس گرفتم,transport
7533,1013 تومن قبض شارژ ساختمان دادم,housing
7534,3764 کرایه تاکسی شد,transport
7535,386 برای لوازم تحریر دادم,shopping
7536,3440 برای سوپرمارکت دادم,shopping
7537,4808 تومن خرید لوازم تحریر کردم,shopping
7538,1968 تومن دکتر رفتم,health
7539,خرید 4869 ویزیت تومن,health
7540,2242 تومن بیف برگر گرفتم,food
7541,548 تومن هزینه ویزیت شد,health
7542,برای 3335 سینما دادم,entertainment
7543,3266 تومن ساندویچ گرفتم,food
7544,3911 تومن کنسرت رفتم,entertainment
7545,3422 تومن بازی رفتم,entertainment
7546,475 برای لوازم تحریر دادم,shopping
7547,1459 تومن هزینه آزمایش شد,health
7548,2850 تومن سینما رفتم,entertainment
7549,2762 تومن بیف برگر خوردم,food
7550,2646 تومن رفت و برگشت گرفتم,transport
7551,3359 تومن دکتر رفتم,health
7552,سهم 574 اجاره شد,housing
7553,2077 تومن شام گرفتم,food
7554,2858 هزینه هزینه شخصی شد,other
7555,خرید 4696 دارو تومن,health
7556,برای 2056 کنسرت دادم,entertainment
7557,3585 تومن خرج هزینه متفرقه کردم,other
7558,2262 تومن مترو گرفتم,transport
7559,3784 تومن هزینه ویزیت شد,health
7560,3950 تومن کافی شاپ رفتم,entertainment
7561,469 هزینه هزینه متفرقه شد,other
7562,4207 برای کار اداری پرداخت شد,other
7563,1563 هزینه هزینه متفرقه شد,other
7564,3335 برای لباس دادم,shopping
7565,1527 هزینه هزینه متفرقه شد,other
7566,4013 برای هزینه متفرقه پرداخت شد,other
7567,1539 خرج کنسرت شد,entertainment
7568,برای 1150 ناهار تومن دادم,food
7569,3821 تومن خرید لوازم تحریر کردم,shopping
7570,3432 تومن دکتر رفتم,health
7571,سهم 318 گاز شد,housing
7572,3741 تومن تاکسی گرفتم,transport
7573,376 برای هزینه متفرقه پرداخت شد,other
7574,1388 تومن خرید لوازم تحریر کردم,shopping
7575,سهم 2810 گاز شد,housing
7576,4690 تومن سوپرمارکت خریدم,shopping
7577,4766 تومن هزینه دارو شد,health
7578,424 خرج سینما شد,entertainment
7579,3387 برای لباس دادم,shopping
7580,4763 تومن ساندویچ خوردم,food
7581,خرید 4693 دارو تومن,health
7582,1833 برای هزینه شخصی پرداخت شد,other
7583,خرید 1401 آزمایش تومن,health
7584,4732 تومن صبحونه خوردم,food
7585,564 تومن خرج کار اداری کردم,other
7586,30 تومن لوازم تحریر خریدم,shopping
7587,744 تومن قبض اجاره دادم,housing
7588,27 تومن لباس خریدم,shopping
7589,برای 4333 ساندویچ تومن دادم,food
7590,1441 تومن خرج هزینه شخصی کردم,other
7591,سهم 3958 شارژ ساختمان شد,housing
7592,4090 تومن شام خوردم,food
7593,2308 خرج سینما شد,entertainment
7594,4378 کرایه اسنپ شد,transport
7595,4125 کرایه رفت و برگشت شد,transport
7596,2275 تومن هزینه دندانپزشک شد,health
7597,برای 4974 کافی شاپ دادم,entertainment
7598,1569 تومن خرج هزینه متفرقه کردم,other
7599,265 تومن هزینه ویزیت شد,health
7600,2832 برای هزینه متفرقه پرداخت شد,other
7601,644 کرایه مترو شد,transport
7602,172 برای هزینه شخصی پرداخت شد,other
7603,3732 خرج کافی شاپ شد,entertainment
7604,1235 هزینه هزینه متفرقه شد,other
7605,1291 برای لباس دادم,shopping
7606,3994 تومن کیف خریدم,shopping
7607,1511 تومن خرید لباس کردم,shopping
7608,3416 تومن خرید کیف کردم,shopping
7609,2671 برای هزینه شخصی پرداخت شد,other
7610,1376 برای هزینه متفرقه پرداخت شد,other
7611,2762 خرج بازی شد,entertainment
7612,2271 تومن خرج هزینه شخصی کردم,other
7613,2793 تومن دکتر رفتم,health
7614,سهم 2834 آب شد,housing
7615,2882 تومن ناهار خوردم,food
7616,خرید 2719 آزمایش تومن,health
7617,3547 تومن سوپرمارکت خریدم,shopping
7618,1128 خرج سینما شد,entertainment
7619,3434 برای سوپرمارکت دادم,shopping
7620,2341 برای میوه دادم,shopping
7621,برای 4669 کباب تومن دادم,food
7622,2157 تومن خرج هزینه متفرقه کردم,other
7623,3531 برای لوازم تحریر دادم,shopping
7624,2651 هزینه هزینه شخصی شد,other
7625,2153 تومن مترو گرفتم,transport
7626,1873 تومن لوازم تحریر خریدم,shopping
7627,2173 تومن قبض شارژ ساختمان دادم,housing
7628,2268 هزینه کار اداری شد,other
7629,348 تومن بیف برگر خوردم,food
7630,3591 تومن خرج هزینه شخصی کردم,other
7631,برای 3352 پیتزا تومن دادم,food
7632,برای 3763 سینما دادم,entertainment
7633,2190 تومن قبض گاز دادم,housing
7634,برای 3848 سینما دادم,entertainment
7635,4966 تومن دکتر رفتم,health
7636,برای 4292 کنسرت دادم,entertainment
7637,1049 تومن شام خوردم,food
7638,2022 تومن دکتر رفتم,health
7639,2676 تومن کنسرت رفتم,entertainment
7640,3110 تومن دکتر رفتم,health
7641,4681 تومن اسنپ گرفتم,transport
7642,خرید 4982 دندانپزشک تومن,health
7643,1103 تومن دکتر رفتم,health
7644,برای 4152 صبحونه تومن دادم,food
7645,برای 3989 بیف برگر تومن دادم,food
7646,برای 2290 بازی دادم,entertainment
7647,1315 خرج بازی شد,entertainment
7648,2246 تومن ساندویچ خوردم,food
7649,سهم 3156 شارژ ساختمان شد,housing
7650,3864 تومن صبحونه گرفتم,food
7651,2164 تومن رفت و برگشت گرفتم,transport
7652,1147 اجاره خونه پرداخت کردم,housing
7653,3592 تومن شهربازی رفتم,entertainment
7654,خرید 203 دندانپزشک تومن,health
7655,197 هزینه هزینه متفرقه شد,other
7656,4040 هزینه هزینه متفرقه شد,other
7657,3268 تومن پیتزا گرفتم,food
7658,4219 تومن سینما رفتم,entertainment
7659,خرید 4675 دندانپزشک تومن,health
7660,2334 تومن اسنپ گرفتم,transport
7661,برای 4146 ساندویچ تومن دادم,food
7662,4241 خرج کنسرت شد,entertainment
7663,1754 تومن دکتر رفتم,health
7664,4368 تومن هزینه دارو شد,health
7665,3294 تومن کیف خریدم,shopping
7666,2315 برای مترو پرداخت کردم,transport
7667,1624 برای تاکسی پرداخت کردم,transport
7668,2834 برای کیف دادم,shopping
7669,خرید 2575 دارو تومن,health
7670,3563 کرایه اسنپ شد,transport
7671,3727 تومن ساندویچ خوردم,food
7672,3884 تومن مترو گرفتم,transport
7673,4785 هزینه هزینه شخصی شد,other
7674,1586 تومن ساندویچ خوردم,food
7675,4704 کرایه اسنپ شد,transport
7676,466 خرج شهربازی شد,entertainment
7677,3515 تومن بیف برگر خوردم,food
7678,2809 کرایه رفت و برگشت شد,transport
7679,2779 تومن پیتزا خوردم,food
7680,2034 تومن پیتزا خوردم,food
7681,2357 تومن خرید کیف کردم,shopping
7682,2480 خرج کافی شاپ شد,entertainment
7683,766 تومن خرید کیف کردم,shopping
7684,867 تومن ساندویچ گرفتم,food
7685,597 تومن خرید کیف کردم,shopping
7686,830 برای رفت و برگشت پرداخت کردم,transport
7687,354 تومن کنسرت رفتم,entertainment
7688,3439 برای مترو پرداخت کردم,transport
7689,3256 تومن پیتزا خوردم,food
7690,برای 3955 شهربازی دادم,entertainment
7691,4230 تومن صبحونه خوردم,food
7692,1042 برای رفت و برگشت پرداخت کردم,transport
7693,3019 برای لوازم تحریر دادم,shopping
7694,3735 برای لباس دادم,shopping
7695,4612 تومن خرج هزینه شخصی کردم,other
7696,632 تومن رفت و برگشت گرفتم,transport
7697,1608 تومن کافی شاپ رفتم,entertainment
7698,3992 برای تاکسی پرداخت کردم,transport
7699,4389 کرایه اتوبوس شد,transport
7700,731 تومن تاکسی گرفتم,transport
7701,945 تومن هزینه دندانپزشک شد,health
7702,1739 تومن خرید لوازم تحریر کردم,shopping
7703,برای 1383 سینما دادم,entertainment
7704,2178 تومن قبض اجاره دادم,housing
7705,4439 تومن هزینه ویزیت شد,health
7706,2122 تومن کافی شاپ رفتم,entertainment
7707,2279 تومن لوازم تحریر خریدم,shopping
7708,برای 4487 کباب تومن دادم,food
7709,401 برای رفت و برگشت پرداخت کردم,transport
7710,23 اجاره خونه پرداخت کردم,housing
7711,755 تومن خرید میوه کردم,shopping
7712,1451 تومن دکتر رفتم,health
7713,2274 هزینه هزینه متفرقه شد,other
7714,169 برای کار اداری پرداخت شد,other
7715,4475 تومن اتوبوس گرفتم,transport
7716,2158 تومن کباب خوردم,food
7717,2582 اجاره خونه پرداخت کردم,housing
7718,1144 تومن سوپرمارکت خریدم,shopping
7719,4751 تومن خرج هزینه متفرقه کردم,other
7720,1429 کرایه اتوبوس شد,transport
7721,برای 1676 ساندویچ تومن دادم,food
7722,2151 اجاره خونه پرداخت کردم,housing
7723,747 تومن کنسرت رفتم,entertainment
7724,589 برای میوه دادم,shopping
7725,برای 197 صبحونه تومن دادم,food
7726,4634 تومن قبض اجاره دادم,housing
7727,1092 تومن خرج هزینه شخصی کردم,other
7728,3863 تومن هزینه آزمایش شد,health
7729,2628 هزینه کار اداری شد,other
7730,خرید 60 آزمایش تومن,health
7731,2768 خرج شهربازی شد,entertainment
7732,2276 کرایه رفت و برگشت شد,transport
7733,4769 اجاره خونه پرداخت کردم,housing
7734,1171 کرایه رفت و برگشت شد,transport
7735,2358 تومن ناهار گرفتم,food
7736,2092 کرایه تاکسی شد,transport
7737,508 خرج کنسرت شد,entertainment
7738,552 تومن خرج هزینه متفرقه کردم,other
7739,برای 2813 ناهار تومن دادم,food
7740,4432 تومن هزینه دندانپزشک شد,health
7741,4480 تومن اتوبوس گرفتم,transport
7742,2421 خرج بازی شد,entertainment
7743,3075 برای کار اداری پرداخت شد,other
7744,1743 تومن سینما رفتم,entertainment
7745,3153 برای اتوبوس پرداخت کردم,transport
7746,3165 تومن ساندویچ گرفتم,food
7747,3695 تومن خرج هزینه متفرقه کردم,other
7748,3566 تومن میوه خریدم,shopping
7749,برای 1153 سینما دادم,entertainment
7750,خرید 4286 ویزیت تومن,health
7751,4477 تومن شام خوردم,food
7752,4282 هزینه کار اداری شد,other
7753,3739 هزینه هزینه متفرقه شد,other
7754,2537 تومن مترو گرفتم,transport
7755,3097 تومن لوازم تحریر خریدم,shopping
7756,3556 تومن هزینه آزمایش شد,health
7757,4667 تومن خرید لباس کردم,shopping
7758,برای 4098 شام تومن دادم,food
7759,303 تومن کباب گرفتم,food
7760,1685 هزینه هزینه متفرقه شد,other
7761,1797 تومن رفت و برگشت گرفتم,transport
7762,4496 تومن خرید سوپرمارکت کردم,shopping
7763,1872 برای کیف دادم,shopping
7764,1185 خرج کنسرت شد,entertainment
7765,2433 تومن سینما رفتم,entertainment
7766,2711 برای سوپرمارکت دادم,shopping
7767,4307 تومن خرید کیف کردم,shopping
7768,1653 تومن بازی رفتم,entertainment
7769,141 تومن خرج هزینه شخصی کردم,other
7770,3141 هزینه کار اداری شد,other
7771,برای 2571 بازی دادم,entertainment
7772,747 تومن ساندویچ خوردم,food
7773,برای 1862 صبحونه تومن دادم,food
7774,2798 هزینه هزینه متفرقه شد,other
7775,299 تومن هزینه دندانپزشک شد,health
7776,878 برای اتوبوس پرداخت کردم,transport
7777,3236 برای مترو پرداخت کردم,transport
7778,3145 تومن لوازم تحریر خریدم,shopping
7779,3669 تومن کباب گرفتم,food
7780,4693 برای تاکسی پرداخت کردم,transport
7781,284 تومن شام گرفتم,food
7782,3782 اجاره خونه پرداخت کردم,housing
7783,1134 تومن خرج کار اداری کردم,other
7784,4990 تومن تاکسی گرفتم,transport
7785,1871 تومن اسنپ گرفتم,transport
7786,4269 اجاره خونه پرداخت کردم,housing
7787,برای 3208 بازی دادم,entertainment
7788,3511 کرایه اتوبوس شد,transport
7789,3493 تومن ناهار خوردم,food
7790,2168 تومن سینما رفتم,entertainment
7791,1794 تومن بازی رفتم,entertainment
7792,361 تومن کباب گرفتم,food
7793,برای 502 سینما دادم,entertainment
7794,سهم 3025 اجاره شد,housing
7795,4238 تومن لباس خریدم,shopping
7796,1855 تومن هزینه ویزیت شد,health
7797,2551 تومن دکتر رفتم,health
7798,2590 کرایه مترو شد,transport
7799,2537 برای هزینه شخصی پرداخت شد,other
7800,خرید 2191 ویزیت تومن,health
7801,3010 برای تاکسی پرداخت کردم,transport
7802,4085 تومن خرج هزینه متفرقه کردم,other
7803,1971 کرایه رفت و برگشت شد,transport
7804,1554 تومن دکتر رفتم,health
7805,2592 تومن شهربازی رفتم,entertainment
7806,سهم 1116 شارژ ساختمان شد,housing
7807,4366 برای سوپرمارکت دادم,shopping
7808,4180 تومن کباب گرفتم,food
7809,3388 تومن قبض اجاره دادم,housing
7810,4484 هزینه هزینه شخصی شد,other
7811,4690 اجاره خونه پرداخت کردم,housing
7812,سهم 634 گاز شد,housing
7813,4395 تومن هزینه ویزیت شد,health
7814,4345 برای کار اداری پرداخت شد,other
7815,4728 کرایه رفت و برگشت شد,transport
7816,4057 برای لوازم تحریر دادم,shopping
7817,301 خرج کافی شاپ شد,entertainment
7818,81 برای میوه دادم,shopping
7819,2685 خرج کنسرت شد,entertainment
7820,1137 تومن خرید میوه کردم,shopping
7821,خرید 3516 ویزیت تومن,health
7822,3388 تومن صبحونه گرفتم,food
7823,4171 تومن خرید لوازم تحریر کردم,shopping
7824,خرید 4024 دندانپزشک تومن,health
7825,4655 تومن خرید میوه کردم,shopping
7826,847 تومن هزینه آزمایش شد,health
7827,4570 برای کیف دادم,shopping
7828,4141 تومن کنسرت رفتم,entertainment
7829,2149 تومن سوپرمارکت خریدم,shopping
7830,3094 کرایه مترو شد,transport
7831,2366 اجاره خونه پرداخت کردم,housing
7832,4845 اجاره خونه پرداخت کردم,housing
7833,3843 خرج سینما شد,entertainment
7834,3281 تومن خرید سوپرمارکت کردم,shopping
7835,3381 تومن سینما رفتم,entertainment
7836,سهم 4490 شارژ ساختمان شد,housing
7837,270 تومن خرید سوپرمارکت کردم,shopping
7838,3959 برای اتوبوس پرداخت کردم,transport
7839,برای 2288 شام تومن دادم,food
7840,1408 تومن خرج هزینه شخصی کردم,other
7841,1306 تومن هزینه ویزیت شد,health
7842,1852 تومن قبض برق دادم,housing
7843,2088 تومن رفت و برگشت گرفتم,transport
7844,خرید 4981 ویزیت تومن,health
7845,2397 تومن شام گرفتم,food
7846,4327 تومن هزینه ویزیت شد,health
7847,برای 1638 کنسرت دادم,entertainment
7848,3104 تومن اتوبوس گرفتم,transport
7849,برای 1884 سینما دادم,entertainment
7850,4191 تومن میوه خریدم,shopping
7851,سهم 3029 برق شد,housing
7852,3261 اجاره خونه پرداخت کردم,housing
7853,2483 هزینه کار اداری شد,other
7854,2765 تومن پیتزا گرفتم,food
7855,1082 برای هزینه متفرقه پرداخت شد,other
7856,109 تومن شام خوردم,food
7857,برای 4294 بیف برگر تومن دادم,food
7858,برای 4530 کباب تومن دادم,food
7859,4222 برای لوازم تحریر دادم,shopping
7860,برای 4755 ناهار تومن دادم,food
7861,1667 تومن اسنپ گرفتم,transport
7862,1678 تومن ساندویچ خوردم,food
7863,1781 تومن رفت و برگشت گرفتم,transport
7864,برای 331 پیتزا تومن دادم,food
7865,4568 تومن مترو گرفتم,transport
7866,4599 خرج کنسرت شد,entertainment
7867,2687 تومن کباب گرفتم,food
7868,برای 1247 ناهار تومن دادم,food
7869,2840 تومن کباب خوردم,food
7870,893 تومن خرج کار اداری کردم,other
7871,1443 تومن صبحونه گرفتم,food
7872,برای 1464 کنسرت دادم,entertainment
7873,3362 تومن تاکسی گرفتم,transport
7874,برای 4734 پیتزا تومن دادم,food
7875,1584 تومن شهربازی رفتم,entertainment
7876,991 تومن خرید لوازم تحریر کردم,shopping
7877,1815 تومن ساندویچ گرفتم,food
7878,برای 4922 کباب تومن دادم,food
7879,502 تومن قبض اجاره دادم,housing
7880,خرید 2884 ویزیت تومن,health
7881,323 کرایه اتوبوس شد,transport
7882,خرید 831 آزمایش تومن,health
7883,210 خرج سینما شد,entertainment
7884,1639 تومن قبض اجاره دادم,housing
7885,4967 تومن اتوبوس گرفتم,transport
7886,برای 3221 صبحونه تومن دادم,food
7887,4381 تومن رفت و برگشت گرفتم,transport
7888,1586 تومن دکتر رفتم,health
7889,767 تومن لوازم تحریر خریدم,shopping
7890,4996 برای کار اداری پرداخت شد,other
7891,670 برای اتوبوس پرداخت کردم,transport
7892,3398 تومن بازی رفتم,entertainment
7893,573 تومن پیتزا گرفتم,food
7894,برای 4180 کافی شاپ دادم,entertainment
7895,برای 132 ناهار تومن دادم,food
7896,742 تومن مترو گرفتم,transport
7897,1262 تومن خرید لوازم تحریر کردم,shopping
7898,4889 خرج کافی شاپ شد,entertainment
7899,1646 خرج شهربازی شد,entertainment
7900,1082 برای هزینه متفرقه پرداخت شد,other
7901,برای 3277 ناهار تومن دادم,food
7902,3670 تومن کباب خوردم,food
7903,408 تومن قبض برق دادم,housing
7904,4074 برای کار اداری پرداخت شد,other
7905,2095 برای هزینه متفرقه پرداخت شد,other
7906,2454 خرج کنسرت شد,entertainment
7907,3415 تومن اسنپ گرفتم,transport
7908,537 برای هزینه شخصی پرداخت شد,other
7909,3402 تومن قبض گاز دادم,housing
7910,4640 برای کیف دادم,shopping
7911,1518 تومن خرج هزینه متفرقه کردم,other
7912,سهم 2574 گاز شد,housing
7913,2250 هزینه کار اداری شد,other
7914,برای 2741 پیتزا تومن دادم,food
7915,4540 هزینه کار اداری شد,other
7916,814 تومن قبض شارژ ساختمان دادم,housing
7917,4237 تومن قبض اجاره دادم,housing
7918,4620 خرج شهربازی شد,entertainment
7919,1587 تومن خرج کار اداری کردم,other
7920,4240 تومن بیف برگر گرفتم,food
7921,3302 تومن شهربازی رفتم,entertainment
7922,4784 تومن خرید میوه کردم,shopping
7923,1162 تومن اتوبوس گرفتم,transport
7924,2884 تومن لباس خریدم,shopping
7925,2469 تومن قبض آب دادم,housing
7926,273 خرج کنسرت شد,entertainment
7927,1139 تومن خرید کیف کردم,shopping
7928,خرید 3539 دندانپزشک تومن,health
7929,4491 هزینه کار اداری شد,other
7930,3433 هزینه هزینه متفرقه شد,other
7931,309 تومن قبض گاز دادم,housing
7932,4338 تومن شهربازی رفتم,entertainment
7933,سهم 4837 برق شد,housing
7934,4986 تومن دکتر رفتم,health
7935,3863 تومن قبض اجاره دادم,housing
7936,3625 تومن خرید لباس کردم,shopping
7937,سهم 1299 شارژ ساختمان شد,housing
7938,4016 تومن خرید سوپرمارکت کردم,shopping
7939,برای 1418 شهربازی دادم,entertainment
7940,4184 خرج کافی شاپ شد,entertainment
7941,4649 تومن میوه خریدم,shopping
7942,خرید 268 آزمایش تومن,health
7943,1089 هزینه کار اداری شد,other
7944,1790 هزینه هزینه متفرقه شد,other
7945,برای 3386 صبحونه تومن دادم,food
7946,1803 تومن تاکسی گرفتم,transport
7947,2478 تومن خرید میوه کردم,shopping
7948,4586 تومن ناهار خوردم,food
7949,4030 تومن ناهار گرفتم,food
7950,برای 3226 سینما دادم,entertainment
7951,2034 تومن هزینه دندانپزشک شد,health
7952,1344 هزینه هزینه شخصی شد,other
7953,2143 برای رفت و برگشت پرداخت کردم,transport
7954,1622 برای لوازم تحریر دادم,shopping
7955,4363 تومن شهربازی رفتم,entertainment
7956,4508 کرایه اسنپ شد,transport
7957,برای 3945 سینما دادم,entertainment
7958,4779 تومن لباس خریدم,shopping
7959,4114 تومن کنسرت رفتم,entertainment
7960,2991 تومن کنسرت رفتم,entertainment
7961,1426 خرج شهربازی شد,entertainment
7962,4750 تومن خرج هزینه شخصی کردم,other
7963,2629 تومن پیتزا خوردم,food
7964,4235 تومن هزینه ویزیت شد,health
7965,21 برای میوه دادم,shopping
7966,2985 برای سوپرمارکت دادم,shopping
7967,2537 تومن شام خوردم,food
7968,4417 تومن کافی شاپ رفتم,entertainment
7969,318 برای کیف دادم,shopping
7970,1874 تومن هزینه ویزیت شد,health
7971,4048 برای مترو پرداخت کردم,transport
7972,3516 تومن دکتر رفتم,health
7973,برای 3042 شام تومن دادم,food
7974,2716 اجاره خونه پرداخت کردم,housing
7975,3977 تومن میوه خریدم,shopping
7976,132 برای لباس دادم,shopping
7977,3531 تومن خرید سوپرمارکت کردم,shopping
7978,46 خرج کافی شاپ شد,entertainment
7979,برای 2107 بیف برگر تومن دادم,food
7980,4379 هزینه هزینه متفرقه شد,other
7981,2495 تومن دکتر رفتم,health
7982,1658 برای کیف دادم,shopping
7983,1600 تومن خرید لباس کردم,shopping
7984,2386 تومن کنسرت رفتم,entertainment
7985,4779 هزینه هزینه شخصی شد,other
7986,90 کرایه اتوبوس شد,transport
7987,3932 تومن دکتر رفتم,health
7988,4271 خرج شهربازی شد,entertainment
7989,1511 تومن پیتزا خوردم,food
7990,خرید 4203 ویزیت تومن,health
7991,خرید 1536 ویزیت تومن,health
7992,162 تومن صبحونه گرفتم,food
7993,1920 تومن هزینه ویزیت شد,health
7994,4299 تومن قبض آب دادم,housing
7995,3728 تومن خرید کیف کردم,shopping
7996,4957 تومن ساندویچ خوردم,food
7997,2164 برای کیف دادم,shopping
7998,3881 تومن پیتزا گرفتم,food
7999,4328 تومن دکتر رفتم,health
8000,برای 3761 سینما دادم,entertainment
8001,3706 تومن هزینه آزمایش شد,health
8002,3084 تومن دکتر رفتم,health
8003,خرید 4920 دارو تومن,health
8004,2534 تومن صبحونه گرفتم,food
8005,846 خرج شهربازی شد,entertainment
8006,106 اجاره خونه پرداخت کردم,housing
8007,3247 تومن بیف برگر گرفتم,food
8008,سهم 2843 آب شد,housing
8009,4662 اجاره خونه پرداخت کردم,housing
8010,2478 تومن خرج هزینه شخصی کردم,other
8011,3543 اجاره خونه پرداخت کردم,housing
8012,2681 تومن خرید لباس کردم,shopping
8013,برای 1493 صبحونه تومن دادم,food
8014,2989 تومن ناهار گرفتم,food
8015,3614 هزینه کار اداری شد,other
8016,خرید 3447 دندانپزشک تومن,health
8017,40 برای هزینه متفرقه پرداخت شد,other
8018,813 هزینه هزینه شخصی شد,other
8019,1807 خرج بازی شد,entertainment
8020,4751 خرج سینما شد,entertainment
8021,2686 تومن خرید کیف کردم,shopping
8022,196 تومن هزینه ویزیت شد,health
8023,1647 تومن لوازم تحریر خریدم,shopping
8024,3964 برای سوپرمارکت دادم,shopping
8025,2895 برای هزینه شخصی پرداخت شد,other
8026,4829 تومن قبض گاز دادم,housing
8027,سهم 3622 شارژ ساختمان شد,housing
8028,921 برای رفت و برگشت پرداخت کردم,transport
8029,613 تومن بیف برگر گرفتم,food
8030,2825 تومن شام خوردم,food
8031,76 تومن قبض برق دادم,housing
8032,2049 تومن بازی رفتم,entertainment
8033,1987 تومن قبض شارژ ساختمان دادم,housing
8034,465 تومن کباب گرفتم,food
8035,برای 3235 سینما دادم,entertainment
8036,خرید 4014 آزمایش تومن,health
8037,4463 تومن مترو گرفتم,transport
8038,47 برای اتوبوس پرداخت کردم,transport
8039,3730 تومن ساندویچ گرفتم,food
8040,2068 تومن پیتزا خوردم,food
8041,1147 کرایه مترو شد,transport
8042,1167 تومن خرید کیف کردم,shopping
8043,2171 برای اتوبوس پرداخت کردم,transport
8044,3742 برای رفت و برگشت پرداخت کردم,transport
8045,3972 تومن ناهار گرفتم,food
8046,2279 هزینه هزینه شخصی شد,other
8047,3917 هزینه کار اداری شد,other
8048,3476 اجاره خونه پرداخت کردم,housing
8049,3352 تومن سینما رفتم,entertainment
8050,2332 برای رفت و برگشت پرداخت کردم,transport
8051,975 تومن پیتزا خوردم,food
8052,167 تومن کافی شاپ رفتم,entertainment
8053,218 تومن پیتزا گرفتم,food
8054,4330 خرج شهربازی شد,entertainment
8055,2430 برای هزینه متفرقه پرداخت شد,other
8056,3189 برای هزینه متفرقه پرداخت شد,other
8057,72 برای هزینه متفرقه پرداخت شد,other
8058,3544 تومن پیتزا خوردم,food
8059,3408 برای اتوبوس پرداخت کردم,transport
8060,2449 تومن خرید کیف کردم,shopping
8061,4868 تومن رفت و برگشت گرفتم,transport
8062,2814 برای مترو پرداخت کردم,transport
8063,4064 تومن خرید سوپرمارکت کردم,shopping
8064,1785 تومن کنسرت رفتم,entertainment
8065,3438 تومن تاکسی گرفتم,transport
8066,سهم 2569 شارژ ساختمان شد,housing
8067,4289 تومن قبض اجاره دادم,housing
8068,4480 تومن سوپرمارکت خریدم,shopping
8069,2009 تومن قبض شارژ ساختمان دادم,housing
8070,1544 تومن کیف خریدم,shopping
8071,برای 2567 ساندویچ تومن دادم,food
8072,2820 تومن شهربازی رفتم,entertainment
8073,141 برای اتوبوس پرداخت کردم,transport
8074,1087 کرایه رفت و برگشت شد,transport
8075,3269 برای اتوبوس پرداخت کردم,transport
8076,486 برای هزینه شخصی پرداخت شد,other
8077,2886 تومن دکتر رفتم,health
8078,3162 برای لوازم تحریر دادم,shopping
8079,2531 تومن قبض اجاره دادم,housing
8080,سهم 494 شارژ ساختمان شد,housing
8081,4024 تومن خرید کیف کردم,shopping
8082,4783 تومن اسنپ گرفتم,transport
8083,3659 تومن میوه خریدم,shopping
8084,3125 خرج کنسرت شد,entertainment
8085,1661 تومن پیتزا خوردم,food
8086,2829 هزینه کار اداری شد,other
8087,449 اجاره خونه پرداخت کردم,housing
8088,2039 تومن کباب خوردم,food
8089,785 تومن قبض اجاره دادم,housing
8090,492 کرایه تاکسی شد,transport
8091,3433 تومن خرید کیف کردم,shopping
8092,برای 2959 بازی دادم,entertainment
8093,1432 خرج سینما شد,entertainment
8094,3128 برای اسنپ پرداخت کردم,transport
8095,4338 تومن مترو گرفتم,transport
8096,4881 هزینه هزینه شخصی شد,other
8097,3773 تومن پیتزا خوردم,food
8098,3829 تومن لباس خریدم,shopping
8099,3620 تومن بیف برگر گرفتم,food
8100,1155 خرج کافی شاپ شد,entertainment
8101,4215 برای لوازم تحریر دادم,shopping
8102,برای 2434 کافی شاپ دادم,entertainment
8103,4681 تومن دکتر رفتم,health
8104,2312 برای اسنپ پرداخت کردم,transport
8105,3537 برای اسنپ پرداخت کردم,transport
8106,2077 تومن هزینه دارو شد,health
8107,1228 تومن خرج هزینه متفرقه کردم,other
8108,1855 تومن ساندویچ گرفتم,food
8109,خرید 3651 ویزیت تومن,health
8110,سهم 3193 برق شد,housing
8111,خرید 776 آزمایش تومن,health
8112,1196 کرایه اسنپ شد,transport
8113,1719 برای کار اداری پرداخت شد,other
8114,2734 خرج شهربازی شد,entertainment
8115,597 تومن خرج هزینه شخصی کردم,other
8116,1300 تومن صبحونه گرفتم,food
8117,201 تومن قبض اجاره دادم,housing
8118,2663 تومن ساندویچ خوردم,food
8119,برای 2772 بازی دادم,entertainment
8120,2409 تومن قبض اجاره دادم,housing
8121,4971 برای میوه دادم,shopping
8122,4147 تومن خرج کار اداری کردم,other
8123,2014 هزینه کار اداری شد,other
8124,3018 هزینه کار اداری شد,other
8125,2722 تومن دکتر رفتم,health
8126,337 برای هزینه شخصی پرداخت شد,other
8127,برای 3940 صبحونه تومن دادم,food
8128,2797 اجاره خونه پرداخت کردم,housing
8129,773 تومن هزینه آزمایش شد,health
8130,4329 کرایه رفت و برگشت شد,transport
8131,2961 تومن بازی رفتم,entertainment
8132,3034 تومن اسنپ گرفتم,transport
8133,برای 4951 سینما دادم,entertainment
8134,1558 اجاره خونه پرداخت کردم,housing
8135,357 خرج شهربازی شد,entertainment
8136,برای 4538 شهربازی دادم,entertainment
8137,1923 تومن خرید لوازم تحریر کردم,shopping
8138,برای 3153 بیف برگر تومن دادم,food
8139,3871 تومن خرج هزینه متفرقه کردم,other
8140,3814 تومن ناهار گرفتم,food
8141,1044 هزینه هزینه شخصی شد,other
8142,خرید 2591 ویزیت تومن,health
8143,1776 کرایه اتوبوس شد,transport
8144,1081 اجاره خونه پرداخت کردم,housing
8145,122 تومن ناهار گرفتم,food
8146,سهم 1246 اجاره شد,housing
8147,1220 تومن مترو گرفتم,transport
8148,1226 تومن دکتر رفتم,health
8149,2949 تومن قبض گاز دادم,housing
8150,برای 3984 پیتزا تومن دادم,food
8151,345 تومن بازی رفتم,entertainment
8152,2431 برای اسنپ پرداخت کردم,transport
8153,3233 تومن قبض شارژ ساختمان دادم,housing
8154,1845 تومن بازی رفتم,entertainment
8155,2643 تومن صبحونه خوردم,food
8156,2366 تومن قبض شارژ ساختمان دادم,housing
8157,3507 تومن خرید لوازم تحریر کردم,shopping
8158,2947 هزینه کار اداری شد,other
8159,3360 برای تاکسی پرداخت کردم,transport
8160,1103 تومن مترو گرفتم,transport
8161,خرید 2142 دندانپزشک تومن,health
8162,3858 هزینه کار اداری شد,other
8163,4105 تومن خرج هزینه متفرقه کردم,other
8164,2220 تومن هزینه دندانپزشک شد,health
8165,3860 تومن پیتزا خوردم,food
8166,289 تومن اتوبوس گرفتم,transport
8167,برای 3848 پیتزا تومن دادم,food
8168,4269 تومن کباب خوردم,food
8169,سهم 4445 گاز شد,housing
8170,4782 تومن خرید کیف کردم,shopping
8171,3706 تومن دکتر رفتم,health
8172,115 تومن دکتر رفتم,health
8173,126 تومن کافی شاپ رفتم,entertainment
8174,خرید 4937 ویزیت تومن,health
8175,3414 تومن سینما رفتم,entertainment
8176,1557 اجاره خونه پرداخت کردم,housing
8177,3843 تومن تاکسی گرفتم,transport
8178,2408 تومن دکتر رفتم,health
8179,4420 تومن کباب خوردم,food
8180,90 خرج کنسرت شد,entertainment
8181,4385 تومن هزینه دارو شد,health
8182,برای 1884 کنسرت دادم,entertainment
8183,1396 تومن صبحونه گرفتم,food
8184,159 خرج کنسرت شد,entertainment
8185,2579 اجاره خونه پرداخت کردم,housing
8186,2626 برای هزینه متفرقه پرداخت شد,other
8187,105 برای اسنپ پرداخت کردم,transport
8188,2898 تومن قبض گاز دادم,housing
8189,4593 برای هزینه شخصی پرداخت شد,other
8190,برای 1776 سینما دادم,entertainment
8191,2684 برای هزینه متفرقه پرداخت شد,other
8192,2259 تومن خرج هزینه متفرقه کردم,other
8193,4186 تومن کافی شاپ رفتم,entertainment
8194,761 هزینه هزینه شخصی شد,other
8195,251 تومن هزینه دارو شد,health
8196,3657 کرایه رفت و برگشت شد,transport
8197,1496 تومن خرج هزینه متفرقه کردم,other
8198,3787 برای اسنپ پرداخت کردم,transport
8199,4529 هزینه کار اداری شد,other
8200,خرید 535 آزمایش تومن,health
8201,3490 تومن مترو گرفتم,transport
8202,4823 اجاره خونه پرداخت کردم,housing
8203,3296 تومن هزینه ویزیت شد,health
8204,2843 تومن ناهار خوردم,food
8205,1917 تومن هزینه ویزیت شد,health
8206,1467 برای کار اداری پرداخت شد,other
8207,616 تومن ساندویچ گرفتم,food
8208,3819 اجاره خونه پرداخت کردم,housing
8209,3054 تومن صبحونه گرفتم,food
8210,175 هزینه هزینه شخصی شد,other
8211,1844 تومن کافی شاپ رفتم,entertainment
8212,برای 4638 کنسرت دادم,entertainment
8213,3132 تومن خرید میوه کردم,shopping
8214,4025 تومن لوازم تحریر خریدم,shopping
8215,خرید 3851 دندانپزشک تومن,health
8216,برای 633 ناهار تومن دادم,food
8217,3893 تومن قبض آب دادم,housing
8218,3535 برای کار اداری پرداخت شد,other
8219,4175 خرج کافی شاپ شد,entertainment
8220,3691 تومن تاکسی گرفتم,transport
8221,4805 اجاره خونه پرداخت کردم,housing
8222,برای 1760 شهربازی دادم,entertainment
8223,2062 تومن کافی شاپ رفتم,entertainment
8224,2857 برای لوازم تحریر دادم,shopping
8225,3776 تومن مترو گرفتم,transport
8226,70 تومن ناهار خوردم,food
8227,2957 تومن ناهار خوردم,food
8228,4305 تومن پیتزا خوردم,food
8229,985 تومن قبض گاز دادم,housing
8230,2859 تومن قبض اجاره دادم,housing
8231,4038 برای هزینه متفرقه پرداخت شد,other
8232,4859 برای مترو پرداخت کردم,transport
8233,برای 1276 کافی شاپ دادم,entertainment
8234,سهم 2293 اجاره شد,housing
8235,4101 خرج کنسرت شد,entertainment
8236,برای 2983 بیف برگر تومن دادم,food
8237,4261 تومن تاکسی گرفتم,transport
8238,4814 تومن بازی رفتم,entertainment
8239,4928 برای میوه دادم,shopping
8240,3620 تومن صبحونه گرفتم,food
8241,3076 اجاره خونه پرداخت کردم,housing
8242,4507 تومن پیتزا گرفتم,food
8243,292 برای اسنپ پرداخت کردم,transport
8244,1140 تومن خرید لباس کردم,shopping
8245,برای 2102 شام تومن دادم,food
8246,3028 اجاره خونه پرداخت کردم,housing
8247,3157 تومن خرج هزینه متفرقه کردم,other
8248,3596 برای رفت و برگشت پرداخت کردم,transport
8249,1668 تومن قبض شارژ ساختمان دادم,housing
8250,خرید 4485 ویزیت تومن,health
8251,1727 برای هزینه متفرقه پرداخت شد,other
8252,4666 تومن خرید لباس کردم,shopping
8253,1848 برای کار اداری پرداخت شد,other
8254,3258 کرایه اسنپ شد,transport
8255,2461 تومن ساندویچ خوردم,food
8256,1902 تومن خرید سوپرمارکت کردم,shopping
8257,1995 تومن خرید میوه کردم,shopping
8258,1759 تومن صبحونه گرفتم,food
8259,خرید 1970 دندانپزشک تومن,health
8260,خرید 3914 آزمایش تومن,health
8261,1373 تومن خرید لوازم تحریر کردم,shopping
8262,281 تومن قبض شارژ ساختمان دادم,housing
8263,2900 تومن دکتر رفتم,health
8264,1954 برای تاکسی پرداخت کردم,transport
8265,4440 هزینه هزینه متفرقه شد,other
8266,2190 هزینه هزینه متفرقه شد,other
8267,4000 تومن دکتر رفتم,health
8268,3501 تومن خرج هزینه متفرقه کردم,other
8269,3163 تومن هزینه دندانپزشک شد,health
8270,3723 تومن سوپرمارکت خریدم,shopping
8271,3645 تومن بیف برگر گرفتم,food
8272,3756 کرایه اسنپ شد,transport
8273,3267 تومن دکتر رفتم,health
8274,1008 اجاره خونه پرداخت کردم,housing
8275,سهم 104 اجاره شد,housing
8276,1252 کرایه رفت و برگشت شد,transport
8277,1977 تومن سینما رفتم,entertainment
8278,3764 تومن اسنپ گرفتم,transport
8279,924 تومن شام گرفتم,food
8280,4647 تومن بازی رفتم,entertainment
8281,برای 243 بیف برگر تومن دادم,food
8282,1542 برای کار اداری پرداخت شد,other
8283,برای 108 کافی شاپ دادم,entertainment
8284,3610 اجاره خونه پرداخت کردم,housing
8285,برای 889 ناهار تومن دادم,food
8286,973 برای رفت و برگشت پرداخت کردم,transport
8287,1970 تومن خرج هزینه متفرقه کردم,other
8288,برای 4542 کافی شاپ دادم,entertainment
8289,2634 تومن اسنپ گرفتم,transport
8290,1218 تومن خرج کار اداری کردم,other
8291,1185 اجاره خونه پرداخت کردم,housing
8292,489 هزینه هزینه شخصی شد,other
8293,1919 کرایه اسنپ شد,transport
8294,4106 تومن مترو گرفتم,transport
8295,4300 تومن هزینه دندانپزشک شد,health
8296,49 برای اسنپ پرداخت کردم,transport
8297,سهم 2138 برق شد,housing
8298,1192 تومن دکتر رفتم,health
8299,1840 اجاره خونه پرداخت کردم,housing
8300,خرید 3336 دارو تومن,health
8301,1434 برای اتوبوس پرداخت کردم,transport
8302,سهم 4876 آب شد,housing
8303,2448 تومن قبض شارژ ساختمان دادم,housing
8304,286 برای سوپرمارکت دادم,shopping
8305,2214 برای هزینه شخصی پرداخت شد,other
8306,2090 تومن خرج هزینه شخصی کردم,other
8307,1353 تومن اتوبوس گرفتم,transport
8308,سهم 291 آب شد,housing
8309,1782 اجاره خونه پرداخت کردم,housing
8310,1092 کرایه اتوبوس شد,transport
8311,2346 تومن خرج هزینه شخصی کردم,other
8312,858 تومن اسنپ گرفتم,transport
8313,558 تومن لوازم تحریر خریدم,shopping
8314,2362 تومن دکتر رفتم,health
8315,برای 3056 سینما دادم,entertainment
8316,2163 تومن لوازم تحریر خریدم,shopping
8317,3156 تومن ناهار خوردم,food
8318,1140 تومن کیف خریدم,shopping
8319,4970 برای هزینه متفرقه پرداخت شد,other
8320,خرید 1030 دارو تومن,health
8321,4732 تومن قبض شارژ ساختمان دادم,housing
8322,3678 تومن هزینه دارو شد,health
8323,2189 برای هزینه شخصی پرداخت شد,other
8324,597 تومن سوپرمارکت خریدم,shopping
8325,488 اجاره خونه پرداخت کردم,housing
8326,1330 اجاره خونه پرداخت کردم,housing
8327,1815 تومن خرید لباس کردم,shopping
8328,خرید 1825 ویزیت تومن,health
8329,1629 کرایه مترو شد,transport
8330,3900 تومن خرج هزینه شخصی کردم,other
8331,2145 تومن تاکسی گرفتم,transport
8332,2137 کرایه مترو شد,transport
8333,117 تومن لوازم تحریر خریدم,shopping
8334,سهم 888 گاز شد,housing
8335,1629 خرج شهربازی شد,entertainment
8336,4230 تومن اسنپ گرفتم,transport
8337,3458 هزینه هزینه متفرقه شد,other
8338,875 تومن دکتر رفتم,health
8339,سهم 326 گاز شد,housing
8340,2292 تومن خرید میوه کردم,shopping
8341,4484 تومن دکتر رفتم,health
8342,خرید 3499 دارو تومن,health
8343,3103 تومن دکتر رفتم,health
8344,برای 3274 ساندویچ تومن دادم,food
8345,3662 تومن بازی رفتم,entertainment
8346,برای 3298 شام تومن دادم,food
8347,1161 خرج کنسرت شد,entertainment
8348,خرید 4210 آزمایش تومن,health
8349,2542 کرایه اتوبوس شد,transport
8350,106 تومن میوه خریدم,shopping
8351,3505 تومن خرج هزینه شخصی کردم,other
8352,1521 برای هزینه شخصی پرداخت شد,other
8353,برای 4125 بیف برگر تومن دادم,food
8354,2081 تومن هزینه آزمایش شد,health
8355,520 تومن اتوبوس گرفتم,transport
8356,1197 تومن کباب خوردم,food
8357,1986 تومن قبض شارژ ساختمان دادم,housing
8358,1907 خرج کافی شاپ شد,entertainment
8359,سهم 4069 آب شد,housing
8360,2947 اجاره خونه پرداخت کردم,housing
8361,3638 تومن قبض گاز دادم,housing
8362,2616 تومن صبحونه گرفتم,food
8363,4344 برای رفت و برگشت پرداخت کردم,transport
8364,برای 1641 پیتزا تومن دادم,food
8365,برای 873 شهربازی دادم,entertainment
8366,برای 90 بیف برگر تومن دادم,food
8367,2476 اجاره خونه پرداخت کردم,housing
8368,2442 تومن هزینه دندانپزشک شد,health
8369,4483 تومن اسنپ گرفتم,transport
8370,388 تومن کباب خوردم,food
8371,2796 تومن اتوبوس گرفتم,transport
8372,2780 برای اسنپ پرداخت کردم,transport
8373,2146 تومن سینما رفتم,entertainment
8374,خرید 1198 دندانپزشک تومن,health
8375,4234 تومن کباب خوردم,food
8376,4297 تومن قبض شارژ ساختمان دادم,housing
8377,1663 هزینه هزینه شخصی شد,other
8378,2076 برای مترو پرداخت کردم,transport
8379,1685 خرج بازی شد,entertainment
8380,836 اجاره خونه پرداخت کردم,housing
8381,1095 تومن سوپرمارکت خریدم,shopping
8382,4133 تومن هزینه آزمایش شد,health
8383,3097 تومن خرید سوپرمارکت کردم,shopping
8384,برای 4068 بازی دادم,entertainment
8385,خرید 3684 دندانپزشک تومن,health
8386,3420 تومن ساندویچ گرفتم,food
8387,4392 تومن میوه خریدم,shopping
8388,4114 کرایه اتوبوس شد,transport
8389,4216 هزینه هزینه شخصی شد,other
8390,2732 اجاره خونه پرداخت کردم,housing
8391,4772 خرج سینما شد,entertainment
8392,2910 تومن کافی شاپ رفتم,entertainment
8393,برای 4038 سینما دادم,entertainment
8394,1804 تومن دکتر رفتم,health
8395,3946 تومن هزینه آزمایش شد,health
8396,3218 تومن هزینه آزمایش شد,health
8397,1824 تومن خرج کار اداری کردم,other
8398,510 تومن شهربازی رفتم,entertainment
8399,3183 اجاره خونه پرداخت کردم,housing
8400,3386 کرایه رفت و برگشت شد,transport
8401,2157 تومن پیتزا خوردم,food
8402,4360 تومن کنسرت رفتم,entertainment
8403,1244 برای هزینه متفرقه پرداخت شد,other
8404,برای 1917 کباب تومن دادم,food
8405,3063 تومن خرید کیف کردم,shopping
8406,خرید 3842 دارو تومن,health
8407,1212 برای هزینه شخصی پرداخت شد,other
8408,برای 2183 سینما دادم,entertainment
8409,3735 خرج کنسرت شد,entertainment
8410,3366 تومن بیف برگر گرفتم,food
8411,1179 برای تاکسی پرداخت کردم,transport
8412,خرید 3467 ویزیت تومن,health
8413,2301 تومن دکتر رفتم,health
8414,4245 تومن کباب گرفتم,food
8415,2165 خرج شهربازی شد,entertainment
8416,برای 2932 صبحونه تومن دادم,food
8417,3544 تومن لباس خریدم,shopping
8418,2162 تومن خرج کار اداری کردم,other
8419,913 تومن خرج هزینه متفرقه کردم,other
8420,1414 تومن کافی شاپ رفتم,entertainment
8421,4161 تومن بیف برگر خوردم,food
8422,3648 تومن صبحونه خوردم,food
8423,4811 برای اتوبوس پرداخت کردم,transport
8424,614 تومن قبض گاز دادم,housing
8425,4749 تومن دکتر رفتم,health
8426,3172 تومن شهربازی رفتم,entertainment
8427,3446 تومن کنسرت رفتم,entertainment
8428,2058 تومن هزینه آزمایش شد,health
8429,376 خرج کافی شاپ شد,entertainment
8430,خرید 208 ویزیت تومن,health
8431,خرید 202 آزمایش تومن,health
8432,721 تومن خرج هزینه شخصی کردم,other
8433,495 تومن خرید کیف کردم,shopping
8434,خرید 1283 آزمایش تومن,health
8435,2666 تومن کافی شاپ رفتم,entertainment
8436,1361 کرایه اسنپ شد,transport
8437,4315 برای هزینه شخصی پرداخت شد,other
8438,2135 تومن کیف خریدم,shopping
8439,3075 خرج شهربازی شد,entertainment
8440,542 کرایه اتوبوس شد,transport
8441,3027 برای هزینه شخصی پرداخت شد,other
8442,1406 اجاره خونه پرداخت کردم,housing
8443,354 خرج کافی شاپ شد,entertainment
8444,1615 خرج کنسرت شد,entertainment
8445,برای 1777 بازی دادم,entertainment
8446,459 هزینه کار اداری شد,other
8447,4414 برای اسنپ پرداخت کردم,transport
8448,2584 برای تاکسی پرداخت کردم,transport
8449,2593 کرایه اتوبوس شد,transport
8450,813 برای کار اداری پرداخت شد,other
8451,2285 تومن خرج کار اداری کردم,other
8452,3303 تومن خرج هزینه شخصی کردم,other
8453,556 اجاره خونه پرداخت کردم,housing
8454,2863 تومن کباب گرفتم,food
8455,4355 تومن بیف برگر گرفتم,food
8456,2684 تومن دکتر رفتم,health
8457,2573 برای هزینه متفرقه پرداخت شد,other
8458,530 خرج بازی شد,entertainment
8459,1475 برای هزینه متفرقه پرداخت شد,other
8460,3876 اجاره خونه پرداخت کردم,housing
8461,1264 تومن سوپرمارکت خریدم,shopping
8462,2459 تومن خرید لباس کردم,shopping
8463,3133 تومن دکتر رفتم,health
8464,سهم 1939 شارژ ساختمان شد,housing
8465,3280 تومن رفت و برگشت گرفتم,transport
8466,خرید 4030 آزمایش تومن,health
8467,3219 تومن هزینه دندانپزشک شد,health
8468,4833 هزینه هزینه شخصی شد,other
8469,سهم 2072 برق شد,housing
8470,برای 326 شام تومن دادم,food
8471,برای 214 سینما دادم,entertainment
8472,3189 اجاره خونه پرداخت کردم,housing
8473,535 تومن سوپرمارکت خریدم,shopping
8474,4769 کرایه تاکسی شد,transport
8475,1835 خرج شهربازی شد,entertainment
8476,2038 تومن هزینه ویزیت شد,health
8477,برای 864 کباب تومن دادم,food
8478,259 خرج کافی شاپ شد,entertainment
8479,سهم 4277 شارژ ساختمان شد,housing
8480,2471 تومن مترو گرفتم,transport
8481,1724 تومن پیتزا خوردم,food
8482,برای 1215 شهربازی دادم,entertainment
8483,847 برای تاکسی پرداخت کردم,transport
8484,1516 تومن کیف خریدم,shopping
8485,3785 هزینه هزینه متفرقه شد,other
8486,برای 301 سینما دادم,entertainment
8487,سهم 4699 برق شد,housing
8488,خرید 1090 دندانپزشک تومن,health
8489,736 برای سوپرمارکت دادم,shopping
8490,3295 تومن ناهار خوردم,food
8491,1099 تومن قبض آب دادم,housing
8492,3524 کرایه رفت و برگشت شد,transport
8493,برای 3321 صبحونه تومن دادم,food
8494,182 اجاره خونه پرداخت کردم,housing
8495,218 تومن خرج کار اداری کردم,other
8496,3992 کرایه مترو شد,transport
8497,خرید 4185 آزمایش تومن,health
8498,خرید 94 ویزیت تومن,health
8499,573 تومن سوپرمارکت خریدم,shopping
8500,260 تومن خرید لوازم تحریر کردم,shopping
8501,4245 تومن پیتزا خوردم,food
8502,2159 برای تاکسی پرداخت کردم,transport
8503,1504 تومن خرج هزینه شخصی کردم,other
8504,3110 کرایه مترو شد,transport
8505,3017 برای لباس دادم,shopping
8506,3911 تومن اتوبوس گرفتم,transport
8507,2079 تومن خرج کار اداری کردم,other
8508,884 تومن هزینه دارو شد,health
8509,4982 تومن کباب گرفتم,food
8510,4527 تومن اتوبوس گرفتم,transport
8511,1079 تومن اتوبوس گرفتم,transport
8512,4300 تومن خرج کار اداری کردم,other
8513,3209 تومن قبض شارژ ساختمان دادم,housing
8514,943 برای کیف دادم,shopping
8515,3802 تومن شام خوردم,food
8516,808 تومن سینما رفتم,entertainment
8517,2995 برای میوه دادم,shopping
8518,721 خرج سینما شد,entertainment
8519,1204 تومن کباب خوردم,food
8520,برای 3522 کافی شاپ دادم,entertainment
8521,3091 تومن هزینه دارو شد,health
8522,2920 هزینه کار اداری شد,other
8523,1068 تومن خرج هزینه متفرقه کردم,other
8524,1308 برای اتوبوس پرداخت کردم,transport
8525,2816 تومن تاکسی گرفتم,transport
8526,1426 برای هزینه متفرقه پرداخت شد,other
8527,2025 تومن دکتر رفتم,health
8528,سهم 3484 برق شد,housing
8529,1331 برای تاکسی پرداخت کردم,transport
8530,1016 تومن شام گرفتم,food
8531,4778 تومن سینما رفتم,entertainment
8532,661 اجاره خونه پرداخت کردم,housing
8533,خرید 3565 دارو تومن,health
8534,2885 تومن خرید لوازم تحریر کردم,shopping
8535,3426 تومن قبض اجاره دادم,housing
8536,سهم 1399 برق شد,housing
8537,3476 تومن هزینه آزمایش شد,health
8538,3654 تومن قبض اجاره دادم,housing
8539,سهم 3263 گاز شد,housing
8540,3496 خرج بازی شد,entertainment
8541,3965 تومن هزینه دارو شد,health
8542,997 تومن شهربازی رفتم,entertainment
8543,3214 تومن بیف برگر خوردم,food
8544,3586 تومن شام خوردم,food
8545,2123 کرایه مترو شد,transport
8546,2145 تومن ساندویچ خوردم,food
8547,1831 خرج شهربازی شد,entertainment
8548,3375 تومن دکتر رفتم,health
8549,خرید 4764 دندانپزشک تومن,health
8550,637 تومن سوپرمارکت خریدم,shopping
8551,4790 برای میوه دادم,shopping
8552,3523 تومن خرج هزینه متفرقه کردم,other
8553,برای 1178 صبحونه تومن دادم,food
8554,3242 تومن سینما رفتم,entertainment
8555,3570 تومن قبض برق دادم,housing
8556,2839 برای مترو پرداخت کردم,transport
8557,2847 برای هزینه شخصی پرداخت شد,other
8558,برای 4851 کنسرت دادم,entertainment
8559,1710 هزینه کار اداری شد,other
8560,886 تومن خرج هزینه متفرقه کردم,other
8561,1428 برای هزینه شخصی پرداخت شد,other
8562,برای 717 بازی دادم,entertainment
8563,405 تومن صبحونه گرفتم,food
8564,سهم 4461 گاز شد,housing
8565,1902 تومن خرید میوه کردم,shopping
8566,1494 تومن صبحونه گرفتم,food
8567,1783 برای تاکسی پرداخت کردم,transport
8568,1838 تومن خرج هزینه شخصی کردم,other
8569,312 برای هزینه متفرقه پرداخت شد,other
8570,خرید 3292 دارو تومن,health
8571,3621 تومن سینما رفتم,entertainment
8572,خرید 603 ویزیت تومن,health
8573,2463 تومن خرج هزینه متفرقه کردم,other
8574,2140 تومن خرج هزینه شخصی کردم,other
8575,خرید 3314 آزمایش تومن,health
8576,4949 تومن خرج کار اداری کردم,other
8577,خرید 3770 دندانپزشک تومن,health
8578,3054 تومن بازی رفتم,entertainment
8579,3310 تومن صبحونه گرفتم,food
8580,2235 تومن دکتر رفتم,health
8581,300 تومن کیف خریدم,shopping
8582,4773 کرایه اتوبوس شد,transport
8583,408 تومن قبض شارژ ساختمان دادم,housing
8584,برای 4491 شهربازی دادم,entertainment
8585,برای 4796 بیف برگر تومن دادم,food
8586,3616 تومن پیتزا خوردم,food
8587,2459 برای لباس دادم,shopping
8588,3674 تومن مترو گرفتم,transport
8589,1934 تومن اتوبوس گرفتم,transport
8590,4430 تومن شام گرفتم,food
8591,خرید 1327 دارو تومن,health
8592,4709 برای هزینه شخصی پرداخت شد,other
8593,3213 تومن قبض اجاره دادم,housing
8594,1205 تومن کنسرت رفتم,entertainment
8595,برای 3367 بازی دادم,entertainment
8596,خرید 994 ویزیت تومن,health
8597,3648 تومن هزینه دارو شد,health
8598,برای 4904 شام تومن دادم,food
8599,613 تومن رفت و برگشت گرفتم,transport
8600,1188 تومن خرج هزینه متفرقه کردم,other
8601,3578 تومن صبحونه خوردم,food
8602,1684 خرج سینما شد,entertainment
8603,2750 هزینه کار اداری شد,other
8604,برای 3917 کافی شاپ دادم,entertainment
8605,1810 کرایه اتوبوس شد,transport
8606,536 تومن خرید سوپرمارکت کردم,shopping
8607,4095 تومن ناهار گرفتم,food
8608,4225 تومن لوازم تحریر خریدم,shopping
8609,2567 تومن خرید لباس کردم,shopping
8610,4880 تومن کیف خریدم,shopping
8611,3686 برای کیف دادم,shopping
8612,416 اجاره خونه پرداخت کردم,housing
8613,4840 هزینه کار اداری شد,other
8614,4293 هزینه هزینه متفرقه شد,other
8615,4825 کرایه تاکسی شد,transport
8616,2256 تومن کیف خریدم,shopping
8617,3945 هزینه هزینه شخصی شد,other
8618,3310 تومن قبض آب دادم,housing
8619,333 اجاره خونه پرداخت کردم,housing
8620,خرید 1694 آزمایش تومن,health
8621,برای 89 شهربازی دادم,entertainment
8622,108 تومن سوپرمارکت خریدم,shopping
8623,2803 تومن بازی رفتم,entertainment
8624,1042 تومن کیف خریدم,shopping
8625,1039 تومن دکتر رفتم,health
8626,3014 هزینه هزینه متفرقه شد,other
8627,سهم 1801 برق شد,housing
8628,1774 تومن بازی رفتم,entertainment
8629,سهم 3719 آب شد,housing
8630,خرید 1764 دارو تومن,health
8631,1621 برای رفت و برگشت پرداخت کردم,transport
8632,برای 4963 کنسرت دادم,entertainment
8633,763 تومن خرید کیف کردم,shopping
8634,3350 تومن خرج هزینه شخصی کردم,other
8635,4900 تومن اسنپ گرفتم,transport
8636,678 اجاره خونه پرداخت کردم,housing
8637,1693 تومن شام خوردم,food
8638,4659 تومن هزینه دندانپزشک شد,health
8639,1049 تومن هزینه ویزیت شد,health
8640,1090 برای هزینه متفرقه پرداخت شد,other
8641,4720 خرج کنسرت شد,entertainment
8642,1770 تومن هزینه دندانپزشک شد,health
8643,2136 هزینه هزینه شخصی شد,other
8644,977 تومن دکتر رفتم,health
8645,358 تومن لباس خریدم,shopping
8646,برای 581 بازی دادم,entertainment
8647,2464 تومن دکتر رفتم,health
8648,سهم 1449 شارژ ساختمان شد,housing
8649,717 تومن صبحونه گرفتم,food
8650,806 تومن شام گرفتم,food
8651,2368 تومن خرید لوازم تحریر کردم,shopping
8652,2605 تومن رفت و برگشت گرفتم,transport
8653,4999 تومن قبض گاز دادم,housing
8654,1325 تومن دکتر رفتم,health
8655,443 تومن لباس خریدم,shopping
8656,سهم 4471 آب شد,housing
8657,1179 تومن پیتزا گرفتم,food
8658,123 برای تاکسی پرداخت کردم,transport
8659,2926 برای رفت و برگشت پرداخت کردم,transport
8660,3498 تومن صبحونه گرفتم,food
8661,2373 تومن اسنپ گرفتم,transport
8662,2725 تومن خرید لوازم تحریر کردم,shopping
8663,4902 برای هزینه متفرقه پرداخت شد,other
8664,951 تومن صبحونه خوردم,food
8665,544 تومن بیف برگر خوردم,food
8666,2681 هزینه هزینه متفرقه شد,other
8667,برای 4358 ناهار تومن دادم,food
8668,3034 تومن خرید میوه کردم,shopping
8669,خرید 4948 آزمایش تومن,health
8670,1756 هزینه کار اداری شد,other
8671,3702 تومن قبض برق دادم,housing
8672,برای 1142 پیتزا تومن دادم,food
8673,4151 تومن لباس خریدم,shopping
8674,1993 تومن بیف برگر خوردم,food
8675,1069 تومن خرید لباس کردم,shopping
8676,2060 تومن قبض آب دادم,housing
8677,4345 اجاره خونه پرداخت کردم,housing
8678,3775 تومن مترو گرفتم,transport
8679,3303 برای هزینه شخصی پرداخت شد,other
8680,4144 تومن خرید لوازم تحریر کردم,shopping
8681,سهم 822 آب شد,housing
8682,2561 تومن خرج هزینه شخصی کردم,other
8683,1324 تومن دکتر رفتم,health
8684,3687 تومن خرج کار اداری کردم,other
8685,1088 تومن رفت و برگشت گرفتم,transport
8686,62 کرایه تاکسی شد,transport
8687,1215 تومن خرج هزینه متفرقه کردم,other
8688,4654 تومن دکتر رفتم,health
8689,1723 هزینه هزینه شخصی شد,other
8690,79 تومن هزینه دندانپزشک شد,health
8691,4504 تومن لباس خریدم,shopping
8692,4423 برای اتوبوس پرداخت کردم,transport
8693,برای 4637 بازی دادم,entertainment
8694,3858 تومن خرید کیف کردم,shopping
8695,360 اجاره خونه پرداخت کردم,housing
8696,برای 450 شام تومن دادم,food
8697,4513 تومن دکتر رفتم,health
8698,1141 تومن خرج هزینه شخصی کردم,other
8699,3793 اجاره خونه پرداخت کردم,housing
8700,برای 3810 کباب تومن دادم,food
8701,برای 696 شهربازی دادم,entertainment
8702,سهم 1449 گاز شد,housing
8703,108 کرایه تاکسی شد,transport
8704,3919 برای تاکسی پرداخت کردم,transport
8705,2005 کرایه تاکسی شد,transport
8706,برای 4232 ناهار تومن دادم,food
8707,2381 برای اسنپ پرداخت کردم,transport
8708,3183 تومن قبض برق دادم,housing
8709,2893 برای لوازم تحریر دادم,shopping
8710,220 هزینه هزینه متفرقه شد,other
8711,سهم 4158 آب شد,housing
8712,2695 اجاره خونه پرداخت کردم,housing
8713,1405 تومن تاکسی گرفتم,transport
8714,1934 تومن تاکسی گرفتم,transport
8715,4250 تومن بیف برگر خوردم,food
8716,3245 کرایه اسنپ شد,transport
8717,3772 تومن ناهار خوردم,food
8718,4321 تومن قبض برق دادم,housing
8719,4424 برای میوه دادم,shopping
8720,1522 تومن ساندویچ خوردم,food
8721,4470 تومن کنسرت رفتم,entertainment
8722,سهم 175 اجاره شد,housing
8723,2403 تومن صبحونه گرفتم,food
8724,1864 تومن هزینه دندانپزشک شد,health
8725,2886 تومن لوازم تحریر خریدم,shopping
8726,4880 هزینه کار اداری شد,other
8727,3431 تومن کباب گرفتم,food
8728,2588 تومن شام خوردم,food
8729,953 اجاره خونه پرداخت کردم,housing
8730,خرید 3291 آزمایش تومن,health
8731,2664 تومن خرج هزینه شخصی کردم,other
8732,615 هزینه هزینه متفرقه شد,other
8733,2877 تومن دکتر رفتم,health
8734,4426 اجاره خونه پرداخت کردم,housing
8735,3590 تومن تاکسی گرفتم,transport
8736,4823 خرج بازی شد,entertainment
8737,2399 کرایه تاکسی شد,transport
8738,3211 تومن ساندویچ خوردم,food
8739,خرید 672 دارو تومن,health
8740,برای 199 بازی دادم,entertainment
8741,1184 تومن کیف خریدم,shopping
8742,507 کرایه رفت و برگشت شد,transport
8743,115 تومن هزینه ویزیت شد,health
8744,3050 برای میوه دادم,shopping
8745,1030 تومن سوپرمارکت خریدم,shopping
8746,1284 خرج کنسرت شد,entertainment
8747,869 هزینه هزینه شخصی شد,other
8748,3101 اجاره خونه پرداخت کردم,housing
8749,4577 برای لوازم تحریر دادم,shopping
8750,2412 تومن شام خوردم,food
8751,2805 تومن بیف برگر گرفتم,food
8752,2892 کرایه مترو شد,transport
8753,3449 تومن صبحونه گرفتم,food
8754,3694 تومن خرید لوازم تحریر کردم,shopping
8755,1543 برای مترو پرداخت کردم,transport
8756,1964 هزینه هزینه شخصی شد,other
8757,سهم 308 شارژ ساختمان شد,housing
8758,برای 3198 بیف برگر تومن دادم,food
8759,برای 4272 پیتزا تومن دادم,food
8760,1692 تومن بیف برگر گرفتم,food
8761,3376 تومن بیف برگر گرفتم,food
8762,3202 تومن لوازم تحریر خریدم,shopping
8763,996 کرایه رفت و برگشت شد,transport
8764,2163 تومن تاکسی گرفتم,transport
8765,2545 هزینه هزینه شخصی شد,other
8766,3508 تومن تاکسی گرفتم,transport
8767,3649 تومن رفت و برگشت گرفتم,transport
8768,4375 برای تاکسی پرداخت کردم,transport
8769,3786 تومن هزینه آزمایش شد,health
8770,برای 3357 بازی دادم,entertainment
8771,4281 تومن کیف خریدم,shopping
8772,برای 1578 کافی شاپ دادم,entertainment
8773,1106 هزینه هزینه متفرقه شد,other
8774,2691 برای کیف دادم,shopping
8775,4239 خرج سینما شد,entertainment
8776,4226 اجاره خونه پرداخت کردم,housing
8777,765 تومن سینما رفتم,entertainment
8778,4500 برای کیف دادم,shopping
8779,برای 2905 کباب تومن دادم,food
8780,4105 تومن ناهار خوردم,food
8781,برای 3316 بازی دادم,entertainment
8782,4149 برای هزینه شخصی پرداخت شد,other
8783,1389 تومن هزینه ویزیت شد,health
8784,برای 2844 سینما دادم,entertainment
8785,3309 هزینه کار اداری شد,other
8786,684 کرایه تاکسی شد,transport
8787,855 تومن لباس خریدم,shopping
8788,2284 برای مترو پرداخت کردم,transport
8789,562 برای تاکسی پرداخت کردم,transport
8790,4527 تومن شهربازی رفتم,entertainment
8791,خرید 2495 دندانپزشک تومن,health
8792,4434 تومن هزینه دندانپزشک شد,health
8793,4259 برای رفت و برگشت پرداخت کردم,transport
8794,4052 هزینه کار اداری شد,other
8795,505 خرج بازی شد,entertainment
8796,3690 تومن میوه خریدم,shopping
8797,3920 کرایه اتوبوس شد,transport
8798,برای 4472 ناهار تومن دادم,food
8799,3430 تومن تاکسی گرفتم,transport
8800,سهم 1028 آب شد,housing
8801,980 برای لوازم تحریر دادم,shopping
8802,1520 تومن دکتر رفتم,health
8803,2384 تومن شام گرفتم,food
8804,2548 برای کار اداری پرداخت شد,other
8805,2723 هزینه هزینه شخصی شد,other
8806,3416 تومن قبض شارژ ساختمان دادم,housing
8807,2448 تومن دکتر رفتم,health
8808,804 تومن مترو گرفتم,transport
8809,609 خرج بازی شد,entertainment
8810,1960 تومن خرج کار اداری کردم,other
8811,برای 1116 کباب تومن دادم,food
8812,925 برای سوپرمارکت دادم,shopping
8813,2420 اجاره خونه پرداخت کردم,housing
8814,1860 تومن دکتر رفتم,health
8815,3462 تومن ساندویچ خوردم,food
8816,3060 تومن ساندویچ گرفتم,food
8817,3415 برای هزینه شخصی پرداخت شد,other
8818,3311 برای سوپرمارکت دادم,shopping
8819,سهم 1128 شارژ ساختمان شد,housing
8820,3638 برای کیف دادم,shopping
8821,2287 کرایه اتوبوس شد,transport
8822,4192 کرایه اتوبوس شد,transport
8823,2595 تومن خرج هزینه متفرقه کردم,other
8824,228 تومن ناهار گرفتم,food
8825,412 تومن شام گرفتم,food
8826,برای 3705 شام تومن دادم,food
8827,972 کرایه مترو شد,transport
8828,143 تومن دکتر رفتم,health
8829,سهم 4625 آب شد,housing
8830,برای 2452 بازی دادم,entertainment
8831,204 تومن خرج هزینه متفرقه کردم,other
8832,3066 خرج کافی شاپ شد,entertainment
8833,2853 تومن لباس خریدم,shopping
8834,345 برای هزینه شخصی پرداخت شد,other
8835,1579 برای لباس دادم,shopping
8836,201 خرج سینما شد,entertainment
8837,1569 تومن دکتر رفتم,health
8838,خرید 255 آزمایش تومن,health
8839,1734 تومن اتوبوس گرفتم,transport
8840,460 خرج کافی شاپ شد,entertainment
8841,سهم 4242 اجاره شد,housing
8842,سهم 2450 برق شد,housing
8843,3258 تومن اتوبوس گرفتم,transport
8844,1095 تومن خرید سوپرمارکت کردم,shopping
8845,سهم 27 شارژ ساختمان شد,housing
8846,4694 تومن پیتزا خوردم,food
8847,124 تومن پیتزا خوردم,food
8848,4966 تومن هزینه آزمایش شد,health
8849,برای 2739 شهربازی دادم,entertainment
8850,2937 تومن هزینه ویزیت شد,health
8851,خرید 457 دندانپزشک تومن,health
8852,4176 هزینه هزینه متفرقه شد,other
8853,1469 تومن شام گرفتم,food
8854,1036 برای لوازم تحریر دادم,shopping
8855,2368 تومن قبض آب دادم,housing
8856,2230 برای میوه دادم,shopping
8857,برای 4669 بازی دادم,entertainment
8858,سهم 528 اجاره شد,housing
8859,638 تومن هزینه دندانپزشک شد,health
8860,4832 برای تاکسی پرداخت کردم,transport
8861,178 تومن بیف برگر خوردم,food
8862,2826 تومن خرج کار اداری کردم,other
8863,649 تومن پیتزا خوردم,food
8864,4226 برای اسنپ پرداخت کردم,transport
8865,4792 اجاره خونه پرداخت کردم,housing
8866,سهم 4789 گاز شد,housing
8867,برای 993 کباب تومن دادم,food
8868,3141 تومن مترو گرفتم,transport
8869,2777 تومن قبض شارژ ساختمان دادم,housing
8870,خرید 2524 دندانپزشک تومن,health
8871,3570 تومن سوپرمارکت خریدم,shopping
8872,برای 4177 بازی دادم,entertainment
8873,3988 تومن قبض گاز دادم,housing
8874,1146 تومن خرج هزینه متفرقه کردم,other
8875,4320 خرج شهربازی شد,entertainment
8876,1961 خرج شهربازی شد,entertainment
8877,4547 تومن ساندویچ گرفتم,food
8878,4119 کرایه اسنپ شد,transport
8879,3693 برای هزینه متفرقه پرداخت شد,other
8880,2929 خرج کنسرت شد,entertainment
8881,سهم 2648 آب شد,housing
8882,برای 52 کافی شاپ دادم,entertainment
8883,1303 تومن قبض برق دادم,housing
8884,2030 تومن تاکسی گرفتم,transport
8885,برای 3974 صبحونه تومن دادم,food
8886,برای 3412 کافی شاپ دادم,entertainment
8887,1319 برای سوپرمارکت دادم,shopping
8888,4126 تومن هزینه دارو شد,health
8889,1820 تومن خرج هزینه شخصی کردم,other
8890,سهم 137 برق شد,housing
8891,1786 برای مترو پرداخت کردم,transport
8892,1049 تومن شام خوردم,food
8893,1121 کرایه تاکسی شد,transport
8894,985 تومن پیتزا خوردم,food
8895,سهم 358 گاز شد,housing
8896,سهم 587 گاز شد,housing
8897,3911 تومن بیف برگر گرفتم,food
8898,1723 تومن بازی رفتم,entertainment
8899,4402 کرایه مترو شد,transport
8900,برای 662 پیتزا تومن دادم,food
8901,3519 تومن دکتر رفتم,health
8902,1173 تومن ساندویچ گرفتم,food
8903,2725 تومن اسنپ گرفتم,transport
8904,993 تومن ساندویچ خوردم,food
8905,928 تومن مترو گرفتم,transport
8906,برای 860 شام تومن دادم,food
8907,1393 تومن کیف خریدم,shopping
8908,2050 تومن خرید سوپرمارکت کردم,shopping
8909,2928 تومن خرید سوپرمارکت کردم,shopping
8910,برای 3414 بیف برگر تومن دادم,food
8911,2997 تومن کباب خوردم,food
8912,برای 2027 کافی شاپ دادم,entertainment
8913,برای 3433 کنسرت دادم,entertainment
8914,4163 هزینه هزینه شخصی شد,other
8915,خرید 4980 آزمایش تومن,health
8916,278 اجاره خونه پرداخت کردم,housing
8917,1981 برای سوپرمارکت دادم,shopping
8918,3662 اجاره خونه پرداخت کردم,housing
8919,3036 تومن خرج هزینه شخصی کردم,other
8920,2028 تومن شام گرفتم,food
8921,4922 کرایه اسنپ شد,transport
8922,611 تومن هزینه دارو شد,health
8923,3062 تومن لوازم تحریر خریدم,shopping
8924,3953 اجاره خونه پرداخت کردم,housing
8925,2307 تومن دکتر رفتم,health
8926,701 تومن دکتر رفتم,health
8927,1152 تومن قبض گاز دادم,housing
8928,2546 کرایه تاکسی شد,transport
8929,1270 برای لباس دادم,shopping
8930,4986 تومن رفت و برگشت گرفتم,transport
8931,942 تومن ساندویچ گرفتم,food
8932,2909 تومن دکتر رفتم,health
8933,4973 تومن خرج هزینه شخصی کردم,other
8934,583 تومن هزینه دارو شد,health
8935,130 تومن خرید کیف کردم,shopping
8936,برای 101 بازی دادم,entertainment
8937,خرید 2527 ویزیت تومن,health
8938,4530 تومن قبض برق دادم,housing
8939,3436 تومن تاکسی گرفتم,transport
8940,3351 تومن قبض آب دادم,housing
8941,3288 کرایه اتوبوس شد,transport
8942,برای 2259 بیف برگر تومن دادم,food
8943,برای 528 سینما دادم,entertainment
8944,61 برای لباس دادم,shopping
8945,3988 تومن قبض برق دادم,housing
8946,خرید 3869 دندانپزشک تومن,health
8947,925 خرج کافی شاپ شد,entertainment
8948,992 تومن قبض گاز دادم,housing
8949,برای 1313 ناهار تومن دادم,food
8950,1300 برای کار اداری پرداخت شد,other
8951,3866 کرایه تاکسی شد,transport
8952,719 هزینه هزینه شخصی شد,other
8953,سهم 2278 اجاره شد,housing
8954,1160 تومن خرید لباس کردم,shopping
8955,سهم 702 شارژ ساختمان شد,housing
8956,929 اجاره خونه پرداخت کردم,housing
8957,3264 تومن ساندویچ خوردم,food
8958,3334 تومن هزینه آزمایش شد,health
8959,2168 تومن خرج هزینه شخصی کردم,other
8960,280 برای تاکسی پرداخت کردم,transport
8961,2539 برای اسنپ پرداخت کردم,transport
8962,4534 کرایه مترو شد,transport
8963,4652 برای هزینه متفرقه پرداخت شد,other
8964,1757 برای هزینه متفرقه پرداخت شد,other
8965,1034 تومن ناهار گرفتم,food
8966,3821 تومن خرج هزینه شخصی کردم,other
8967,1746 تومن شام خوردم,food
8968,سهم 2188 اجاره شد,housing
8969,5000 تومن قبض اجاره دادم,housing
8970,1005 تومن میوه خریدم,shopping
8971,برای 3920 شهربازی دادم,entertainment
8972,323 تومن ساندویچ گرفتم,food
8973,4111 تومن دکتر رفتم,health
8974,3533 تومن کنسرت رفتم,entertainment
8975,3406 برای هزینه شخصی پرداخت شد,other
8976,4902 خرج کنسرت شد,entertainment
8977,931 خرج شهربازی شد,entertainment
8978,3861 هزینه هزینه متفرقه شد,other
8979,269 تومن دکتر رفتم,health
8980,برای 1493 بیف برگر تومن دادم,food
8981,3135 تومن دکتر رفتم,health
8982,1764 هزینه هزینه متفرقه شد,other
8983,2978 تومن دکتر رفتم,health
8984,2215 تومن خرید میوه کردم,shopping
8985,برای 4561 شام تومن دادم,food
8986,برای 4464 سینما دادم,entertainment
8987,3530 تومن میوه خریدم,shopping
8988,سهم 2587 برق شد,housing
8989,3116 تومن خرج هزینه متفرقه کردم,other
8990,1763 تومن دکتر رفتم,health
8991,برای 1131 شام تومن دادم,food
8992,4239 تومن شهربازی رفتم,entertainment
8993,2781 تومن رفت و برگشت گرفتم,transport
8994,4491 برای هزینه متفرقه پرداخت شد,other
8995,خرید 2179 آزمایش تومن,health
8996,سهم 2646 اجاره شد,housing
8997,3139 کرایه اسنپ شد,transport
8998,3483 تومن دکتر رفتم,health
8999,110 کرایه مترو شد,transport
9000,2522 برای هزینه متفرقه پرداخت شد,other
9001,3771 برای کیف دادم,shopping
9002,3638 برای تاکسی پرداخت کردم,transport
9003,1880 تومن ناهار خوردم,food
9004,4102 برای هزینه شخصی پرداخت شد,other
9005,برای 163 کباب تومن دادم,food
9006,841 برای اتوبوس پرداخت کردم,transport
9007,4125 برای میوه دادم,shopping
9008,2931 تومن هزینه دارو شد,health
9009,359 تومن قبض گاز دادم,housing
9010,3925 تومن هزینه دندانپزشک شد,health
9011,3991 تومن میوه خریدم,shopping
9012,20 تومن قبض گاز دادم,housing
9013,3229 هزینه هزینه شخصی شد,other
9014,4727 تومن دکتر رفتم,health
9015,244 هزینه هزینه متفرقه شد,other
9016,4018 تومن خرید سوپرمارکت کردم,shopping
9017,برای 2646 سینما دادم,entertainment
9018,584 تومن خرید لباس کردم,shopping
9019,3826 هزینه هزینه شخصی شد,other
9020,2607 اجاره خونه پرداخت کردم,housing
9021,1377 تومن تاکسی گرفتم,transport
9022,2853 تومن شام خوردم,food
9023,2169 تومن خرج کار اداری کردم,other
9024,850 کرایه مترو شد,transport
9025,2870 تومن قبض آب دادم,housing
9026,1125 تومن خرج هزینه متفرقه کردم,other
9027,3227 تومن کباب گرفتم,food
9028,3160 تومن خرید لوازم تحریر کردم,shopping
9029,سهم 500 برق شد,housing
9030,برای 1588 بازی دادم,entertainment
9031,1394 تومن لباس خریدم,shopping
9032,سهم 403 برق شد,housing
9033,خرید 4761 آزمایش تومن,health
9034,1540 تومن سوپرمارکت خریدم,shopping
9035,4976 تومن هزینه آزمایش شد,health
9036,4100 برای تاکسی پرداخت کردم,transport
9037,960 تومن شهربازی رفتم,entertainment
9038,3838 هزینه کار اداری شد,other
9039,برای 3147 بازی دادم,entertainment
9040,1675 تومن کیف خریدم,shopping
9041,برای 643 ساندویچ تومن دادم,food
9042,برای 923 پیتزا تومن دادم,food
9043,خرید 3084 ویزیت تومن,health
9044,3741 تومن شهربازی رفتم,entertainment
9045,3732 تومن شام خوردم,food
9046,4120 تومن کافی شاپ رفتم,entertainment
9047,2373 تومن صبحونه خوردم,food
9048,76 خرج کنسرت شد,entertainment
9049,4066 تومن رفت و برگشت گرفتم,transport
9050,321 تومن دکتر رفتم,health
9051,4940 تومن دکتر رفتم,health
9052,1823 تومن دکتر رفتم,health
9053,4918 تومن دکتر رفتم,health
9054,3412 تومن پیتزا خوردم,food
9055,3882 تومن سوپرمارکت خریدم,shopping
9056,4670 تومن کافی شاپ رفتم,entertainment
9057,1017 برای سوپرمارکت دادم,shopping
9058,4772 تومن خرید لوازم تحریر کردم,shopping
9059,3216 تومن کافی شاپ رفتم,entertainment
9060,3093 تومن خرید میوه کردم,shopping
9061,4451 اجاره خونه پرداخت کردم,housing
9062,خرید 1147 دندانپزشک تومن,health
9063,خرید 599 ویزیت تومن,health
9064,2327 هزینه هزینه شخصی شد,other
9065,1731 تومن کافی شاپ رفتم,entertainment
9066,1957 تومن دکتر رفتم,health
9067,2969 تومن هزینه ویزیت شد,health
9068,234 تومن سینما رفتم,entertainment
9069,خرید 1883 دارو تومن,health
9070,2137 برای رفت و برگشت پرداخت کردم,transport
9071,3503 تومن خرج هزینه شخصی کردم,other
9072,3206 تومن هزینه دارو شد,health
9073,3895 تومن قبض برق دادم,housing
9074,2444 اجاره خونه پرداخت کردم,housing
9075,برای 3002 پیتزا تومن دادم,food
9076,2185 برای اسنپ پرداخت کردم,transport
9077,برای 1857 کافی شاپ دادم,entertainment
9078,2172 تومن دکتر رفتم,health
9079,1849 تومن دکتر رفتم,health
9080,2501 تومن قبض شارژ ساختمان دادم,housing
9081,4914 تومن خرج کار اداری کردم,other
9082,2367 تومن پیتزا خوردم,food
9083,سهم 2317 اجاره شد,housing
9084,1494 برای لوازم تحریر دادم,shopping
9085,1314 هزینه کار اداری شد,other
9086,خرید 4182 ویزیت تومن,health
9087,4689 اجاره خونه پرداخت کردم,housing
9088,4512 تومن کباب گرفتم,food
9089,سهم 4266 آب شد,housing
9090,2705 اجاره خونه پرداخت کردم,housing
9091,2586 تومن ناهار گرفتم,food
9092,249 تومن پیتزا گرفتم,food
9093,2994 تومن شام خوردم,food
9094,4552 تومن لوازم تحریر خریدم,shopping
9095,1289 اجاره خونه پرداخت کردم,housing
9096,907 تومن اتوبوس گرفتم,transport
9097,2927 تومن خرید لباس کردم,shopping
9098,2354 خرج بازی شد,entertainment
9099,4882 برای کیف دادم,shopping
9100,249 هزینه کار اداری شد,other
9101,3331 تومن خرید سوپرمارکت کردم,shopping
9102,3144 تومن خرید میوه کردم,shopping
9103,3785 هزینه هزینه شخصی شد,other
9104,4486 تومن تاکسی گرفتم,transport
9105,برای 3227 کنسرت دادم,entertainment
9106,2388 برای هزینه شخصی پرداخت شد,other
9107,567 هزینه هزینه متفرقه شد,other
9108,4627 تومن قبض گاز دادم,housing
9109,خرید 2724 ویزیت تومن,health
9110,354 تومن کافی شاپ رفتم,entertainment
9111,1759 تومن میوه خریدم,shopping
9112,2590 تومن قبض آب دادم,housing
9113,3862 برای لباس دادم,shopping
9114,783 تومن بیف برگر خوردم,food
9115,برای 2065 بازی دادم,entertainment
9116,برای 2651 کافی شاپ دادم,entertainment
9117,4114 برای رفت و برگشت پرداخت کردم,transport
9118,3844 برای تاکسی پرداخت کردم,transport
9119,3894 تومن خرید میوه کردم,shopping
9120,برای 3850 بازی دادم,entertainment
9121,3194 تومن اسنپ گرفتم,transport
9122,3232 تومن ساندویچ گرفتم,food
9123,3529 هزینه هزینه شخصی شد,other
9124,برای 4173 کافی شاپ دادم,entertainment
9125,392 تومن شام گرفتم,food
9126,2068 تومن خرج هزینه متفرقه کردم,other
9127,749 تومن هزینه دندانپزشک شد,health
9128,1464 اجاره خونه پرداخت کردم,housing
9129,3658 برای مترو پرداخت کردم,transport
9130,سهم 1286 اجاره شد,housing
9131,3055 تومن خرید کیف کردم,shopping
9132,2632 تومن هزینه دارو شد,health
9133,4720 برای تاکسی پرداخت کردم,transport
9134,133 تومن تاکسی گرفتم,transport
9135,579 تومن ساندویچ خوردم,food
9136,4916 برای تاکسی پرداخت کردم,transport
9137,794 تومن قبض برق دادم,housing
9138,2039 کرایه اسنپ شد,transport
9139,1151 کرایه رفت و برگشت شد,transport
9140,4793 هزینه هزینه متفرقه شد,other
9141,1811 تومن قبض آب دادم,housing
9142,3296 تومن خرج هزینه شخصی کردم,other
9143,285 تومن دکتر رفتم,health
9144,خرید 1258 دندانپزشک تومن,health
9145,1274 تومن لوازم تحریر خریدم,shopping
9146,3596 تومن پیتزا خوردم,food
9147,2257 تومن صبحونه گرفتم,food
9148,سهم 1934 برق شد,housing
9149,برای 1767 کافی شاپ دادم,entertainment
9150,3929 برای اسنپ پرداخت کردم,transport
9151,623 تومن هزینه دندانپزشک شد,health
9152,4284 تومن سوپرمارکت خریدم,shopping
9153,خرید 3744 آزمایش تومن,health
9154,2368 کرایه رفت و برگشت شد,transport
9155,1957 تومن خرید لباس کردم,shopping
9156,1260 تومن کافی شاپ رفتم,entertainment
9157,خرید 4960 دارو تومن,health
9158,برای 2927 کنسرت دادم,entertainment
9159,برای 683 پیتزا تومن دادم,food
9160,2340 تومن خرج هزینه شخصی کردم,other
9161,4207 کرایه اتوبوس شد,transport
9162,460 خرج کافی شاپ شد,entertainment
9163,خرید 1080 ویزیت تومن,health
9164,برای 943 بازی دادم,entertainment
9165,4168 تومن قبض اجاره دادم,housing
9166,1967 تومن صبحونه خوردم,food
9167,236 هزینه هزینه شخصی شد,other
9168,برای 4810 سینما دادم,entertainment
9169,4145 تومن دکتر رفتم,health
9170,4681 خرج سینما شد,entertainment
9171,4640 هزینه کار اداری شد,other
9172,4932 تومن دکتر رفتم,health
9173,3336 اجاره خونه پرداخت کردم,housing
9174,388 برای هزینه متفرقه پرداخت شد,other
9175,3731 اجاره خونه پرداخت کردم,housing
9176,4528 اجاره خونه پرداخت کردم,housing
9177,4355 هزینه کار اداری شد,other
9178,4034 اجاره خونه پرداخت کردم,housing
9179,2979 برای سوپرمارکت دادم,shopping
9180,1039 تومن قبض گاز دادم,housing
9181,4146 برای رفت و برگشت پرداخت کردم,transport
9182,2760 تومن خرج هزینه شخصی کردم,other
9183,3139 برای تاکسی پرداخت کردم,transport
9184,4492 خرج شهربازی شد,entertainment
9185,367 برای اتوبوس پرداخت کردم,transport
9186,996 برای اتوبوس پرداخت کردم,transport
9187,4564 کرایه اتوبوس شد,transport
9188,3055 برای هزینه شخصی پرداخت شد,other
9189,3468 اجاره خونه پرداخت کردم,housing
9190,2043 تومن کباب خوردم,food
9191,خرید 779 دارو تومن,health
9192,180 تومن خرید میوه کردم,shopping
9193,برای 4283 بیف برگر تومن دادم,food
9194,834 کرایه تاکسی شد,transport
9195,2560 برای تاکسی پرداخت کردم,transport
9196,4122 تومن اتوبوس گرفتم,transport
9197,برای 1706 ناهار تومن دادم,food
9198,3000 تومن خرید میوه کردم,shopping
9199,1878 اجاره خونه پرداخت کردم,housing
9200,3692 هزینه هزینه متفرقه شد,other
9201,3712 تومن صبحونه خوردم,food
9202,3176 خرج سینما شد,entertainment
9203,2827 کرایه اسنپ شد,transport
9204,2718 تومن خرج هزینه شخصی کردم,other
9205,2637 هزینه هزینه متفرقه شد,other
9206,1293 تومن صبحونه خوردم,food
9207,3349 تومن هزینه آزمایش شد,health
9208,578 تومن ناهار خوردم,food
9209,سهم 1974 شارژ ساختمان شد,housing
9210,860 اجاره خونه پرداخت کردم,housing
9211,1844 برای هزینه متفرقه پرداخت شد,other
9212,4309 خرج سینما شد,entertainment
9213,2713 اجاره خونه پرداخت کردم,housing
9214,2460 برای اتوبوس پرداخت کردم,transport
9215,3849 اجاره خونه پرداخت کردم,housing
9216,4635 تومن دکتر رفتم,health
9217,410 کرایه رفت و برگشت شد,transport
9218,4248 تومن هزینه آزمایش شد,health
9219,630 تومن کیف خریدم,shopping
9220,4603 تومن قبض اجاره دادم,housing
9221,4676 تومن لوازم تحریر خریدم,shopping
9222,2239 برای لوازم تحریر دادم,shopping
9223,2868 کرایه اسنپ شد,transport
9224,2257 تومن لباس خریدم,shopping
9225,برای 4020 ناهار تومن دادم,food
9226,1069 تومن خرج هزینه شخصی کردم,other
9227,1232 برای رفت و برگشت پرداخت کردم,transport
9228,1303 تومن بیف برگر گرفتم,food
9229,3673 تومن اتوبوس گرفتم,transport
9230,311 تومن بازی رفتم,entertainment
9231,1126 برای رفت و برگشت پرداخت کردم,transport
9232,2952 تومن بازی رفتم,entertainment
9233,2552 برای اسنپ پرداخت کردم,transport
9234,2560 کرایه مترو شد,transport
9235,3675 تومن لباس خریدم,shopping
9236,3390 تومن کیف خریدم,shopping
9237,2599 خرج شهربازی شد,entertainment
9238,54 تومن دکتر رفتم,health
9239,4871 خرج کافی شاپ شد,entertainment
9240,859 تومن شام گرفتم,food
9241,2005 تومن سینما رفتم,entertainment
9242,1037 برای هزینه شخصی پرداخت شد,other
9243,خرید 1149 دندانپزشک تومن,health
9244,1656 تومن خرج کار اداری کردم,other
9245,2081 تومن شام خوردم,food
9246,3467 تومن بیف برگر خوردم,food
9247,3147 تومن خرج کار اداری کردم,other
9248,1963 تومن صبحونه گرفتم,food
9249,برای 3660 کافی شاپ دادم,entertainment
9250,3129 تومن لوازم تحریر خریدم,shopping
9251,خرید 4825 آزمایش تومن,health
9252,280 تومن کباب گرفتم,food
9253,برای 4640 کنسرت دادم,entertainment
9254,119 تومن سوپرمارکت خریدم,shopping
9255,576 برای هزینه شخصی پرداخت شد,other
9256,سهم 3769 برق شد,housing
9257,4117 برای هزینه متفرقه پرداخت شد,other
9258,795 تومن میوه خریدم,shopping
9259,238 تومن شهربازی رفتم,entertainment
9260,1621 تومن دکتر رفتم,health
9261,3553 برای اسنپ پرداخت کردم,transport
9262,1658 تومن میوه خریدم,shopping
9263,550 تومن خرید سوپرمارکت کردم,shopping
9264,3127 تومن سینما رفتم,entertainment
9265,2643 تومن خرید لوازم تحریر کردم,shopping
9266,191 تومن هزینه دندانپزشک شد,health
9267,1609 برای میوه دادم,shopping
9268,برای 2685 بازی دادم,entertainment
9269,برای 4187 شهربازی دادم,entertainment
9270,2856 خرج سینما شد,entertainment
9271,4417 کرایه تاکسی شد,transport
9272,خرید 4628 دندانپزشک تومن,health
9273,225 خرج کنسرت شد,entertainment
9274,4043 برای اسنپ پرداخت کردم,transport
9275,1851 برای هزینه شخصی پرداخت شد,other
9276,3067 تومن دکتر رفتم,health
9277,850 کرایه اتوبوس شد,transport
9278,3950 کرایه رفت و برگشت شد,transport
9279,برای 4130 صبحونه تومن دادم,food
9280,233 تومن دکتر رفتم,health
9281,4580 تومن لباس خریدم,shopping
9282,1609 تومن اسنپ گرفتم,transport
9283,2933 هزینه کار اداری شد,other
9284,برای 1166 پیتزا تومن دادم,food
9285,برای 4198 شهربازی دادم,entertainment
9286,4200 برای کیف دادم,shopping
9287,4271 تومن بیف برگر خوردم,food
9288,خرید 1466 آزمایش تومن,health
9289,خرید 2030 آزمایش تومن,health
9290,3690 تومن کافی شاپ رفتم,entertainment
9291,4196 خرج سینما شد,entertainment
9292,2887 تومن خرج هزینه شخصی کردم,other
9293,خرید 4228 دارو تومن,health
9294,3590 تومن شهربازی رفتم,entertainment
9295,3948 تومن دکتر رفتم,health
9296,3067 تومن خرید سوپرمارکت کردم,shopping
9297,برای 4433 صبحونه تومن دادم,food
9298,4528 هزینه هزینه شخصی شد,other
9299,سهم 1186 آب شد,housing
9300,2302 تومن صبحونه خوردم,food
9301,سهم 1280 شارژ ساختمان شد,housing
9302,1871 تومن دکتر رفتم,health
9303,4054 تومن بیف برگر خوردم,food
9304,2271 تومن سوپرمارکت خریدم,shopping
9305,4277 تومن هزینه آزمایش شد,health
9306,3465 تومن خرید میوه کردم,shopping
9307,682 تومن قبض آب دادم,housing
9308,2682 برای هزینه شخصی پرداخت شد,other
9309,1878 تومن ساندویچ گرفتم,food
9310,برای 3401 بازی دادم,entertainment
9311,2246 تومن هزینه دارو شد,health
9312,2063 برای لباس دادم,shopping
9313,2887 تومن قبض شارژ ساختمان دادم,housing
9314,3375 خرج کافی شاپ شد,entertainment
9315,2096 تومن خرید کیف کردم,shopping
9316,4227 تومن دکتر رفتم,health
9317,3796 تومن رفت و برگشت گرفتم,transport
9318,4880 تومن خرج هزینه متفرقه کردم,other
9319,2519 تومن مترو گرفتم,transport
9320,916 برای هزینه متفرقه پرداخت شد,other
9321,257 تومن قبض آب دادم,housing
9322,1782 تومن خرید کیف کردم,shopping
9323,655 تومن سینما رفتم,entertainment
9324,1696 برای اتوبوس پرداخت کردم,transport
9325,3418 برای هزینه متفرقه پرداخت شد,other
9326,برای 1702 بازی دادم,entertainment
9327,2366 برای تاکسی پرداخت کردم,transport
9328,72 تومن بیف برگر خوردم,food
9329,1132 تومن ساندویچ گرفتم,food
9330,1590 کرایه تاکسی شد,transport
9331,557 تومن پیتزا گرفتم,food
9332,391 تومن سوپرمارکت خریدم,shopping
9333,برای 1678 سینما دادم,entertainment
9334,1334 اجاره خونه پرداخت کردم,housing
9335,4553 اجاره خونه پرداخت کردم,housing
9336,950 تومن اسنپ گرفتم,transport
9337,1143 برای هزینه شخصی پرداخت شد,other
9338,1475 تومن هزینه دارو شد,health
9339,4757 تومن بیف برگر خوردم,food
9340,4976 تومن پیتزا گرفتم,food
9341,4924 تومن رفت و برگشت گرفتم,transport
9342,3867 تومن قبض اجاره دادم,housing
9343,سهم 3548 گاز شد,housing
9344,923 تومن قبض برق دادم,housing
9345,سهم 4189 گاز شد,housing
9346,برای 96 شام تومن دادم,food
9347,1069 تومن هزینه آزمایش شد,health
9348,1895 کرایه اتوبوس شد,transport
9349,3963 تومن قبض آب دادم,housing
9350,2742 تومن میوه خریدم,shopping
9351,4426 برای هزینه شخصی پرداخت شد,other
9352,برای 3443 سینما دادم,entertainment
9353,3377 تومن مترو گرفتم,transport
9354,برای 873 صبحونه تومن دادم,food
9355,572 تومن کنسرت رفتم,entertainment
9356,برای 3928 سینما دادم,entertainment
9357,سهم 1225 آب شد,housing
9358,3588 تومن خرج هزینه متفرقه کردم,other
9359,1789 برای میوه دادم,shopping
9360,514 خرج شهربازی شد,entertainment
9361,3090 اجاره خونه پرداخت کردم,housing
9362,316 تومن کافی شاپ رفتم,entertainment
9363,4744 کرایه اسنپ شد,transport
9364,2986 تومن اتوبوس گرفتم,transport
9365,4877 هزینه هزینه شخصی شد,other
9366,673 تومن بیف برگر گرفتم,food
9367,3641 هزینه هزینه متفرقه شد,other
9368,3288 تومن هزینه دندانپزشک شد,health
9369,4981 تومن ناهار گرفتم,food
9370,4652 تومن قبض آب دادم,housing
9371,سهم 4237 شارژ ساختمان شد,housing
9372,2088 تومن تاکسی گرفتم,transport
9373,1178 تومن خرج کار اداری کردم,other
9374,3471 تومن خرج هزینه شخصی کردم,other
9375,3285 تومن میوه خریدم,shopping
9376,برای 3485 پیتزا تومن دادم,food
9377,4753 تومن کنسرت رفتم,entertainment
9378,3592 تومن هزینه آزمایش شد,health
9379,598 اجاره خونه پرداخت کردم,housing
9380,2073 تومن مترو گرفتم,transport
9381,3483 برای کیف دادم,shopping
9382,3014 اجاره خونه پرداخت کردم,housing
9383,سهم 565 آب شد,housing
9384,2542 تومن دکتر رفتم,health
9385,برای 3613 کافی شاپ دادم,entertainment
9386,3976 تومن ساندویچ گرفتم,food
9387,خرید 2135 آزمایش تومن,health
9388,885 تومن خرج هزینه متفرقه کردم,other
9389,3369 اجاره خونه پرداخت کردم,housing
9390,2341 تومن تاکسی گرفتم,transport
9391,برای 1621 شام تومن دادم,food
9392,2188 تومن ساندویچ گرفتم,food
9393,2589 تومن خرید سوپرمارکت کردم,shopping
9394,4573 خرج کافی شاپ شد,entertainment
9395,برای 2455 صبحونه تومن دادم,food
9396,خرید 3453 دارو تومن,health
9397,3343 تومن دکتر رفتم,health
9398,2115 تومن خرج کار اداری کردم,other
9399,4320 برای کار اداری پرداخت شد,other
9400,934 تومن کافی شاپ رفتم,entertainment
9401,2632 کرایه تاکسی شد,transport
9402,برای 1259 سینما دادم,entertainment
9403,2588 کرایه مترو شد,transport
9404,3289 تومن هزینه دارو شد,health
9405,4189 تومن خرج هزینه متفرقه کردم,other
9406,2850 تومن قبض آب دادم,housing
9407,برای 3497 کافی شاپ دادم,entertainment
9408,2247 تومن دکتر رفتم,health
9409,2183 اجاره خونه پرداخت کردم,housing
9410,4097 تومن کنسرت رفتم,entertainment
9411,4529 خرج شهربازی شد,entertainment
9412,3403 تومن کنسرت رفتم,entertainment
9413,2228 کرایه رفت و برگشت شد,transport
9414,1285 تومن سوپرمارکت خریدم,shopping
9415,2291 برای میوه دادم,shopping
9416,1241 تومن خرج هزینه متفرقه کردم,other
9417,1692 تومن خرید میوه کردم,shopping
9418,2015 تومن بیف برگر خوردم,food
9419,638 تومن خرج کار اداری کردم,other
9420,برای 3440 کنسرت دادم,entertainment
9421,3704 برای میوه دادم,shopping
9422,2335 تومن سوپرمارکت خریدم,shopping
9423,خرید 1366 ویزیت تومن,health
9424,3469 تومن کنسرت رفتم,entertainment
9425,4394 تومن خرید سوپرمارکت کردم,shopping
9426,3571 اجاره خونه پرداخت کردم,housing
9427,3741 تومن دکتر رفتم,health
9428,364 تومن بیف برگر گرفتم,food
9429,خرید 1363 آزمایش تومن,health
9430,4545 تومن خرید میوه کردم,shopping
9431,48 خرج سینما شد,entertainment
9432,4579 تومن خرج هزینه متفرقه کردم,other
9433,715 تومن خرید کیف کردم,shopping
9434,برای 3409 سینما دادم,entertainment
9435,1845 تومن خرج هزینه شخصی کردم,other
9436,724 تومن لوازم تحریر خریدم,shopping
9437,سهم 285 آب شد,housing
9438,2548 تومن سوپرمارکت خریدم,shopping
9439,2237 برای تاکسی پرداخت کردم,transport
9440,2438 کرایه اتوبوس شد,transport
9441,4833 برای لوازم تحریر دادم,shopping
9442,215 تومن دکتر رفتم,health
9443,3561 تومن شهربازی رفتم,entertainment
9444,3525 خرج بازی شد,entertainment
9445,برای 3949 شام تومن دادم,food
9446,سهم 725 اجاره شد,housing
9447,برای 2959 کنسرت دادم,entertainment
9448,4301 تومن ناهار خوردم,food
9449,3576 تومن قبض اجاره دادم,housing
9450,4517 تومن خرج هزینه متفرقه کردم,other
9451,1956 برای کار اداری پرداخت شد,other
9452,404 برای اتوبوس پرداخت کردم,transport
9453,1139 تومن بازی رفتم,entertainment
9454,834 برای رفت و برگشت پرداخت کردم,transport
9455,2142 تومن خرج هزینه متفرقه کردم,other
9456,3596 برای مترو پرداخت کردم,transport
9457,خرید 4627 آزمایش تومن,health
9458,2169 تومن هزینه آزمایش شد,health
9459,4608 کرایه اتوبوس شد,transport
9460,2975 برای لباس دادم,shopping
9461,2147 تومن کباب گرفتم,food
9462,4249 هزینه هزینه شخصی شد,other
9463,سهم 2448 برق شد,housing
9464,خرید 2025 آزمایش تومن,health
9465,439 تومن ناهار خوردم,food
9466,برای 3813 سینما دادم,entertainment
9467,3887 تومن سوپرمارکت خریدم,shopping
9468,2963 تومن ناهار گرفتم,food
9469,3886 هزینه هزینه متفرقه شد,other
9470,929 اجاره خونه پرداخت کردم,housing
9471,2163 برای هزینه متفرقه پرداخت شد,other
9472,3967 تومن کنسرت رفتم,entertainment
9473,خرید 928 دندانپزشک تومن,health
9474,3152 تومن کیف خریدم,shopping
9475,1727 تومن کباب خوردم,food
9476,69 تومن کباب گرفتم,food
9477,1780 تومن میوه خریدم,shopping
9478,4372 اجاره خونه پرداخت کردم,housing
9479,سهم 3102 گاز شد,housing
9480,1909 تومن قبض شارژ ساختمان دادم,housing
9481,1361 کرایه رفت و برگشت شد,transport
9482,2303 تومن هزینه آزمایش شد,health
9483,4559 برای هزینه شخصی پرداخت شد,other
9484,3157 خرج سینما شد,entertainment
9485,4700 تومن سوپرمارکت خریدم,shopping
9486,2555 تومن صبحونه خوردم,food
9487,2485 تومن هزینه دندانپزشک شد,health
9488,3172 تومن دکتر رفتم,health
9489,خرید 1537 ویزیت تومن,health
9490,896 تومن شهربازی رفتم,entertainment
9491,39 تومن سینما رفتم,entertainment
9492,3333 تومن قبض شارژ ساختمان دادم,housing
9493,2695 تومن قبض گاز دادم,housing
9494,4317 خرج بازی شد,entertainment
9495,1312 تومن پیتزا خوردم,food
9496,خرید 116 دارو تومن,health
9497,1155 خرج کافی شاپ شد,entertainment
9498,3330 تومن خرج کار اداری کردم,other
9499,4430 تومن اسنپ گرفتم,transport
9500,2404 هزینه کار اداری شد,other
9501,1570 تومن کباب خوردم,food
9502,4728 اجاره خونه پرداخت کردم,housing
9503,خرید 4111 دارو تومن,health
9504,744 تومن خرید لباس کردم,shopping
9505,2978 تومن دکتر رفتم,health
9506,411 تومن کباب خوردم,food
9507,372 تومن هزینه ویزیت شد,health
9508,904 اجاره خونه پرداخت کردم,housing
9509,2393 تومن دکتر رفتم,health
9510,2232 هزینه هزینه متفرقه شد,other
9511,374 تومن خرید کیف کردم,shopping
9512,برای 2419 شهربازی دادم,entertainment
9513,برای 1737 ناهار تومن دادم,food
9514,3678 اجاره خونه پرداخت کردم,housing
9515,327 تومن بیف برگر خوردم,food
9516,4080 هزینه کار اداری شد,other
9517,4986 برای هزینه شخصی پرداخت شد,other
9518,224 تومن کافی شاپ رفتم,entertainment
9519,4590 هزینه هزینه شخصی شد,other
9520,2700 تومن لباس خریدم,shopping
9521,3783 برای تاکسی پرداخت کردم,transport
9522,760 تومن هزینه دارو شد,health
9523,1218 تومن بازی رفتم,entertainment
9524,2610 تومن هزینه ویزیت شد,health
9525,3129 تومن قبض گاز دادم,housing
9526,3810 هزینه کار اداری شد,other
9527,23 برای میوه دادم,shopping
9528,2036 تومن اتوبوس گرفتم,transport
9529,2006 برای سوپرمارکت دادم,shopping
9530,3102 برای هزینه شخصی پرداخت شد,other
9531,107 تومن دکتر رفتم,health
9532,برای 1374 بیف برگر تومن دادم,food
9533,3628 برای کیف دادم,shopping
9534,391 هزینه کار اداری شد,other
9535,3066 تومن لوازم تحریر خریدم,shopping
9536,3460 تومن صبحونه خوردم,food
9537,2527 برای کار اداری پرداخت شد,other
9538,خرید 597 ویزیت تومن,health
9539,1027 تومن قبض آب دادم,housing
9540,2685 خرج کنسرت شد,entertainment
9541,3815 اجاره خونه پرداخت کردم,housing
9542,3830 خرج کافی شاپ شد,entertainment
9543,1300 برای کار اداری پرداخت شد,other
9544,632 تومن بیف برگر گرفتم,food
9545,4549 تومن شهربازی رفتم,entertainment
9546,248 تومن سینما رفتم,entertainment
9547,676 تومن خرج کار اداری کردم,other
9548,2650 تومن مترو گرفتم,transport
9549,751 تومن خرید سوپرمارکت کردم,shopping
9550,3035 تومن خرج هزینه شخصی کردم,other
9551,2679 کرایه اسنپ شد,transport
9552,1061 تومن دکتر رفتم,health
9553,3509 کرایه اسنپ شد,transport
9554,4436 برای هزینه شخصی پرداخت شد,other
9555,3467 تومن میوه خریدم,shopping
9556,177 تومن تاکسی گرفتم,transport
9557,2546 برای تاکسی پرداخت کردم,transport
9558,3132 تومن هزینه آزمایش شد,health
9559,703 خرج کنسرت شد,entertainment
9560,255 برای میوه دادم,shopping
9561,2253 تومن دکتر رفتم,health
9562,2397 خرج سینما شد,entertainment
9563,2891 تومن صبحونه خوردم,food
9564,4602 هزینه هزینه شخصی شد,other
9565,برای 2749 شهربازی دادم,entertainment
9566,4462 تومن ساندویچ گرفتم,food
9567,2274 تومن صبحونه خوردم,food
9568,4112 تومن اتوبوس گرفتم,transport
9569,برای 2949 صبحونه تومن دادم,food
9570,3955 کرایه اتوبوس شد,transport
9571,2294 تومن تاکسی گرفتم,transport
9572,2658 کرایه مترو شد,transport
9573,2794 تومن هزینه دارو شد,health
9574,2572 تومن ناهار خوردم,food
9575,4306 تومن کنسرت رفتم,entertainment
9576,4190 خرج سینما شد,entertainment
9577,4665 تومن دکتر رفتم,health
9578,برای 2151 کافی شاپ دادم,entertainment
9579,89 تومن خرج هزینه متفرقه کردم,other
9580,3633 برای رفت و برگشت پرداخت کردم,transport
9581,4341 خرج کافی شاپ شد,entertainment
9582,218 تومن بیف برگر گرفتم,food
9583,846 کرایه رفت و برگشت شد,transport
9584,3281 تومن لوازم تحریر خریدم,shopping
9585,2379 تومن هزینه دندانپزشک شد,health
9586,خرید 2295 دارو تومن,health
9587,2672 هزینه کار اداری شد,other
9588,برای 1855 بازی دادم,entertainment
9589,1269 برای لوازم تحریر دادم,shopping
9590,خرید 3548 ویزیت تومن,health
9591,خرید 2817 دارو تومن,health
9592,1906 تومن دکتر رفتم,health
9593,1233 کرایه تاکسی شد,transport
9594,4434 کرایه اتوبوس شد,transport
9595,2573 اجاره خونه پرداخت کردم,housing
9596,879 تومن سینما رفتم,entertainment
9597,144 تومن خرج هزینه متفرقه کردم,other
9598,1675 تومن رفت و برگشت گرفتم,transport
9599,1413 تومن پیتزا گرفتم,food
9600,3259 تومن شام گرفتم,food
9601,1583 تومن خرید لوازم تحریر کردم,shopping
9602,1160 برای هزینه شخصی پرداخت شد,other
9603,3047 تومن اسنپ گرفتم,transport
9604,4936 تومن خرید کیف کردم,shopping
9605,4566 تومن خرج هزینه شخصی کردم,other
9606,3371 هزینه هزینه شخصی شد,other
9607,4537 برای سوپرمارکت دادم,shopping
9608,برای 3780 شهربازی دادم,entertainment
9609,1508 تومن دکتر رفتم,health
9610,2114 تومن مترو گرفتم,transport
9611,705 تومن بیف برگر گرفتم,food
9612,1993 تومن خرید لباس کردم,shopping
9613,4791 تومن شام خوردم,food
9614,1326 تومن قبض برق دادم,housing
9615,852 خرج شهربازی شد,entertainment
9616,2133 تومن شهربازی رفتم,entertainment
9617,4350 کرایه اسنپ شد,transport
9618,برای 2141 صبحونه تومن دادم,food
9619,4471 تومن شام خوردم,food
9620,برای 3964 بازی دادم,entertainment
9621,2941 تومن مترو گرفتم,transport
9622,573 اجاره خونه پرداخت کردم,housing
9623,359 اجاره خونه پرداخت کردم,housing
9624,969 تومن ساندویچ خوردم,food
9625,1373 خرج بازی شد,entertainment
9626,1439 برای هزینه متفرقه پرداخت شد,other
9627,1004 تومن خرج هزینه متفرقه کردم,other
9628,94 تومن دکتر رفتم,health
9629,4643 تومن دکتر رفتم,health
9630,برای 3382 کنسرت دادم,entertainment
9631,2161 برای اتوبوس پرداخت کردم,transport
9632,3095 خرج بازی شد,entertainment
9633,4397 تومن قبض شارژ ساختمان دادم,housing
9634,4265 تومن اسنپ گرفتم,transport
9635,2367 هزینه هزینه متفرقه شد,other
9636,1116 تومن کافی شاپ رفتم,entertainment
9637,373 تومن کافی شاپ رفتم,entertainment
9638,4378 تومن دکتر رفتم,health
9639,275 تومن دکتر رفتم,health
9640,1071 کرایه مترو شد,transport
9641,120 تومن قبض شارژ ساختمان دادم,housing
9642,431 برای لباس دادم,shopping
9643,برای 2682 کنسرت دادم,entertainment
9644,826 برای کار اداری پرداخت شد,other
9645,2185 تومن قبض آب دادم,housing
9646,2118 تومن قبض شارژ ساختمان دادم,housing
9647,3754 برای کار اداری پرداخت شد,other
9648,4482 هزینه کار اداری شد,other
9649,1815 تومن دکتر رفتم,health
9650,خرید 4736 ویزیت تومن,health
9651,3246 تومن خرید لباس کردم,shopping
9652,1612 تومن کباب گرفتم,food
9653,4013 تومن قبض برق دادم,housing
9654,سهم 1669 اجاره شد,housing
9655,2423 تومن لوازم تحریر خریدم,shopping
9656,برای 1589 صبحونه تومن دادم,food
9657,4960 تومن تاکسی گرفتم,transport
9658,712 تومن هزینه دندانپزشک شد,health
9659,4355 برای هزینه متفرقه پرداخت شد,other
9660,1770 برای لوازم تحریر دادم,shopping
9661,1103 تومن بیف برگر گرفتم,food
9662,خرید 2453 دارو تومن,health
9663,1118 تومن هزینه دندانپزشک شد,health
9664,4868 اجاره خونه پرداخت کردم,housing
9665,برای 4350 بیف برگر تومن دادم,food
9666,4063 تومن لوازم تحریر خریدم,shopping
9667,1184 هزینه هزینه متفرقه شد,other
9668,4477 تومن خرید میوه کردم,shopping
9669,429 تومن کباب خوردم,food
9670,630 تومن سینما رفتم,entertainment
9671,4881 تومن میوه خریدم,shopping
9672,2977 تومن خرج کار اداری کردم,other
9673,1601 تومن بازی رفتم,entertainment
9674,2458 تومن خرج کار اداری کردم,other
9675,خرید 2090 ویزیت تومن,health
9676,سهم 4864 اجاره شد,housing
9677,سهم 2543 اجاره شد,housing
9678,4519 تومن لباس خریدم,shopping
9679,2587 هزینه کار اداری شد,other
9680,494 تومن اسنپ گرفتم,transport
9681,710 تومن خرج هزینه شخصی کردم,other
9682,1553 کرایه تاکسی شد,transport
9683,3740 تومن مترو گرفتم,transport
9684,643 خرج کافی شاپ شد,entertainment
9685,4413 برای کیف دادم,shopping
9686,1672 برای تاکسی پرداخت کردم,transport
9687,خرید 1083 دندانپزشک تومن,health
9688,4736 تومن شام گرفتم,food
9689,2379 تومن دکتر رفتم,health
9690,2779 تومن پیتزا خوردم,food
9691,برای 1179 بازی دادم,entertainment
9692,4634 تومن میوه خریدم,shopping
9693,برای 3018 شام تومن دادم,food
9694,442 تومن خرید میوه کردم,shopping
9695,1310 تومن بازی رفتم,entertainment
9696,سهم 4080 شارژ ساختمان شد,housing
9697,1507 تومن پیتزا گرفتم,food
9698,4394 تومن بازی رفتم,entertainment
9699,برای 229 کافی شاپ دادم,entertainment
9700,1358 تومن دکتر رفتم,health
9701,960 تومن بازی رفتم,entertainment
9702,3199 هزینه کار اداری شد,other
9703,4452 تومن هزینه ویزیت شد,health
9704,2967 تومن ساندویچ گرفتم,food
9705,1622 هزینه کار اداری شد,other
9706,4115 برای سوپرمارکت دادم,shopping
9707,برای 3741 بیف برگر تومن دادم,food
9708,3223 برای سوپرمارکت دادم,shopping
9709,1027 کرایه تاکسی شد,transport
9710,1854 تومن دکتر رفتم,health
9711,32 برای اتوبوس پرداخت کردم,transport
9712,سهم 677 شارژ ساختمان شد,housing
9713,1596 هزینه هزینه متفرقه شد,other
9714,3493 تومن خرج هزینه متفرقه کردم,other
9715,1702 تومن شام گرفتم,food
9716,برای 344 بازی دادم,entertainment
9717,2071 برای میوه دادم,shopping
9718,برای 3226 سینما دادم,entertainment
9719,738 تومن قبض آب دادم,housing
9720,146 خرج بازی شد,entertainment
9721,508 هزینه هزینه شخصی شد,other
9722,2016 خرج شهربازی شد,entertainment
9723,4647 کرایه تاکسی شد,transport
9724,2961 برای هزینه شخصی پرداخت شد,other
9725,خرید 2248 دندانپزشک تومن,health
9726,خرید 4538 ویزیت تومن,health
9727,1550 تومن صبحونه گرفتم,food
9728,3398 خرج بازی شد,entertainment
9729,151 تومن هزینه ویزیت شد,health
9730,2179 کرایه رفت و برگشت شد,transport
9731,برای 904 صبحونه تومن دادم,food
9732,برای 1313 شام تومن دادم,food
9733,1994 تومن خرید میوه کردم,shopping
9734,2375 تومن هزینه ویزیت شد,health
9735,برای 4640 پیتزا تومن دادم,food
9736,352 هزینه کار اداری شد,other
9737,برای 467 پیتزا تومن دادم,food
9738,سهم 2788 برق شد,housing
9739,خرید 1925 دارو تومن,health
9740,4738 برای لوازم تحریر دادم,shopping
9741,1525 تومن تاکسی گرفتم,transport
9742,1776 تومن بیف برگر گرفتم,food
9743,2988 تومن خرج هزینه متفرقه کردم,other
9744,1796 برای هزینه متفرقه پرداخت شد,other
9745,4891 برای میوه دادم,shopping
9746,655 اجاره خونه پرداخت کردم,housing
9747,2826 تومن خرید سوپرمارکت کردم,shopping
9748,1362 برای تاکسی پرداخت کردم,transport
9749,3776 اجاره خونه پرداخت کردم,housing
9750,1553 تومن اتوبوس گرفتم,transport
9751,1814 تومن شام گرفتم,food
9752,3195 کرایه تاکسی شد,transport
9753,4478 تومن سوپرمارکت خریدم,shopping
9754,2091 کرایه رفت و برگشت شد,transport
9755,3990 برای سوپرمارکت دادم,shopping
9756,4633 تومن مترو گرفتم,transport
9757,برای 4116 بیف برگر تومن دادم,food
9758,خرید 360 آزمایش تومن,health
9759,2458 تومن خرید سوپرمارکت کردم,shopping
9760,2939 تومن هزینه ویزیت شد,health
9761,3124 هزینه هزینه شخصی شد,other
9762,2525 تومن شام خوردم,food
9763,سهم 2466 گاز شد,housing
9764,خرید 1947 دندانپزشک تومن,health
9765,2519 خرج سینما شد,entertainment
9766,برای 1672 ناهار تومن دادم,food
9767,3298 برای هزینه متفرقه پرداخت شد,other
9768,سهم 1398 اجاره شد,housing
9769,247 اجاره خونه پرداخت کردم,housing
9770,4943 برای تاکسی پرداخت کردم,transport
9771,سهم 3083 آب شد,housing
9772,4506 تومن قبض برق دادم,housing
9773,2900 تومن خرج هزینه شخصی کردم,other
9774,1205 کرایه اتوبوس شد,transport
9775,1117 تومن هزینه آزمایش شد,health
9776,4004 تومن خرج هزینه متفرقه کردم,other
9777,2011 تومن سینما رفتم,entertainment
9778,2360 تومن هزینه ویزیت شد,health
9779,2235 هزینه هزینه متفرقه شد,other
9780,برای 4345 کافی شاپ دادم,entertainment
9781,2111 برای اتوبوس پرداخت کردم,transport
9782,4871 تومن لوازم تحریر خریدم,shopping
9783,4630 تومن صبحونه گرفتم,food
9784,4263 تومن بیف برگر خوردم,food
9785,4817 برای هزینه متفرقه پرداخت شد,other
9786,1909 برای اتوبوس پرداخت کردم,transport
9787,800 تومن ناهار خوردم,food
9788,برای 3685 صبحونه تومن دادم,food
9789,2127 کرایه مترو شد,transport
9790,برای 151 کنسرت دادم,entertainment
9791,برای 1287 شهربازی دادم,entertainment
9792,88 تومن هزینه دارو شد,health
9793,2893 تومن کیف خریدم,shopping
9794,3013 کرایه رفت و برگشت شد,transport
9795,3273 تومن سینما رفتم,entertainment
9796,4870 خرج شهربازی شد,entertainment
9797,1880 تومن مترو گرفتم,transport
9798,سهم 2549 آب شد,housing
9799,530 خرج کنسرت شد,entertainment
9800,2447 تومن خرید لوازم تحریر کردم,shopping
9801,3877 کرایه مترو شد,transport
9802,690 اجاره خونه پرداخت کردم,housing
9803,4245 برای هزینه متفرقه پرداخت شد,other
9804,381 تومن مترو گرفتم,transport
9805,3691 اجاره خونه پرداخت کردم,housing
9806,3731 تومن خرید سوپرمارکت کردم,shopping
9807,4767 تومن خرج هزینه متفرقه کردم,other
9808,106 تومن خرج هزینه متفرقه کردم,other
9809,3135 تومن خرید لباس کردم,shopping
9810,2294 تومن خرید سوپرمارکت کردم,shopping
9811,4576 تومن خرج کار اداری کردم,other
9812,1721 کرایه اسنپ شد,transport
9813,3265 تومن کنسرت رفتم,entertainment
9814,3932 هزینه کار اداری شد,other
9815,21 تومن صبحونه خوردم,food
9816,359 کرایه رفت و برگشت شد,transport
9817,3486 تومن هزینه ویزیت شد,health
9818,4798 تومن کیف خریدم,shopping
9819,برای 3007 شهربازی دادم,entertainment
9820,2463 کرایه رفت و برگشت شد,transport
9821,1599 تومن پیتزا خوردم,food
9822,3226 تومن لباس خریدم,shopping
9823,2811 برای هزینه متفرقه پرداخت شد,other
9824,1277 تومن ساندویچ گرفتم,food
9825,1925 کرایه اتوبوس شد,transport
9826,4046 اجاره خونه پرداخت کردم,housing
9827,4170 تومن خرج کار اداری کردم,other
9828,1010 برای کار اداری پرداخت شد,other
9829,4336 برای لباس دادم,shopping
9830,3890 برای اتوبوس پرداخت کردم,transport
9831,1553 خرج شهربازی شد,entertainment
9832,3033 خرج سینما شد,entertainment
9833,برای 4259 ناهار تومن دادم,food
9834,3221 برای اسنپ پرداخت کردم,transport
9835,4819 خرج کنسرت شد,entertainment
9836,1804 تومن هزینه ویزیت شد,health
9837,1171 خرج کافی شاپ شد,entertainment
9838,3435 اجاره خونه پرداخت کردم,housing
9839,2780 تومن قبض برق دادم,housing
9840,356 تومن دکتر رفتم,health
9841,برای 3968 سینما دادم,entertainment
9842,برای 1209 صبحونه تومن دادم,food
9843,499 تومن صبحونه خوردم,food
9844,4090 تومن کافی شاپ رفتم,entertainment
9845,2742 خرج شهربازی شد,entertainment
9846,برای 2569 کباب تومن دادم,food
9847,4262 اجاره خونه پرداخت کردم,housing
9848,465 تومن کباب خوردم,food
9849,خرید 666 آزمایش تومن,health
9850,برای 1018 بازی دادم,entertainment
9851,1603 تومن لباس خریدم,shopping
9852,سهم 2221 اجاره شد,housing
9853,4540 تومن صبحونه خوردم,food
9854,3030 تومن میوه خریدم,shopping
9855,برای 2493 ساندویچ تومن دادم,food
9856,2926 تومن بیف برگر خوردم,food
9857,2643 تومن هزینه دندانپزشک شد,health
9858,896 تومن بیف برگر گرفتم,food
9859,1759 برای لباس دادم,shopping
9860,3908 تومن دکتر رفتم,health
9861,2203 اجاره خونه پرداخت کردم,housing
9862,1745 برای هزینه شخصی پرداخت شد,other
9863,3984 تومن خرید لباس کردم,shopping
9864,4675 اجاره خونه پرداخت کردم,housing
9865,برای 554 ناهار تومن دادم,food
9866,1655 تومن هزینه ویزیت شد,health
9867,2298 تومن تاکسی گرفتم,transport
9868,4833 تومن شهربازی رفتم,entertainment
9869,2599 تومن قبض برق دادم,housing
9870,3769 تومن خرج هزینه شخصی کردم,other
9871,2930 تومن خرید لباس کردم,shopping
9872,793 برای میوه دادم,shopping
9873,885 اجاره خونه پرداخت کردم,housing
9874,برای 3679 شهربازی دادم,entertainment
9875,برای 506 شهربازی دادم,entertainment
9876,سهم 2993 شارژ ساختمان شد,housing
9877,3267 تومن قبض آب دادم,housing
9878,سهم 2770 گاز شد,housing
9879,2912 تومن کباب گرفتم,food
9880,2762 تومن خرید کیف کردم,shopping
9881,2478 تومن میوه خریدم,shopping
9882,909 تومن هزینه ویزیت شد,health
9883,3446 تومن خرج هزینه متفرقه کردم,other
9884,4460 تومن پیتزا خوردم,food
9885,2170 تومن ناهار خوردم,food
9886,1101 تومن میوه خریدم,shopping
9887,2812 خرج کنسرت شد,entertainment
9888,708 هزینه هزینه شخصی شد,other
9889,خرید 432 ویزیت تومن,health
9890,2716 تومن دکتر رفتم,health
9891,2621 برای تاکسی پرداخت کردم,transport
9892,خرید 4721 دارو تومن,health
9893,998 تومن شهربازی رفتم,entertainment
9894,خرید 828 دارو تومن,health
9895,1408 برای لباس دادم,shopping
9896,3663 برای هزینه متفرقه پرداخت شد,other
9897,3128 اجاره خونه پرداخت کردم,housing
9898,3870 تومن ناهار خوردم,food
9899,1004 تومن هزینه دندانپزشک شد,health
9900,2219 تومن قبض گاز دادم,housing
9901,1032 تومن هزینه آزمایش شد,health
9902,1654 برای اسنپ پرداخت کردم,transport
9903,944 تومن ناهار گرفتم,food
9904,795 تومن هزینه ویزیت شد,health
9905,برای 4520 ناهار تومن دادم,food
9906,2790 تومن خرج هزینه شخصی کردم,other
9907,933 اجاره خونه پرداخت کردم,housing
9908,3058 تومن ناهار گرفتم,food
9909,3595 برای رفت و برگشت پرداخت کردم,transport
9910,4143 تومن سینما رفتم,entertainment
9911,2267 برای کار اداری پرداخت شد,other
9912,3932 تومن لباس خریدم,shopping
9913,2819 تومن هزینه دارو شد,health
9914,3854 برای تاکسی پرداخت کردم,transport
9915,1483 تومن خرید لوازم تحریر کردم,shopping
9916,247 تومن دکتر رفتم,health
9917,برای 1118 کنسرت دادم,entertainment
9918,248 اجاره خونه پرداخت کردم,housing
9919,4266 هزینه هزینه شخصی شد,other
9920,3453 تومن کباب خوردم,food
9921,2685 تومن شام گرفتم,food
9922,524 تومن دکتر رفتم,health
9923,964 برای مترو پرداخت کردم,transport
9924,برای 3766 کنسرت دادم,entertainment
9925,2567 برای هزینه شخصی پرداخت شد,other
9926,2007 تومن شام خوردم,food
9927,1612 خرج بازی شد,entertainment
9928,2691 کرایه رفت و برگشت شد,transport
9929,سهم 853 برق شد,housing
9930,4289 برای هزینه متفرقه پرداخت شد,other
9931,برای 307 کنسرت دادم,entertainment
9932,1713 برای هزینه متفرقه پرداخت شد,other
9933,2753 تومن خرید کیف کردم,shopping
9934,سهم 741 گاز شد,housing
9935,2146 کرایه تاکسی شد,transport
9936,397 برای رفت و برگشت پرداخت کردم,transport
9937,717 هزینه کار اداری شد,other
9938,3459 تومن قبض شارژ ساختمان دادم,housing
9939,برای 3690 بازی دادم,entertainment
9940,برای 4447 صبحونه تومن دادم,food
9941,190 تومن خرج هزینه متفرقه کردم,other
9942,3031 برای مترو پرداخت کردم,transport
9943,733 برای لباس دادم,shopping
9944,برای 1983 کباب تومن دادم,food
9945,1569 تومن کباب خوردم,food
9946,2340 برای اتوبوس پرداخت کردم,transport
9947,سهم 1166 برق شد,housing
9948,529 تومن اتوبوس گرفتم,transport
9949,خرید 463 آزمایش تومن,health
9950,2845 تومن میوه خریدم,shopping
9951,برای 1605 کنسرت دادم,entertainment
9952,2622 تومن قبض آب دادم,housing
9953,2714 تومن قبض شارژ ساختمان دادم,housing
9954,713 تومن خرید سوپرمارکت کردم,shopping
9955,4321 تومن دکتر رفتم,health
9956,2154 کرایه تاکسی شد,transport
9957,295 تومن قبض اجاره دادم,housing
9958,3835 تومن ناهار گرفتم,food
9959,3703 برای رفت و برگشت پرداخت کردم,transport
9960,2379 هزینه هزینه متفرقه شد,other
9961,برای 3276 شام تومن دادم,food
9962,640 تومن دکتر رفتم,health
9963,3011 کرایه اسنپ شد,transport
9964,4109 اجاره خونه پرداخت کردم,housing
9965,خرید 4238 دندانپزشک تومن,health
9966,برای 2829 صبحونه تومن دادم,food
9967,2091 تومن دکتر رفتم,health
9968,4350 تومن خرید لوازم تحریر کردم,shopping
9969,1445 اجاره خونه پرداخت کردم,housing
9970,4398 اجاره خونه پرداخت کردم,housing
9971,320 تومن کافی شاپ رفتم,entertainment
9972,2348 برای کار اداری پرداخت شد,other
9973,4144 تومن خرید لوازم تحریر کردم,shopping
9974,برای 3158 ناهار تومن دادم,food
9975,4548 تومن ساندویچ خوردم,food
9976,2797 برای کار اداری پرداخت شد,other
9977,3016 هزینه هزینه متفرقه شد,other
9978,4830 تومن خرج کار اداری کردم,other
9979,سهم 4029 آب شد,housing
9980,2621 برای میوه دادم,shopping
9981,399 تومن شام گرفتم,food
9982,3443 تومن لوازم تحریر خریدم,shopping
9983,خرید 4963 دارو تومن,health
9984,سهم 1330 گاز شد,housing
9985,سهم 3493 برق شد,housing
9986,3075 تومن کباب گرفتم,food
9987,2020 برای تاکسی پرداخت کردم,transport
9988,سهم 4679 اجاره شد,housing
9989,3781 تومن خرج کار اداری کردم,other
9990,218 برای میوه دادم,shopping
9991,4294 تومن تاکسی گرفتم,transport
9992,3624 تومن کیف خریدم,shopping
9993,3010 خرج سینما شد,entertainment
9994,4582 تومن هزینه دندانپزشک شد,health
9995,سهم 1680 گاز شد,housing
9996,96 برای سوپرمارکت دادم,shopping
9997,2192 اجاره خونه پرداخت کردم,housing
9998,خرید 1091 دارو تومن,health
9999,2102 تومن خرج هزینه متفرقه کردم,other
10000,4448 برای کیف دادم,shopping
